manuscript_section,reported_result,input_file,output_record,script,software,output_sha256,output_bytes,script_sha256
2.1,Source-collection triage counts,data/Library_provenance_full.csv,data/Library_provenance_summary.json,src/library_provenance.py,Python (open),dbcfd459f9571b96af8bad656c22c50cd4d078fcdeb220dd500d65256553cb95,552,4c5208cb4581841502c2ad5cbab9f8441ac208fbf874770643f09275ccc01245
2.1,Open descriptors for the 185 retained parents,data/Retained_185.sdf,data/Library_descriptors.csv,src/library_descriptors.py,Python (open),fec3c9398f9cd3228137a790dfdd47c06bbf983dbb3bdec4e06ed09945a5bdea,20676,42a529a8eeb4924a04151a81d28d0844875896e3149227bbf8df1fa929bfabec
2.1,Catalytic-dyad convention of every docked receptor,grid archives in the calculation archive,data/Receptor_preparation_record.csv,src/native/receptor_record.py,Schrodinger 2021-2,28573304b8f39c03e375d4805fad1ab4c58bedcba9e7a334748bf477af7a0d06,5532,0558436d1ca1480f29d2148729783668725bafc3ba4e97efef922e60ecaed249
2.1,Complete primary ligand-state export,pose-viewer files in the calculation archive,data/Primary_state_records.csv,src/native/extract_primary_states.py,Schrodinger 2021-2,e1c42c9e4b1de3a781576c42d762ab7dc79c0497ad93a6261d78614294519ac6,182194,8abb80b9d14c9d9c6ef41fd142ccfa5b082ce022f24a5a94ae7237ea4790d4e7
2.1,Receptor-normalized ranking and composite agreement,data/Primary_state_records.csv,data/Recognition_objectives_paired.csv,src/receptor_normalised_ranking.py,Python (open),f9050b574713d019ad427354ac012b03ef8ed3821ef2d4742ea5111887604861,63541,7ad409d17eef919935fba2a08f58fe2919e8d4f5488495c4db726f89bcc74638
2.1,"Retrospective enrichment under the recognition protocol, falcipain-2",data/Benchmark_labels_FP2_XP.csv,data/Benchmark_summary_FP2_XP.json,src/enrichment_metrics.py,Python (open),235ee55bf330ed05a6cea96195943ef545bf4910c95117c69a3e368f5a63e86c,3686,38b81e94d8e6ff983736583c9098c348f93b46118dda729e76ecc5001a7151e7
2.1,"Retrospective enrichment under the recognition protocol, falcipain-3",data/Benchmark_labels_FP3.csv,data/Benchmark_summary_FP3_XP.json,src/enrichment_metrics.py,Python (open),f13e6df6e14e108e70b9b5f1bcff51de9cbbd8b494f4da7f29963d0effb55060,3392,38b81e94d8e6ff983736583c9098c348f93b46118dda729e76ecc5001a7151e7
2.1,"Docking precision and decoy-pool size, separated",data/Benchmark_scores_FP2_XP.csv,data/Benchmark_precision_comparison.json,src/benchmark_precision_comparison.py,Python (open),6b66664941889f7b1b30ba5f6334ecda005eaf3c9fb3d759a0cdd64124985e25,1344,546ad38c3f3e15f80d3b8777ae664ef2824b795f17bf8b6067162d71e7b5fbed
2.1,"Lower-precision full-decoy-pool sensitivity benchmark, falcipain-2",data/Benchmark_labels_FP2.csv,data/Benchmark_summary.json,src/enrichment_metrics.py,Python (open),f6d9158a5f52de6dc5446391be20a20dcc9a8c49407f02dc6e433140bd643bdd,3620,38b81e94d8e6ff983736583c9098c348f93b46118dda729e76ecc5001a7151e7
2.1,"Lower-precision sensitivity benchmark, falcipain-3",data/Benchmark_labels_FP3.csv,data/Benchmark_summary_FP3.json,src/enrichment_metrics.py,Python (open),4ed8b7099351fb08856961d2bc8c34b1d54ef95646f867d833084b793fcc667d,3558,38b81e94d8e6ff983736583c9098c348f93b46118dda729e76ecc5001a7151e7
2.1,Paired comparison of the two catalytic-dyad receptors,data/Benchmark_scores_FP2_ion_pair.csv,data/Benchmark_dyad_comparison.json,src/benchmark_dyad_comparison.py,Python (open),a1e8728bbdbdddc4a8649a5b30a40e4a704c10390dbaafc354907a3b7051cfc1,3404,75fb271bec781da9a18f4db9ea0a4b456c980e0f7319d148ce854634e11fb668
2.2,Electronic descriptors and fragment partitions,data/Quantum_atom_charges.csv,data/Series_electronic_descriptors.csv,src/quantum_analysis.py,Python (open),f87138992229fa3778e02de9e16737fd47b65ecc022662e81984e02a29cb1f43,5165,be7ee29b89db60013cd1c4edb6f3e5ff6b8c8cb86e50d61545109eeec1130b3d
2.2,Electronic-structure job record,Jaguar outputs in the calculation archive,data/Quantum_job_manifest.csv,src/native/quantum_evidence.py,Schrodinger 2021-2,e195dc00bc677db6e01c356ee1fb5db64a57d510af3c24f549b9e21d2a5d3c66,13233,f6cb1aa1882433213eacd2f54779915009a9b9e4bc3ce28a25bab87965716967
2.3,Matched-analogue contrasts under every selection rule,data/Matched_pose_contacts.csv,data/Matched_effects_by_rule.csv,src/matched_analysis.py,Python (open),10bbcea78c2af2080364df711ac5dafd84ef6f24750d38d43e4a93d4c4160253,3253,b592979f0bc85d2a420fe912582ecde186da2767e8a30ff1e4122994480f5746
2.3,Pose-ensemble clustering of the matched set,pose-viewer files in the calculation archive,data/Matched_pose_clusters.csv,src/native/pose_ensemble_clustering.py,Schrodinger 2021-2,39a0990d0315e4d33d4f64e8a7f099fb9b4d9d93f219dfdf9b070f9d430f4570,9759,72ed90065533130c33dd9e25038c9ddf4b22e52a71ceb743d3bc2d932af8971d
2.3,Atom-mapped core displacement,pose-viewer files in the calculation archive,data/Matched_core_displacement.csv,src/native/extract_matched_poses.py,Schrodinger 2021-2,ed9ba00f9fcd3045aef89301ec8cd780c93b54623c746f6f2bc448e8eb897974,1627,e7b9502126fe49abe5a5fd9ecd94ee6ba4d4f83e56ffc6a1f9863a5d26524536
2.3,Halogen-bond geometry test,pose-viewer files in the calculation archive,data/Matched_halogen_bond_check.csv,src/native/halogen_bond_check.py,Schrodinger 2021-2,c3c2aba5f8ebceeb06de84296900a65ec54220d014ec831440294e0bb6024135,580,c6c6b86b2bc7c4f2b9a7853f73abee1b2deb57352c70d16ceb6c006df0cf7a21
2.4,Catalytic-dyad sensitivity experiment,pose-viewer files in the calculation archive,data/Dyad_sensitivity.json,src/native/dyad_sensitivity.py,Schrodinger 2021-2,715449c6d324a8ad316137f27032f98b33ff438a35cedaa49cba6d8f19b03fb6,3531,abd4d067491a2d9e12a493cc883f3efc6491685c24beeb0f6110a368902f08a0
2.4,Residue-level difference between the two FP-2 receptors,prepared receptors in the calculation archive,data/FP2_dyad_receptor_difference.json,src/native/receptor_diff.py,Schrodinger 2021-2,d6afa1748b4d53c37af359acec760a6dabfeac208e9d2d6f869cd8199ffde63a,1047,114fde2e14900a7914d56d2f891eab16bbb60373ee59400a5d7345ba66f8a19e
2.1,Benchmark repeated on the alternative catalytic-dyad receptor,data/Benchmark_scores.csv,data/Benchmark_dyad_comparison.csv,src/benchmark_dyad_comparison.py,Python (open),67f72dd77110a3bee7969df8af3ca236bbc55a36f2cbd5e3eb4d2b382e832699,414,75fb271bec781da9a18f4db9ea0a4b456c980e0f7319d148ce854634e11fb668
2.4,Catalytic-dyad effect across the whole screened library,pose-viewer files in the calculation archive,data/Dyad_library_effect.csv,src/native/dyad_library_effect.py,Schrodinger 2021-2,a856e02197ea0814d1c8e3e22659a4e30c0d0709e28cc7c749722e3afb894ea9,15128,691e17ea6bdc689e306410b198a54944e472b1153544b99f3739bb9b74452088
2.4,pH 5.5 sensitivity of the panel,pose-viewer files in the calculation archive,data/pH_sensitivity.csv,src/native/ph_sensitivity.py,Schrodinger 2021-2,840539b1655f4468f6634f238e62d4817e9da0e2bdf28aa443f9e5ffe4a3ce98,3163,a4be08c8a046a69ead9e1d6b95e230b224943a3c253a75f5e73b00e787a19bcd
2.5,Covalent stage records and geometry audit,CovDock and Prime outputs in the calculation archive,data/Covalent_stage_records.csv,src/native/covalent_stage_records.py,Schrodinger 2021-2,d5adb08b6179ed6f3549d1c46622ad30ce30886af8ec03c66be3a1146e43e4f3,53815,8c7f7f3ab93f8fbfed6df07013dbfc647a93ebdf61c969274297f7a8427e74c3
2.5,Covalent-stage receptor treatment,CovDock receptors in the calculation archive,data/Covalent_receptor_record.csv,src/native/covalent_receptor_record.py,Schrodinger 2021-2,d1c6d7d937c4c305b3c5a0bc29feb18360738fbfbd7128000bc2ae823334c9cf,2160,3631b158a5c3ac38ee643d305722f8de207f411eab94b150bc70a18122c325c4
2.5,Covalent redocking controls,deposited complexes 3BWK and 2OZ2,data/Control_redocking.json,src/native/control_redocking.py,Schrodinger 2021-2,c8f6e66298414adbfbdbdf5cf64b3b9566f68a5afd2ef54601711e6c3efd280d,6266,fad38e0be57e9bd6e02b6b112b9240bed858219c18346b03f897425ed04e1b62
2.5,Panel property profile,QikProp outputs,data/Panel_property_profile.csv,src/panel_properties.py,Python (open),93e9af5dca1048fe40be39faee5dc0d142fdc58190cefe7a4749043a89770c18,2166,fa0f599028a272e6ff6df4770557266d948288b084ef158ec74f8365c9091778
2.5,QikProp/ADMETlab concordance,QikProp and ADMETlab outputs,data/Property_platform_concordance.csv,src/property_concordance.py,Python (open),03ab37eb234e4574ff8862da14ae7576500e75ac54db7a524fd52c643910e418,380,e438083271a5bc9f0ad92a7f821bd697dfe48c879d07a78d1797addca36bbec0
Figures,"Figures 1-4, Figure S1 and the TOC graphic",data/,figures/,src/build_figures.py,Python (open),directory,3287673,584996d2aa8838eba7b4803e7ae2eb533dfc8f813580675b55683e9445db1d1d
