id,label,cls,score,stage
CHEMBL486232,1,covalent,-7.78297895078791,SP
CHEMBL374508,1,covalent,-3.75662856244794,HTVS
CHEMBL224801,1,noncovalent,-4.46080696413708,HTVS
CHEMBL224803,1,noncovalent,-5.80098077278069,SP
CHEMBL221833,1,noncovalent,-6.30956159737872,SP
CHEMBL222325,1,noncovalent,-6.12771735806431,SP
CHEMBL222870,1,noncovalent,-7.27654701990621,SP
CHEMBL438659,1,noncovalent,-6.68065607828132,SP
CHEMBL381093,1,noncovalent,-4.24016055700851,HTVS
CHEMBL221991,1,covalent,-7.24346874523043,SP
CHEMBL436500,1,noncovalent,-3.73816604684528,HTVS
CHEMBL222322,1,noncovalent,-5.0977711531574,SP
CHEMBL204491,1,noncovalent,-6.51569966880736,SP
CHEMBL222871,1,noncovalent,-6.27288205795968,SP
CHEMBL224858,1,noncovalent,-4.07267739140832,HTVS
CHEMBL440764,1,noncovalent,-6.42142752135826,SP
CHEMBL379228,1,noncovalent,-4.40611318945152,HTVS
CHEMBL203649,1,noncovalent,-3.08667749167789,HTVS
CHEMBL204035,1,noncovalent,-6.74528484415632,SP
CHEMBL205056,1,noncovalent,-4.83906027935952,HTVS
CHEMBL382027,1,noncovalent,-5.36975822804348,SP
CHEMBL426564,1,noncovalent,-6.07036167211989,SP
CHEMBL4540968,0,decoy,-2.42765647015882,HTVS
CHEMBL1762706,0,decoy,-6.76004121771306,SP
CHEMBL4104867,0,decoy,-4.26564953370631,HTVS
CHEMBL1797976,0,decoy,-4.35937194968737,HTVS
CHEMBL1797977,0,decoy,-3.47160878844057,HTVS
CHEMBL1797989,0,decoy,-4.62113983197142,HTVS
CHEMBL1800335,0,decoy,-5.77587589943971,SP
CHEMBL1800336,0,decoy,-5.9639528746873,SP
CHEMBL4214879,0,decoy,-7.53769063744209,SP
CHEMBL4214910,0,decoy,-4.45408424139696,SP
CHEMBL4215264,0,decoy,-3.78040255489269,HTVS
CHEMBL4215319,0,decoy,-4.55724984649629,HTVS
CHEMBL4216092,0,decoy,-5.86198098557761,SP
CHEMBL3654621,0,decoy,-5.70382712618858,SP
CHEMBL3654631,0,decoy,-3.37174706631908,HTVS
CHEMBL3338610,0,decoy,-2.44077920527453,HTVS
CHEMBL3338611,0,decoy,-3.45630257185951,HTVS
CHEMBL3338612,0,decoy,-2.81900519720154,HTVS
CHEMBL3338613,0,decoy,-3.87998059373175,HTVS
CHEMBL3986268,0,decoy,-4.68603401810925,HTVS
CHEMBL3986407,0,decoy,-8.07586457391685,SP
CHEMBL85762,0,decoy,-2.68435879335523,HTVS
CHEMBL5560627,0,decoy,-4.64214046207309,HTVS
CHEMBL5560835,0,decoy,-7.70707829124304,SP
CHEMBL5560900,0,decoy,-4.79524716843189,SP
CHEMBL5560995,0,decoy,-5.89803562422443,SP
CHEMBL5561030,0,decoy,-5.87186817184545,SP
CHEMBL5561079,0,decoy,-6.20052642606867,SP
CHEMBL4540828,0,decoy,-6.46330527600882,SP
CHEMBL2358995,0,decoy,-4.55117525274526,HTVS
CHEMBL2359058,0,decoy,-3.7961300862304,HTVS
CHEMBL2359071,0,decoy,-4.81206701245065,HTVS
CHEMBL2359210,0,decoy,-6.36805367531065,SP
CHEMBL2359309,0,decoy,-3.74426712657142,HTVS
CHEMBL2359329,0,decoy,-6.44551490392885,SP
CHEMBL2359431,0,decoy,-6.98800074989011,SP
CHEMBL2359536,0,decoy,-6.64942039252672,SP
CHEMBL2359608,0,decoy,-4.10280844654818,HTVS
CHEMBL2359718,0,decoy,-2.29203143310234,HTVS
CHEMBL2359896,0,decoy,-6.17380445314818,SP
CHEMBL2360118,0,decoy,-0.774481084928026,HTVS
CHEMBL1714732,0,decoy,-4.74969438675526,HTVS
CHEMBL1714925,0,decoy,-3.89828425087079,HTVS
CHEMBL1714944,0,decoy,-3.61329278980673,HTVS
CHEMBL1715410,0,decoy,-4.55179101748213,HTVS
CHEMBL1715422,0,decoy,-2.91927876137987,HTVS
CHEMBL3353477,0,decoy,-2.53769168918436,HTVS
CHEMBL3353478,0,decoy,-1.18747570718837,HTVS
CHEMBL3353479,0,decoy,-3.36459490933551,HTVS
CHEMBL3353480,0,decoy,-2.38487521868959,HTVS
CHEMBL4215931,0,decoy,-6.66529292647453,SP
CHEMBL1743668,0,decoy,-4.48437250291813,HTVS
CHEMBL1714044,0,decoy,-2.64429503216488,HTVS
CHEMBL1765917,0,decoy,-4.14396500031395,HTVS
CHEMBL82520,0,decoy,-4.49152340296031,HTVS
CHEMBL1743667,0,decoy,-4.8941517053818,HTVS
CHEMBL4104370,0,decoy,-6.2931228735571,SP
CHEMBL4105213,0,decoy,-5.81156917533677,SP
CHEMBL4215190,0,decoy,-6.66090890334616,SP
CHEMBL4215440,0,decoy,-3.53181871541663,HTVS
CHEMBL4215487,0,decoy,-3.69779877399266,HTVS
CHEMBL4215581,0,decoy,-4.42336301240152,HTVS
CHEMBL3338324,0,decoy,-3.17788429776365,HTVS
CHEMBL3339251,0,decoy,-4.07320954328504,HTVS
CHEMBL312245,0,decoy,-4.45993844278079,HTVS
CHEMBL315534,0,decoy,-5.78489319341192,SP
CHEMBL5561001,0,decoy,-3.76043368548315,HTVS
CHEMBL4541703,0,decoy,-4.76915115823954,HTVS
CHEMBL2358956,0,decoy,-4.67498787850942,HTVS
CHEMBL2359633,0,decoy,-4.49077348232335,HTVS
CHEMBL2359835,0,decoy,-4.095637213188,HTVS
CHEMBL1978015,0,decoy,-4.36026633704266,HTVS
CHEMBL1978638,0,decoy,-4.87354700460646,HTVS
CHEMBL3350727,0,decoy,-4.16114125486405,HTVS
CHEMBL3350728,0,decoy,-1.87625329590471,HTVS
CHEMBL3350729,0,decoy,-2.75849098695703,HTVS
CHEMBL2287020,0,decoy,-4.67362521460413,HTVS
CHEMBL1742274,0,decoy,-2.24029449792858,HTVS
CHEMBL1742460,0,decoy,-5.90836882809115,SP
CHEMBL1742474,0,decoy,-6.31221000569898,SP
CHEMBL1743671,0,decoy,-7.15250412101925,SP
CHEMBL1744049,0,decoy,-3.83330629110213,HTVS
CHEMBL1744051,0,decoy,-4.00651221391962,HTVS
CHEMBL1713696,0,decoy,-3.40745925017002,HTVS
CHEMBL1714373,0,decoy,-7.04389337889328,SP
CHEMBL3609895,0,decoy,-4.64069705706198,HTVS
CHEMBL544781,0,decoy,-4.4169667983052,HTVS
CHEMBL553374,0,decoy,-4.55176713913504,HTVS
CHEMBL545040,0,decoy,-6.14100348804873,SP
CHEMBL543631,0,decoy,-2.88301080974103,HTVS
CHEMBL552867,0,decoy,-4.78887234992417,HTVS
CHEMBL1762793,0,decoy,-4.58818588373221,HTVS
CHEMBL1765145,0,decoy,-5.13479099443416,SP
CHEMBL1765468,0,decoy,-5.04715444538381,SP
CHEMBL1765475,0,decoy,-5.81258011708057,SP
CHEMBL1766140,0,decoy,-6.0641001822833,SP
CHEMBL4104220,0,decoy,-6.21672002031004,SP
CHEMBL4104332,0,decoy,-4.25308760096351,HTVS
CHEMBL4104347,0,decoy,-6.24590927541544,SP
CHEMBL4104376,0,decoy,-4.45001990546356,HTVS
CHEMBL1762696,0,decoy,-4.60090187757176,HTVS
CHEMBL1765716,0,decoy,-5.99763678183401,SP
CHEMBL1765778,0,decoy,-4.10337541384395,HTVS
CHEMBL4104329,0,decoy,-3.66754877497488,HTVS
CHEMBL4104341,0,decoy,-5.8156279875156,SP
CHEMBL4104395,0,decoy,-4.81611407191154,HTVS
CHEMBL4105526,0,decoy,-4.45545068800324,HTVS
CHEMBL1800934,0,decoy,-5.81903444136275,SP
CHEMBL1800963,0,decoy,-5.43649624971158,SP
CHEMBL4215222,0,decoy,-2.9013089557724,HTVS
CHEMBL4215779,0,decoy,-6.4340173968884,SP
CHEMBL4215850,0,decoy,-5.57015555969858,SP
CHEMBL3654679,0,decoy,-4.70825793874062,HTVS
CHEMBL3654684,0,decoy,-5.02918774263374,SP
CHEMBL3654750,0,decoy,-3.46182061663793,HTVS
CHEMBL3654757,0,decoy,-4.64061320852516,HTVS
CHEMBL3654762,0,decoy,-7.42168780791023,SP
CHEMBL3654765,0,decoy,-6.35285810909372,SP
CHEMBL3654797,0,decoy,-6.2413904855056,SP
CHEMBL3654876,0,decoy,-5.48155166314118,SP
CHEMBL3654882,0,decoy,-4.96040062203108,SP
CHEMBL3655117,0,decoy,-4.77678779287598,HTVS
CHEMBL3338063,0,decoy,-4.87312341658715,HTVS
CHEMBL3337465,0,decoy,-6.69778511779837,SP
CHEMBL3338402,0,decoy,-7.63706649761659,SP
CHEMBL3339021,0,decoy,-3.12647739179179,HTVS
CHEMBL3339022,0,decoy,-4.39949440063099,HTVS
CHEMBL3339023,0,decoy,-2.80669096169245,HTVS
CHEMBL3339024,0,decoy,-3.71183290114893,HTVS
CHEMBL3339025,0,decoy,-3.94735782116123,HTVS
CHEMBL3985412,0,decoy,-5.86428493892492,SP
CHEMBL3985620,0,decoy,-2.91384430118733,HTVS
CHEMBL3985841,0,decoy,-4.18652491129662,HTVS
CHEMBL3985977,0,decoy,-6.40546012401681,SP
CHEMBL3986145,0,decoy,-4.66430815578264,HTVS
CHEMBL3986325,0,decoy,-6.33840977898671,SP
CHEMBL3986472,0,decoy,-6.2832271517617,SP
CHEMBL3986519,0,decoy,-4.16666783092055,HTVS
CHEMBL313534,0,decoy,-1.14669613840732,HTVS
CHEMBL5560681,0,decoy,-4.57145704854085,HTVS
CHEMBL5560862,0,decoy,-4.88083122136138,HTVS
CHEMBL5561179,0,decoy,-4.03200991799907,HTVS
CHEMBL5561319,0,decoy,-4.18880719588853,HTVS
CHEMBL5561394,0,decoy,-4.17860629038221,HTVS
CHEMBL5561585,0,decoy,-4.07136549440379,HTVS
CHEMBL4540344,0,decoy,-6.19240885525062,SP
CHEMBL4540401,0,decoy,-4.6934752679138,HTVS
CHEMBL4540640,0,decoy,-5.86820331564963,SP
CHEMBL4540822,0,decoy,-3.88653351713962,HTVS
CHEMBL4540840,0,decoy,-4.29893266160635,HTVS
CHEMBL4104403,0,decoy,-4.0117750448205,HTVS
CHEMBL4104683,0,decoy,-5.09092740632768,SP
CHEMBL4105273,0,decoy,-4.82641651431766,HTVS
CHEMBL4105417,0,decoy,-4.17693809752529,HTVS
CHEMBL1800940,0,decoy,-3.44526950965209,HTVS
CHEMBL1801130,0,decoy,-4.86954065734388,HTVS
CHEMBL3986289,0,decoy,-4.00393855500073,HTVS
CHEMBL85864,0,decoy,-4.79264050699101,HTVS
CHEMBL87715,0,decoy,-5.02300434683589,SP
CHEMBL5560693,0,decoy,-3.94626340321751,HTVS
CHEMBL5561402,0,decoy,-2.96799014815087,HTVS
CHEMBL2359018,0,decoy,-5.78024511540775,SP
CHEMBL2359036,0,decoy,-6.71231548724627,SP
CHEMBL2359298,0,decoy,-5.79073355589867,SP
