id,label,class
CHEMBL5437384,1,covalent
CHEMBL5398692,1,covalent
CHEMBL1215628,1,covalent
CHEMBL4226307,1,covalent
CHEMBL5420328,1,covalent
CHEMBL4224764,1,covalent
CHEMBL4227031,1,covalent
CHEMBL486232,1,covalent
CHEMBL4227166,1,covalent
CHEMBL3358129,1,covalent
CHEMBL4227486,1,covalent
CHEMBL5407224,1,covalent
CHEMBL5411543,1,covalent
CHEMBL3358142,1,covalent
CHEMBL4227427,1,covalent
CHEMBL3358128,1,covalent
CHEMBL3352874,1,covalent
CHEMBL4228926,1,covalent
CHEMBL4226577,1,covalent
CHEMBL541700,1,covalent
CHEMBL4227848,1,covalent
CHEMBL3358141,1,covalent
CHEMBL3358144,1,covalent
CHEMBL3358143,1,covalent
CHEMBL1171802,1,covalent
CHEMBL501901,1,covalent
CHEMBL4228861,1,covalent
CHEMBL3358140,1,covalent
CHEMBL4225350,1,covalent
CHEMBL4227295,1,covalent
CHEMBL4434685,1,covalent
CHEMBL4467013,1,covalent
CHEMBL4439637,1,covalent
CHEMBL191881,1,covalent
CHEMBL4227696,1,covalent
CHEMBL4228143,1,covalent
CHEMBL4442854,1,covalent
CHEMBL4472824,1,covalent
CHEMBL4251480,1,covalent
CHEMBL4564002,1,covalent
CHEMBL3218476,1,covalent
CHEMBL3120847,1,noncovalent
CHEMBL327624,1,covalent
CHEMBL4442674,1,covalent
CHEMBL4096388,1,covalent
CHEMBL4224829,1,covalent
CHEMBL374508,1,covalent
CHEMBL2235031,1,noncovalent
CHEMBL4527228,1,covalent
CHEMBL4516951,1,covalent
CHEMBL2235039,1,noncovalent
CHEMBL4228343,1,covalent
CHEMBL4240920,1,covalent
CHEMBL4227965,1,covalent
CHEMBL3409895,1,noncovalent
CHEMBL2235030,1,noncovalent
CHEMBL4229174,1,covalent
CHEMBL4437416,1,covalent
CHEMBL4072275,1,covalent
CHEMBL2235038,1,noncovalent
CHEMBL4456644,1,covalent
CHEMBL2235034,1,noncovalent
CHEMBL2235037,1,noncovalent
CHEMBL5436591,1,noncovalent
CHEMBL3409913,1,noncovalent
CHEMBL3409912,1,noncovalent
CHEMBL182790,1,noncovalent
CHEMBL2235032,1,noncovalent
CHEMBL3409902,1,noncovalent
CHEMBL3409901,1,noncovalent
CHEMBL383647,1,covalent
CHEMBL4294334,1,covalent
CHEMBL4555968,1,covalent
CHEMBL1171804,1,covalent
CHEMBL4475837,1,covalent
CHEMBL181752,1,noncovalent
CHEMBL5394407,1,noncovalent
CHEMBL2235033,1,noncovalent
CHEMBL5398031,1,noncovalent
CHEMBL5411995,1,noncovalent
CHEMBL4245127,1,covalent
CHEMBL3409915,1,noncovalent
CHEMBL181504,1,noncovalent
CHEMBL434743,1,noncovalent
CHEMBL183396,1,noncovalent
CHEMBL5420927,1,noncovalent
CHEMBL405741,1,covalent
CHEMBL4226767,1,covalent
CHEMBL2235035,1,noncovalent
CHEMBL223654,1,noncovalent
CHEMBL2235041,1,noncovalent
CHEMBL4062015,1,covalent
CHEMBL4083754,1,covalent
CHEMBL3409914,1,noncovalent
CHEMBL3409900,1,noncovalent
CHEMBL2235040,1,noncovalent
CHEMBL2235028,1,noncovalent
CHEMBL2235036,1,noncovalent
CHEMBL270278,1,covalent
CHEMBL271992,1,covalent
CHEMBL224801,1,noncovalent
CHEMBL5428518,1,noncovalent
CHEMBL408071,1,covalent
CHEMBL5439199,1,noncovalent
CHEMBL3120848,1,noncovalent
CHEMBL3409907,1,noncovalent
CHEMBL4248915,1,covalent
CHEMBL200151,1,covalent
CHEMBL4279824,1,covalent
CHEMBL3409908,1,noncovalent
CHEMBL4070637,1,covalent
CHEMBL5411313,1,noncovalent
CHEMBL381093,1,noncovalent
CHEMBL5434197,1,noncovalent
CHEMBL1171633,1,covalent
CHEMBL4225367,1,covalent
CHEMBL203801,1,noncovalent
CHEMBL403991,1,covalent
CHEMBL407354,1,covalent
CHEMBL272015,1,covalent
CHEMBL182795,1,noncovalent
CHEMBL192149,1,covalent
CHEMBL3409894,1,noncovalent
CHEMBL222870,1,noncovalent
CHEMBL5439062,1,noncovalent
CHEMBL402455,1,covalent
CHEMBL222871,1,noncovalent
CHEMBL4215216,1,covalent
CHEMBL1171803,1,covalent
CHEMBL224312,1,noncovalent
CHEMBL2235029,1,noncovalent
CHEMBL195381,1,covalent
CHEMBL195822,1,covalent
CHEMBL3358135,1,covalent
CHEMBL5426937,1,noncovalent
CHEMBL3409903,1,noncovalent
CHEMBL183005,1,noncovalent
CHEMBL194821,1,covalent
CHEMBL191640,1,covalent
CHEMBL225449,1,noncovalent
CHEMBL5425369,1,noncovalent
CHEMBL5407886,1,noncovalent
CHEMBL559434,1,noncovalent
CHEMBL203802,1,noncovalent
CHEMBL4857262,1,noncovalent
CHEMBL5424376,1,noncovalent
CHEMBL5420093,1,noncovalent
CHEMBL4078345,1,covalent
CHEMBL4850572,1,noncovalent
CHEMBL4473513,1,covalent
CHEMBL224025,1,noncovalent
CHEMBL4868442,1,noncovalent
CHEMBL3120842,1,noncovalent
CHEMBL3409904,1,noncovalent
CHEMBL373022,1,covalent
CHEMBL204344,1,noncovalent
CHEMBL3358136,1,covalent
CHEMBL1171636,1,covalent
CHEMBL4594166,1,covalent
CHEMBL5409393,1,covalent
CHEMBL5556412,1,noncovalent
CHEMBL3358130,1,covalent
CHEMBL191457,1,covalent
CHEMBL225646,1,noncovalent
CHEMBL525938,1,noncovalent
CHEMBL5426764,1,covalent
CHEMBL222322,1,noncovalent
CHEMBL5630614,1,noncovalent
CHEMBL92805,1,covalent
CHEMBL92956,1,covalent
CHEMBL91050,1,noncovalent
CHEMBL91856,1,covalent
CHEMBL5412407,1,noncovalent
CHEMBL4869807,1,noncovalent
CHEMBL120254,1,noncovalent
CHEMBL250154,1,noncovalent
CHEMBL3120835,1,noncovalent
CHEMBL4856045,1,noncovalent
CHEMBL203823,1,noncovalent
CHEMBL222325,1,noncovalent
CHEMBL3409906,1,noncovalent
CHEMBL5624599,1,noncovalent
CHEMBL5394920,1,noncovalent
CHEMBL5630817,1,noncovalent
CHEMBL4211317,1,noncovalent
CHEMBL414179,1,covalent
CHEMBL329629,1,covalent
CHEMBL90245,1,noncovalent
CHEMBL91049,1,covalent
CHEMBL329532,1,covalent
CHEMBL93341,1,covalent
CHEMBL423112,1,covalent
CHEMBL4207961,1,noncovalent
CHEMBL203649,1,noncovalent
CHEMBL5630121,1,noncovalent
CHEMBL3120834,1,noncovalent
CHEMBL374510,1,covalent
CHEMBL5404235,1,noncovalent
CHEMBL224893,1,noncovalent
CHEMBL5434874,1,noncovalent
CHEMBL4857754,1,noncovalent
CHEMBL1458713,1,covalent
CHEMBL3358137,1,covalent
CHEMBL5625072,1,noncovalent
CHEMBL221991,1,covalent
CHEMBL436500,1,noncovalent
CHEMBL3409897,1,noncovalent
CHEMBL4218177,1,noncovalent
CHEMBL5398485,1,noncovalent
CHEMBL203856,1,noncovalent
CHEMBL378223,1,noncovalent
CHEMBL5400091,1,noncovalent
CHEMBL1302947,1,noncovalent
CHEMBL4451728,1,noncovalent
CHEMBL4582464,1,noncovalent
CHEMBL4449400,1,noncovalent
CHEMBL4582597,1,noncovalent
CHEMBL4578038,1,noncovalent
CHEMBL4458321,1,noncovalent
CHEMBL4551614,1,noncovalent
CHEMBL1584095,1,noncovalent
CHEMBL4444541,1,noncovalent
CHEMBL4471644,1,noncovalent
CHEMBL4218788,1,noncovalent
CHEMBL4786898,1,noncovalent
CHEMBL438659,1,noncovalent
CHEMBL3409899,1,noncovalent
CHEMBL1939368,1,noncovalent
CHEMBL5421969,1,noncovalent
CHEMBL5624786,1,noncovalent
CHEMBL2402204,1,covalent
CHEMBL5395393,1,noncovalent
CHEMBL4211543,1,noncovalent
CHEMBL3409905,1,noncovalent
CHEMBL224803,1,noncovalent
CHEMBL221833,1,noncovalent
CHEMBL4203015,1,noncovalent
CHEMBL3358133,1,covalent
CHEMBL4212687,1,noncovalent
CHEMBL5419296,1,noncovalent
CHEMBL4853187,1,noncovalent
CHEMBL1171866,1,noncovalent
CHEMBL209147,1,noncovalent
CHEMBL183767,1,noncovalent
CHEMBL5394154,1,noncovalent
CHEMBL3410086,1,noncovalent
CHEMBL5630622,1,noncovalent
CHEMBL207117,1,noncovalent
CHEMBL1171868,1,noncovalent
CHEMBL4209200,1,noncovalent
CHEMBL117767,1,noncovalent
CHEMBL118355,1,noncovalent
CHEMBL4101714,1,covalent
CHEMBL4100751,1,covalent
CHEMBL93881,1,noncovalent
CHEMBL420812,1,noncovalent
CHEMBL91234,1,noncovalent
CHEMBL433390,1,noncovalent
CHEMBL92738,1,noncovalent
CHEMBL323975,1,noncovalent
CHEMBL4213904,1,noncovalent
CHEMBL4209486,1,noncovalent
CHEMBL5397408,1,noncovalent
CHEMBL5438601,1,noncovalent
CHEMBL1800472,0,decoy
CHEMBL1800474,0,decoy
CHEMBL87684,0,decoy
CHEMBL1797998,0,decoy
CHEMBL4215114,0,decoy
CHEMBL4214953,0,decoy
CHEMBL86088,0,decoy
CHEMBL2359876,0,decoy
CHEMBL2359901,0,decoy
CHEMBL1978741,0,decoy
CHEMBL1714447,0,decoy
CHEMBL1714558,0,decoy
CHEMBL1742424,0,decoy
CHEMBL3985681,0,decoy
CHEMBL4215025,0,decoy
CHEMBL3654752,0,decoy
CHEMBL4104740,0,decoy
CHEMBL3654631,0,decoy
CHEMBL1765143,0,decoy
CHEMBL4105382,0,decoy
CHEMBL1713867,0,decoy
CHEMBL4104416,0,decoy
CHEMBL4104492,0,decoy
CHEMBL4105223,0,decoy
CHEMBL4105299,0,decoy
CHEMBL2359099,0,decoy
CHEMBL4105513,0,decoy
CHEMBL1801078,0,decoy
CHEMBL3654630,0,decoy
CHEMBL3985859,0,decoy
CHEMBL4541177,0,decoy
CHEMBL2359488,0,decoy
CHEMBL2359657,0,decoy
CHEMBL85762,0,decoy
CHEMBL5561030,0,decoy
CHEMBL2359536,0,decoy
CHEMBL2359896,0,decoy
CHEMBL1714732,0,decoy
CHEMBL1714944,0,decoy
CHEMBL3353529,0,decoy
CHEMBL3654820,0,decoy
CHEMBL3654824,0,decoy
CHEMBL3654932,0,decoy
CHEMBL3655084,0,decoy
CHEMBL3655094,0,decoy
CHEMBL3338122,0,decoy
CHEMBL3985624,0,decoy
CHEMBL3985648,0,decoy
CHEMBL83291,0,decoy
CHEMBL5561178,0,decoy
CHEMBL552668,0,decoy
CHEMBL1800279,0,decoy
CHEMBL1800940,0,decoy
CHEMBL4215716,0,decoy
CHEMBL5561340,0,decoy
CHEMBL2359865,0,decoy
CHEMBL2360008,0,decoy
CHEMBL1977445,0,decoy
CHEMBL1715171,0,decoy
CHEMBL3350477,0,decoy
CHEMBL3350999,0,decoy
CHEMBL2359768,0,decoy
CHEMBL1713794,0,decoy
CHEMBL1714111,0,decoy
CHEMBL4104785,0,decoy
CHEMBL1800473,0,decoy
CHEMBL4215028,0,decoy
CHEMBL4215186,0,decoy
CHEMBL1713807,0,decoy
CHEMBL4104312,0,decoy
CHEMBL3654642,0,decoy
CHEMBL3338606,0,decoy
CHEMBL4104315,0,decoy
CHEMBL1797982,0,decoy
CHEMBL5561424,0,decoy
CHEMBL2359266,0,decoy
CHEMBL2359428,0,decoy
CHEMBL3353396,0,decoy
CHEMBL3353402,0,decoy
CHEMBL4104494,0,decoy
CHEMBL3654625,0,decoy
CHEMBL3338131,0,decoy
CHEMBL2359497,0,decoy
CHEMBL1766061,0,decoy
CHEMBL4105225,0,decoy
CHEMBL1800950,0,decoy
CHEMBL1801047,0,decoy
CHEMBL1801051,0,decoy
CHEMBL1801088,0,decoy
CHEMBL4214857,0,decoy
CHEMBL4214994,0,decoy
CHEMBL1801052,0,decoy
CHEMBL4215423,0,decoy
CHEMBL4215990,0,decoy
CHEMBL3654560,0,decoy
CHEMBL3655384,0,decoy
CHEMBL3985590,0,decoy
CHEMBL5561223,0,decoy
CHEMBL4105133,0,decoy
CHEMBL3338450,0,decoy
CHEMBL5561381,0,decoy
CHEMBL3350698,0,decoy
CHEMBL1714194,0,decoy
CHEMBL1800788,0,decoy
CHEMBL4215276,0,decoy
CHEMBL4215329,0,decoy
CHEMBL3338121,0,decoy
CHEMBL3338972,0,decoy
CHEMBL3985603,0,decoy
CHEMBL3654448,0,decoy
CHEMBL2359871,0,decoy
CHEMBL1766123,0,decoy
CHEMBL4104716,0,decoy
CHEMBL4104718,0,decoy
CHEMBL1714439,0,decoy
CHEMBL4104503,0,decoy
CHEMBL4105182,0,decoy
CHEMBL1798049,0,decoy
CHEMBL1798089,0,decoy
CHEMBL1798090,0,decoy
CHEMBL1800298,0,decoy
CHEMBL1800839,0,decoy
CHEMBL4214853,0,decoy
CHEMBL4214991,0,decoy
CHEMBL3985669,0,decoy
CHEMBL83186,0,decoy
CHEMBL4105304,0,decoy
CHEMBL3338968,0,decoy
CHEMBL3985654,0,decoy
CHEMBL3986505,0,decoy
CHEMBL5560528,0,decoy
CHEMBL5561007,0,decoy
CHEMBL4541413,0,decoy
CHEMBL2359108,0,decoy
CHEMBL2359305,0,decoy
CHEMBL1766182,0,decoy
CHEMBL4104199,0,decoy
CHEMBL4104723,0,decoy
CHEMBL4104780,0,decoy
CHEMBL4105518,0,decoy
CHEMBL1801011,0,decoy
CHEMBL4214755,0,decoy
CHEMBL1743667,0,decoy
CHEMBL3654896,0,decoy
CHEMBL82044,0,decoy
CHEMBL85149,0,decoy
CHEMBL86157,0,decoy
CHEMBL86130,0,decoy
CHEMBL315830,0,decoy
CHEMBL3985936,0,decoy
CHEMBL2359946,0,decoy
CHEMBL1762627,0,decoy
CHEMBL4215591,0,decoy
CHEMBL1714673,0,decoy
CHEMBL1715062,0,decoy
CHEMBL1742101,0,decoy
CHEMBL2359855,0,decoy
CHEMBL1715313,0,decoy
CHEMBL1742382,0,decoy
CHEMBL4215235,0,decoy
CHEMBL3654241,0,decoy
CHEMBL3654258,0,decoy
CHEMBL3986426,0,decoy
CHEMBL2359692,0,decoy
CHEMBL1800972,0,decoy
CHEMBL2358939,0,decoy
CHEMBL2359197,0,decoy
CHEMBL2360003,0,decoy
CHEMBL4215644,0,decoy
CHEMBL4105313,0,decoy
CHEMBL4105319,0,decoy
CHEMBL4105511,0,decoy
CHEMBL1797953,0,decoy
CHEMBL1797974,0,decoy
CHEMBL3986626,0,decoy
CHEMBL1714987,0,decoy
CHEMBL1744056,0,decoy
CHEMBL1713946,0,decoy
CHEMBL1714185,0,decoy
CHEMBL1714280,0,decoy
CHEMBL4104200,0,decoy
CHEMBL1801075,0,decoy
CHEMBL5560417,0,decoy
CHEMBL5561050,0,decoy
CHEMBL2358950,0,decoy
CHEMBL2358966,0,decoy
CHEMBL2359459,0,decoy
CHEMBL3716894,0,decoy
CHEMBL4105466,0,decoy
CHEMBL1800864,0,decoy
CHEMBL4215541,0,decoy
CHEMBL2359835,0,decoy
CHEMBL545040,0,decoy
CHEMBL4104894,0,decoy
CHEMBL1797915,0,decoy
CHEMBL1800876,0,decoy
CHEMBL3338706,0,decoy
CHEMBL3337469,0,decoy
CHEMBL5560771,0,decoy
CHEMBL4541196,0,decoy
CHEMBL3608644,0,decoy
CHEMBL3609591,0,decoy
CHEMBL4104325,0,decoy
CHEMBL4105095,0,decoy
CHEMBL4215099,0,decoy
CHEMBL4215674,0,decoy
CHEMBL4215874,0,decoy
CHEMBL3655353,0,decoy
CHEMBL3338031,0,decoy
CHEMBL3338664,0,decoy
CHEMBL1801068,0,decoy
CHEMBL1801158,0,decoy
CHEMBL3654438,0,decoy
CHEMBL3655327,0,decoy
CHEMBL3338209,0,decoy
CHEMBL3338214,0,decoy
CHEMBL3986011,0,decoy
CHEMBL313716,0,decoy
CHEMBL87596,0,decoy
CHEMBL2358978,0,decoy
CHEMBL2359172,0,decoy
CHEMBL1743907,0,decoy
CHEMBL1743908,0,decoy
CHEMBL1765783,0,decoy
CHEMBL4214777,0,decoy
CHEMBL3654471,0,decoy
CHEMBL3654759,0,decoy
CHEMBL5560741,0,decoy
CHEMBL5561084,0,decoy
CHEMBL4540917,0,decoy
CHEMBL3986199,0,decoy
CHEMBL3986661,0,decoy
CHEMBL84601,0,decoy
CHEMBL3715367,0,decoy
CHEMBL3716601,0,decoy
CHEMBL3716265,0,decoy
CHEMBL1765619,0,decoy
CHEMBL1766145,0,decoy
CHEMBL4105301,0,decoy
CHEMBL1800778,0,decoy
CHEMBL1800826,0,decoy
CHEMBL1800982,0,decoy
CHEMBL1801156,0,decoy
CHEMBL4215507,0,decoy
CHEMBL4215517,0,decoy
CHEMBL5561489,0,decoy
CHEMBL4541650,0,decoy
CHEMBL3716480,0,decoy
CHEMBL1978588,0,decoy
CHEMBL1715479,0,decoy
CHEMBL1765819,0,decoy
CHEMBL3985733,0,decoy
CHEMBL5560573,0,decoy
CHEMBL3718564,0,decoy
CHEMBL3716398,0,decoy
CHEMBL3719340,0,decoy
CHEMBL3716719,0,decoy
CHEMBL3608527,0,decoy
CHEMBL3986451,0,decoy
CHEMBL3986793,0,decoy
CHEMBL4104221,0,decoy
CHEMBL4104283,0,decoy
CHEMBL4104286,0,decoy
CHEMBL4104294,0,decoy
CHEMBL4104391,0,decoy
CHEMBL4104735,0,decoy
CHEMBL4104751,0,decoy
CHEMBL4214945,0,decoy
CHEMBL4215118,0,decoy
CHEMBL4215147,0,decoy
CHEMBL4215210,0,decoy
CHEMBL3654262,0,decoy
CHEMBL3338034,0,decoy
CHEMBL5561660,0,decoy
CHEMBL4541514,0,decoy
CHEMBL3338669,0,decoy
CHEMBL85005,0,decoy
CHEMBL3339144,0,decoy
CHEMBL3718428,0,decoy
CHEMBL4104519,0,decoy
CHEMBL4104540,0,decoy
CHEMBL4105383,0,decoy
CHEMBL4215255,0,decoy
CHEMBL4215550,0,decoy
CHEMBL1714857,0,decoy
CHEMBL1713532,0,decoy
CHEMBL553987,0,decoy
CHEMBL4105032,0,decoy
CHEMBL4104401,0,decoy
CHEMBL5560352,0,decoy
CHEMBL4540472,0,decoy
CHEMBL3717530,0,decoy
CHEMBL1977647,0,decoy
CHEMBL3608470,0,decoy
CHEMBL4104254,0,decoy
CHEMBL4215729,0,decoy
CHEMBL3655337,0,decoy
CHEMBL3986017,0,decoy
CHEMBL3986549,0,decoy
CHEMBL82445,0,decoy
CHEMBL5560514,0,decoy
CHEMBL4540598,0,decoy
CHEMBL4541254,0,decoy
CHEMBL3715654,0,decoy
CHEMBL3986353,0,decoy
CHEMBL3986665,0,decoy
CHEMBL3718030,0,decoy
CHEMBL2359475,0,decoy
CHEMBL2359567,0,decoy
CHEMBL3609312,0,decoy
CHEMBL3654615,0,decoy
CHEMBL3719014,0,decoy
CHEMBL1977595,0,decoy
CHEMBL3608656,0,decoy
CHEMBL1765337,0,decoy
CHEMBL4215481,0,decoy
CHEMBL4215547,0,decoy
CHEMBL4215702,0,decoy
CHEMBL1715193,0,decoy
CHEMBL1742472,0,decoy
CHEMBL1743896,0,decoy
CHEMBL1743898,0,decoy
CHEMBL1797799,0,decoy
CHEMBL3338938,0,decoy
CHEMBL3338939,0,decoy
CHEMBL545039,0,decoy
CHEMBL3337988,0,decoy
CHEMBL3985880,0,decoy
CHEMBL4540429,0,decoy
CHEMBL1715423,0,decoy
CHEMBL3654706,0,decoy
CHEMBL5561286,0,decoy
CHEMBL4540416,0,decoy
CHEMBL4540969,0,decoy
CHEMBL1978625,0,decoy
CHEMBL1765743,0,decoy
CHEMBL4215181,0,decoy
CHEMBL4215609,0,decoy
CHEMBL3654748,0,decoy
CHEMBL1800916,0,decoy
CHEMBL1765259,0,decoy
CHEMBL1765914,0,decoy
CHEMBL4104274,0,decoy
CHEMBL1798045,0,decoy
CHEMBL1798054,0,decoy
CHEMBL1798055,0,decoy
CHEMBL1800143,0,decoy
CHEMBL3985674,0,decoy
CHEMBL3986635,0,decoy
CHEMBL311599,0,decoy
CHEMBL313882,0,decoy
CHEMBL84593,0,decoy
CHEMBL5561361,0,decoy
CHEMBL4215747,0,decoy
CHEMBL4215976,0,decoy
CHEMBL3654549,0,decoy
CHEMBL3654791,0,decoy
CHEMBL3655363,0,decoy
CHEMBL3655378,0,decoy
CHEMBL4215770,0,decoy
CHEMBL3654541,0,decoy
CHEMBL3338039,0,decoy
CHEMBL3986196,0,decoy
CHEMBL545716,0,decoy
CHEMBL3654920,0,decoy
CHEMBL3339029,0,decoy
CHEMBL3339032,0,decoy
CHEMBL3714944,0,decoy
CHEMBL1800632,0,decoy
CHEMBL1801031,0,decoy
CHEMBL3654473,0,decoy
CHEMBL85158,0,decoy
CHEMBL5560652,0,decoy
CHEMBL4541101,0,decoy
CHEMBL4541736,0,decoy
CHEMBL3716865,0,decoy
CHEMBL3714929,0,decoy
CHEMBL3718180,0,decoy
CHEMBL1797991,0,decoy
CHEMBL85028,0,decoy
CHEMBL432372,0,decoy
CHEMBL5560621,0,decoy
CHEMBL5561063,0,decoy
CHEMBL3715416,0,decoy
CHEMBL3717275,0,decoy
CHEMBL3717065,0,decoy
CHEMBL3718098,0,decoy
CHEMBL2359445,0,decoy
CHEMBL1977315,0,decoy
CHEMBL1714641,0,decoy
CHEMBL3353358,0,decoy
CHEMBL3353606,0,decoy
CHEMBL3608315,0,decoy
CHEMBL1765177,0,decoy
CHEMBL1765178,0,decoy
CHEMBL3986320,0,decoy
CHEMBL3986632,0,decoy
CHEMBL3986652,0,decoy
CHEMBL5560740,0,decoy
CHEMBL3716632,0,decoy
CHEMBL3714934,0,decoy
CHEMBL3715442,0,decoy
CHEMBL1765717,0,decoy
CHEMBL4104385,0,decoy
CHEMBL4105150,0,decoy
CHEMBL1800563,0,decoy
CHEMBL1800445,0,decoy
CHEMBL3986092,0,decoy
CHEMBL316216,0,decoy
CHEMBL2359884,0,decoy
CHEMBL1977945,0,decoy
CHEMBL1743263,0,decoy
CHEMBL3338402,0,decoy
CHEMBL3339024,0,decoy
CHEMBL313534,0,decoy
CHEMBL4541169,0,decoy
CHEMBL1713339,0,decoy
CHEMBL3715786,0,decoy
CHEMBL3716681,0,decoy
CHEMBL3353355,0,decoy
CHEMBL4104500,0,decoy
CHEMBL4215474,0,decoy
CHEMBL3985740,0,decoy
CHEMBL84955,0,decoy
CHEMBL3718698,0,decoy
CHEMBL3715842,0,decoy
CHEMBL1978150,0,decoy
CHEMBL3338448,0,decoy
CHEMBL3718366,0,decoy
CHEMBL1977538,0,decoy
CHEMBL3353406,0,decoy
CHEMBL3353409,0,decoy
CHEMBL2286490,0,decoy
CHEMBL2286494,0,decoy
CHEMBL543162,0,decoy
CHEMBL85110,0,decoy
CHEMBL4105121,0,decoy
CHEMBL1798084,0,decoy
CHEMBL1800532,0,decoy
CHEMBL1978549,0,decoy
CHEMBL1713740,0,decoy
CHEMBL1762664,0,decoy
CHEMBL1765763,0,decoy
CHEMBL1765765,0,decoy
CHEMBL4104809,0,decoy
CHEMBL4105184,0,decoy
CHEMBL1800195,0,decoy
CHEMBL3986244,0,decoy
CHEMBL2359953,0,decoy
CHEMBL1714958,0,decoy
CHEMBL3350871,0,decoy
CHEMBL3353754,0,decoy
CHEMBL1743603,0,decoy
CHEMBL3608609,0,decoy
CHEMBL543424,0,decoy
CHEMBL4104550,0,decoy
CHEMBL4105139,0,decoy
CHEMBL4215772,0,decoy
CHEMBL3654481,0,decoy
CHEMBL3654553,0,decoy
CHEMBL3338129,0,decoy
CHEMBL3986404,0,decoy
CHEMBL3986554,0,decoy
CHEMBL2359947,0,decoy
CHEMBL1714771,0,decoy
CHEMBL3353535,0,decoy
CHEMBL3985547,0,decoy
CHEMBL3986461,0,decoy
CHEMBL314683,0,decoy
CHEMBL313034,0,decoy
CHEMBL4541016,0,decoy
CHEMBL4541187,0,decoy
CHEMBL3985704,0,decoy
CHEMBL88105,0,decoy
CHEMBL1715472,0,decoy
CHEMBL1765658,0,decoy
CHEMBL4104461,0,decoy
CHEMBL4215249,0,decoy
CHEMBL3654501,0,decoy
CHEMBL1742359,0,decoy
CHEMBL1766170,0,decoy
CHEMBL1800431,0,decoy
CHEMBL1800484,0,decoy
CHEMBL1762808,0,decoy
CHEMBL1765839,0,decoy
CHEMBL1766102,0,decoy
CHEMBL1766105,0,decoy
CHEMBL4105041,0,decoy
CHEMBL4214791,0,decoy
CHEMBL4215374,0,decoy
CHEMBL3654470,0,decoy
CHEMBL3654478,0,decoy
CHEMBL1797806,0,decoy
CHEMBL3654844,0,decoy
CHEMBL3654850,0,decoy
CHEMBL3654869,0,decoy
CHEMBL3655295,0,decoy
CHEMBL3338007,0,decoy
CHEMBL3985762,0,decoy
CHEMBL4540626,0,decoy
CHEMBL4541443,0,decoy
CHEMBL2359362,0,decoy
CHEMBL4215084,0,decoy
CHEMBL5560376,0,decoy
CHEMBL4540794,0,decoy
CHEMBL1765735,0,decoy
CHEMBL4105061,0,decoy
CHEMBL1800453,0,decoy
CHEMBL1801048,0,decoy
CHEMBL4215096,0,decoy
CHEMBL3654698,0,decoy
CHEMBL3654700,0,decoy
CHEMBL3654702,0,decoy
CHEMBL3654809,0,decoy
CHEMBL3639537,0,decoy
CHEMBL3654861,0,decoy
CHEMBL3716423,0,decoy
CHEMBL2286801,0,decoy
CHEMBL2286805,0,decoy
CHEMBL2286909,0,decoy
CHEMBL1713425,0,decoy
CHEMBL3609742,0,decoy
CHEMBL1762553,0,decoy
CHEMBL3985406,0,decoy
CHEMBL3986237,0,decoy
CHEMBL86026,0,decoy
CHEMBL3717031,0,decoy
CHEMBL2359880,0,decoy
CHEMBL3715116,0,decoy
CHEMBL2359955,0,decoy
CHEMBL1977350,0,decoy
CHEMBL5560327,0,decoy
CHEMBL1714583,0,decoy
CHEMBL2286991,0,decoy
CHEMBL1765169,0,decoy
CHEMBL1765175,0,decoy
CHEMBL1765355,0,decoy
CHEMBL1765417,0,decoy
CHEMBL1765519,0,decoy
CHEMBL1766005,0,decoy
CHEMBL1766028,0,decoy
CHEMBL1766033,0,decoy
CHEMBL1766042,0,decoy
CHEMBL1765707,0,decoy
CHEMBL4215082,0,decoy
CHEMBL3338084,0,decoy
CHEMBL3339111,0,decoy
CHEMBL3986018,0,decoy
CHEMBL3986713,0,decoy
CHEMBL3715794,0,decoy
CHEMBL3715776,0,decoy
CHEMBL4104670,0,decoy
CHEMBL4215029,0,decoy
CHEMBL4215155,0,decoy
CHEMBL3654504,0,decoy
CHEMBL3654554,0,decoy
CHEMBL3654737,0,decoy
CHEMBL3338388,0,decoy
CHEMBL1798041,0,decoy
CHEMBL1800476,0,decoy
CHEMBL1800512,0,decoy
CHEMBL4214930,0,decoy
CHEMBL4215602,0,decoy
CHEMBL5561694,0,decoy
CHEMBL3719107,0,decoy
CHEMBL4105527,0,decoy
CHEMBL3718216,0,decoy
CHEMBL2359739,0,decoy
CHEMBL4104844,0,decoy
CHEMBL3338397,0,decoy
CHEMBL3986152,0,decoy
CHEMBL3716452,0,decoy
CHEMBL543852,0,decoy
CHEMBL5560749,0,decoy
CHEMBL5561594,0,decoy
CHEMBL3986164,0,decoy
CHEMBL1765556,0,decoy
CHEMBL3639531,0,decoy
CHEMBL3654359,0,decoy
CHEMBL3986334,0,decoy
CHEMBL3609881,0,decoy
CHEMBL4104846,0,decoy
CHEMBL1798071,0,decoy
CHEMBL3654237,0,decoy
CHEMBL1765618,0,decoy
CHEMBL1800893,0,decoy
CHEMBL84218,0,decoy
CHEMBL84823,0,decoy
CHEMBL85137,0,decoy
CHEMBL2359160,0,decoy
CHEMBL2359996,0,decoy
CHEMBL1714989,0,decoy
CHEMBL1765625,0,decoy
CHEMBL4104236,0,decoy
CHEMBL4104565,0,decoy
CHEMBL3338453,0,decoy
CHEMBL3608531,0,decoy
CHEMBL1797804,0,decoy
CHEMBL1801001,0,decoy
CHEMBL3986198,0,decoy
CHEMBL3986781,0,decoy
CHEMBL1743737,0,decoy
CHEMBL1762688,0,decoy
CHEMBL1765388,0,decoy
CHEMBL1765849,0,decoy
CHEMBL4104362,0,decoy
CHEMBL4104410,0,decoy
CHEMBL1715315,0,decoy
CHEMBL1713641,0,decoy
CHEMBL3654344,0,decoy
CHEMBL3338519,0,decoy
CHEMBL3338521,0,decoy
CHEMBL3986397,0,decoy
CHEMBL5560356,0,decoy
CHEMBL3339095,0,decoy
CHEMBL1766039,0,decoy
CHEMBL4104877,0,decoy
CHEMBL4105538,0,decoy
CHEMBL1800497,0,decoy
CHEMBL1798058,0,decoy
CHEMBL1798072,0,decoy
CHEMBL4215022,0,decoy
CHEMBL3654362,0,decoy
CHEMBL3986464,0,decoy
CHEMBL420778,0,decoy
CHEMBL2359883,0,decoy
CHEMBL2360105,0,decoy
CHEMBL3338574,0,decoy
CHEMBL83469,0,decoy
CHEMBL316370,0,decoy
CHEMBL87974,0,decoy
CHEMBL5561561,0,decoy
CHEMBL1977355,0,decoy
CHEMBL4215621,0,decoy
CHEMBL4216088,0,decoy
CHEMBL5560358,0,decoy
CHEMBL2359404,0,decoy
CHEMBL1978173,0,decoy
CHEMBL3353013,0,decoy
CHEMBL3986784,0,decoy
CHEMBL315836,0,decoy
CHEMBL84759,0,decoy
CHEMBL84882,0,decoy
CHEMBL3717376,0,decoy
CHEMBL1800344,0,decoy
CHEMBL4215904,0,decoy
CHEMBL3654827,0,decoy
CHEMBL3338226,0,decoy
CHEMBL3985763,0,decoy
CHEMBL87710,0,decoy
CHEMBL4104318,0,decoy
CHEMBL1766055,0,decoy
CHEMBL4105215,0,decoy
CHEMBL4105393,0,decoy
CHEMBL3353609,0,decoy
CHEMBL5560579,0,decoy
CHEMBL5560872,0,decoy
CHEMBL4541567,0,decoy
CHEMBL2359313,0,decoy
CHEMBL3609409,0,decoy
CHEMBL3985843,0,decoy
CHEMBL2359353,0,decoy
CHEMBL1743918,0,decoy
CHEMBL1713891,0,decoy
CHEMBL1714159,0,decoy
CHEMBL3986508,0,decoy
CHEMBL4541113,0,decoy
CHEMBL3716485,0,decoy
CHEMBL5561052,0,decoy
CHEMBL1714772,0,decoy
CHEMBL1714858,0,decoy
CHEMBL1765201,0,decoy
CHEMBL4104926,0,decoy
CHEMBL3654863,0,decoy
CHEMBL3719210,0,decoy
CHEMBL543629,0,decoy
CHEMBL4215320,0,decoy
CHEMBL3654692,0,decoy
CHEMBL3654717,0,decoy
CHEMBL3353513,0,decoy
CHEMBL3609395,0,decoy
CHEMBL1765850,0,decoy
CHEMBL4104175,0,decoy
CHEMBL4214848,0,decoy
CHEMBL4215169,0,decoy
CHEMBL1765096,0,decoy
CHEMBL1766058,0,decoy
CHEMBL5561342,0,decoy
CHEMBL1762756,0,decoy
CHEMBL4104431,0,decoy
CHEMBL3655265,0,decoy
CHEMBL84046,0,decoy
CHEMBL5561109,0,decoy
CHEMBL1762592,0,decoy
CHEMBL1765847,0,decoy
CHEMBL1765863,0,decoy
CHEMBL1765972,0,decoy
CHEMBL1765983,0,decoy
CHEMBL1978458,0,decoy
CHEMBL4214964,0,decoy
CHEMBL3655334,0,decoy
CHEMBL5561238,0,decoy
CHEMBL4540361,0,decoy
CHEMBL4540693,0,decoy
CHEMBL4540732,0,decoy
CHEMBL3718218,0,decoy
CHEMBL1977506,0,decoy
CHEMBL3654423,0,decoy
CHEMBL3986062,0,decoy
CHEMBL4541305,0,decoy
CHEMBL2359549,0,decoy
CHEMBL1714167,0,decoy
CHEMBL3985436,0,decoy
CHEMBL3353514,0,decoy
CHEMBL1765871,0,decoy
CHEMBL4215704,0,decoy
CHEMBL3654573,0,decoy
CHEMBL1714543,0,decoy
CHEMBL1714788,0,decoy
CHEMBL1715389,0,decoy
CHEMBL1713621,0,decoy
CHEMBL1713856,0,decoy
CHEMBL1713876,0,decoy
CHEMBL1714666,0,decoy
CHEMBL1713555,0,decoy
CHEMBL1797929,0,decoy
CHEMBL1800286,0,decoy
CHEMBL1800323,0,decoy
CHEMBL3654829,0,decoy
CHEMBL3985973,0,decoy
CHEMBL5560711,0,decoy
CHEMBL2359187,0,decoy
CHEMBL1715181,0,decoy
CHEMBL1715406,0,decoy
CHEMBL1742183,0,decoy
CHEMBL4105498,0,decoy
CHEMBL4215256,0,decoy
CHEMBL3714883,0,decoy
CHEMBL1713869,0,decoy
CHEMBL3338284,0,decoy
CHEMBL5560445,0,decoy
CHEMBL5561074,0,decoy
CHEMBL3717534,0,decoy
CHEMBL3715163,0,decoy
CHEMBL1714142,0,decoy
CHEMBL1765855,0,decoy
CHEMBL4105031,0,decoy
CHEMBL4215339,0,decoy
CHEMBL3654351,0,decoy
CHEMBL3654534,0,decoy
CHEMBL1977782,0,decoy
CHEMBL1714681,0,decoy
CHEMBL1715199,0,decoy
CHEMBL1762821,0,decoy
CHEMBL4104648,0,decoy
CHEMBL4215033,0,decoy
CHEMBL3654620,0,decoy
CHEMBL3338161,0,decoy
CHEMBL3338343,0,decoy
CHEMBL5561640,0,decoy
CHEMBL3353213,0,decoy
CHEMBL4104502,0,decoy
CHEMBL3986200,0,decoy
CHEMBL3986322,0,decoy
CHEMBL4540878,0,decoy
CHEMBL4541139,0,decoy
CHEMBL553076,0,decoy
CHEMBL1762587,0,decoy
CHEMBL1762809,0,decoy
CHEMBL1765868,0,decoy
CHEMBL3655105,0,decoy
CHEMBL3655128,0,decoy
CHEMBL3655257,0,decoy
CHEMBL3986786,0,decoy
CHEMBL313131,0,decoy
CHEMBL3353091,0,decoy
CHEMBL3352824,0,decoy
CHEMBL3353557,0,decoy
CHEMBL1765441,0,decoy
CHEMBL4105445,0,decoy
CHEMBL3338454,0,decoy
CHEMBL5560708,0,decoy
CHEMBL2359558,0,decoy
CHEMBL4104908,0,decoy
CHEMBL3986805,0,decoy
CHEMBL5561302,0,decoy
CHEMBL5561621,0,decoy
CHEMBL1978755,0,decoy
CHEMBL3353822,0,decoy
CHEMBL1714964,0,decoy
CHEMBL1713714,0,decoy
CHEMBL542188,0,decoy
CHEMBL545033,0,decoy
CHEMBL4214888,0,decoy
CHEMBL3338321,0,decoy
CHEMBL1800161,0,decoy
CHEMBL3654378,0,decoy
CHEMBL3608750,0,decoy
CHEMBL5560547,0,decoy
CHEMBL3353196,0,decoy
CHEMBL552862,0,decoy
CHEMBL554662,0,decoy
CHEMBL555657,0,decoy
CHEMBL1762625,0,decoy
CHEMBL1762630,0,decoy
CHEMBL3654888,0,decoy
CHEMBL1766006,0,decoy
CHEMBL1766131,0,decoy
CHEMBL4104958,0,decoy
CHEMBL1798013,0,decoy
CHEMBL1800184,0,decoy
CHEMBL3338374,0,decoy
CHEMBL2286217,0,decoy
CHEMBL4105286,0,decoy
CHEMBL3655274,0,decoy
CHEMBL3338362,0,decoy
CHEMBL3338983,0,decoy
CHEMBL1798086,0,decoy
CHEMBL1800550,0,decoy
CHEMBL1800551,0,decoy
CHEMBL1800611,0,decoy
CHEMBL1800723,0,decoy
CHEMBL1800840,0,decoy
CHEMBL1800906,0,decoy
CHEMBL1800908,0,decoy
CHEMBL4215392,0,decoy
CHEMBL2286159,0,decoy
CHEMBL2286160,0,decoy
CHEMBL2286948,0,decoy
CHEMBL2286980,0,decoy
CHEMBL1762568,0,decoy
CHEMBL1765830,0,decoy
CHEMBL1765836,0,decoy
CHEMBL1765848,0,decoy
CHEMBL4104708,0,decoy
CHEMBL1714722,0,decoy
CHEMBL2286616,0,decoy
CHEMBL3986681,0,decoy
CHEMBL2359653,0,decoy
CHEMBL2360103,0,decoy
CHEMBL1715297,0,decoy
CHEMBL1800219,0,decoy
CHEMBL83071,0,decoy
CHEMBL82901,0,decoy
CHEMBL85868,0,decoy
CHEMBL5561444,0,decoy
CHEMBL4541649,0,decoy
CHEMBL1977484,0,decoy
CHEMBL1977551,0,decoy
CHEMBL1978354,0,decoy
CHEMBL1715307,0,decoy
CHEMBL1800682,0,decoy
CHEMBL3654467,0,decoy
CHEMBL3654725,0,decoy
CHEMBL3654743,0,decoy
CHEMBL3338323,0,decoy
CHEMBL3985543,0,decoy
CHEMBL3985729,0,decoy
CHEMBL83582,0,decoy
CHEMBL1714811,0,decoy
CHEMBL1742443,0,decoy
CHEMBL3609167,0,decoy
CHEMBL1743882,0,decoy
CHEMBL1765650,0,decoy
CHEMBL1800465,0,decoy
CHEMBL4215785,0,decoy
CHEMBL3654890,0,decoy
CHEMBL3985693,0,decoy
CHEMBL85900,0,decoy
CHEMBL5560451,0,decoy
CHEMBL2359698,0,decoy
CHEMBL3609102,0,decoy
CHEMBL3609760,0,decoy
CHEMBL554642,0,decoy
CHEMBL552894,0,decoy
CHEMBL3609650,0,decoy
CHEMBL4215086,0,decoy
CHEMBL3338856,0,decoy
CHEMBL3339075,0,decoy
CHEMBL3986279,0,decoy
CHEMBL3986660,0,decoy
CHEMBL314455,0,decoy
CHEMBL1714331,0,decoy
CHEMBL3655140,0,decoy
CHEMBL3655296,0,decoy
CHEMBL3338533,0,decoy
CHEMBL3338538,0,decoy
CHEMBL3655344,0,decoy
CHEMBL3985987,0,decoy
CHEMBL3986649,0,decoy
CHEMBL84703,0,decoy
CHEMBL87753,0,decoy
CHEMBL5560879,0,decoy
CHEMBL5561277,0,decoy
CHEMBL4540531,0,decoy
CHEMBL4541580,0,decoy
CHEMBL3353474,0,decoy
CHEMBL5561646,0,decoy
CHEMBL2360052,0,decoy
CHEMBL1978017,0,decoy
CHEMBL1743885,0,decoy
CHEMBL1713552,0,decoy
CHEMBL542951,0,decoy
CHEMBL4105379,0,decoy
CHEMBL4215852,0,decoy
CHEMBL3654282,0,decoy
CHEMBL3350847,0,decoy
CHEMBL3715061,0,decoy
CHEMBL3350688,0,decoy
CHEMBL3350699,0,decoy
CHEMBL3353677,0,decoy
CHEMBL3353678,0,decoy
CHEMBL2287008,0,decoy
CHEMBL3609151,0,decoy
CHEMBL1765157,0,decoy
CHEMBL5560693,0,decoy
CHEMBL1977489,0,decoy
CHEMBL2286610,0,decoy
CHEMBL4215278,0,decoy
CHEMBL4215401,0,decoy
CHEMBL4215775,0,decoy
CHEMBL3985665,0,decoy
CHEMBL3654846,0,decoy
CHEMBL1800933,0,decoy
CHEMBL1801004,0,decoy
CHEMBL4215414,0,decoy
CHEMBL4215631,0,decoy
CHEMBL1744063,0,decoy
CHEMBL5561548,0,decoy
CHEMBL4540552,0,decoy
CHEMBL4541044,0,decoy
CHEMBL3608784,0,decoy
CHEMBL3609602,0,decoy
CHEMBL3609871,0,decoy
CHEMBL1762680,0,decoy
CHEMBL1765220,0,decoy
CHEMBL1765822,0,decoy
CHEMBL1765896,0,decoy
CHEMBL4104757,0,decoy
CHEMBL4104833,0,decoy
CHEMBL1797949,0,decoy
CHEMBL1800427,0,decoy
CHEMBL1800522,0,decoy
CHEMBL4215431,0,decoy
CHEMBL4104722,0,decoy
CHEMBL312559,0,decoy
CHEMBL1742206,0,decoy
CHEMBL3608602,0,decoy
CHEMBL4105514,0,decoy
CHEMBL1800917,0,decoy
CHEMBL4216091,0,decoy
CHEMBL3654770,0,decoy
CHEMBL3654771,0,decoy
CHEMBL3338339,0,decoy
CHEMBL1765260,0,decoy
CHEMBL4104193,0,decoy
CHEMBL4105029,0,decoy
CHEMBL1797838,0,decoy
CHEMBL1800129,0,decoy
CHEMBL1800442,0,decoy
CHEMBL4215606,0,decoy
CHEMBL3609593,0,decoy
CHEMBL85577,0,decoy
CHEMBL84586,0,decoy
CHEMBL5560584,0,decoy
CHEMBL3716134,0,decoy
CHEMBL1977869,0,decoy
CHEMBL1714983,0,decoy
CHEMBL3353201,0,decoy
CHEMBL4104484,0,decoy
CHEMBL4104765,0,decoy
CHEMBL4105337,0,decoy
CHEMBL1800123,0,decoy
CHEMBL1800428,0,decoy
CHEMBL4214747,0,decoy
CHEMBL3655201,0,decoy
CHEMBL87321,0,decoy
CHEMBL3353036,0,decoy
CHEMBL1713643,0,decoy
CHEMBL1714116,0,decoy
CHEMBL3608695,0,decoy
CHEMBL4104471,0,decoy
CHEMBL4104547,0,decoy
CHEMBL1800770,0,decoy
CHEMBL1800832,0,decoy
CHEMBL1801133,0,decoy
CHEMBL4214906,0,decoy
CHEMBL4215653,0,decoy
CHEMBL4215861,0,decoy
CHEMBL4215971,0,decoy
CHEMBL3654358,0,decoy
CHEMBL3985705,0,decoy
CHEMBL3985824,0,decoy
CHEMBL4540646,0,decoy
CHEMBL4541175,0,decoy
CHEMBL3338527,0,decoy
CHEMBL5560332,0,decoy
CHEMBL2360049,0,decoy
CHEMBL1977733,0,decoy
CHEMBL1714128,0,decoy
