id,label,score,class,stage
CHEMBL5437384,1,-5.23203833579001,covalent,XP
CHEMBL5398692,1,-5.87780795120489,covalent,XP
CHEMBL1215628,1,-5.07954332690093,covalent,XP
CHEMBL4226307,1,-6.91497081883724,covalent,XP
CHEMBL5420328,1,-5.73177400374647,covalent,XP
CHEMBL4224764,1,-7.31740587371909,covalent,XP
CHEMBL4227031,1,-8.86641761196085,covalent,XP
CHEMBL486232,1,-3.91310052150826,covalent,XP
CHEMBL4227166,1,-7.92897646756016,covalent,XP
CHEMBL3358129,1,-7.42926446907977,covalent,XP
CHEMBL4227486,1,-5.58142927203488,covalent,XP
CHEMBL5407224,1,-6.06628871306069,covalent,XP
CHEMBL5411543,1,-5.2525107119587,covalent,XP
CHEMBL3358142,1,-7.44051056747437,covalent,XP
CHEMBL4227427,1,-5.84070030817812,covalent,XP
CHEMBL3358128,1,-6.0916121445906,covalent,XP
CHEMBL3352874,1,-7.7133282500911,covalent,XP
CHEMBL4228926,1,-4.57304747085181,covalent,XP
CHEMBL4226577,1,-6.46904032848149,covalent,XP
CHEMBL541700,1,-5.82417323430988,covalent,XP
CHEMBL4227848,1,-5.58459298420049,covalent,XP
CHEMBL3358141,1,-6.67579599105602,covalent,XP
CHEMBL3358144,1,-7.19425138764656,covalent,XP
CHEMBL3358143,1,-6.86567096523448,covalent,XP
CHEMBL1171802,1,-5.13839038034836,covalent,XP
CHEMBL501901,1,-5.71705917248652,covalent,XP
CHEMBL4228861,1,-4.21520252420625,covalent,XP
CHEMBL3358140,1,-7.91747537912873,covalent,XP
CHEMBL4225350,1,-7.64250154984475,covalent,XP
CHEMBL4227295,1,-5.20291603879553,covalent,XP
CHEMBL4434685,1,-6.5320530535426,covalent,XP
CHEMBL4467013,1,-6.32205936965736,covalent,XP
CHEMBL4439637,1,-4.80754599908678,covalent,XP
CHEMBL191881,1,-5.98430001957517,covalent,XP
CHEMBL4227696,1,-7.38733636979605,covalent,XP
CHEMBL4228143,1,-7.91669507376554,covalent,XP
CHEMBL4442854,1,-7.11821748065065,covalent,XP
CHEMBL4472824,1,-4.56010176825819,covalent,XP
CHEMBL4251480,1,-5.99088089456462,covalent,XP
CHEMBL4564002,1,-5.18239942999113,covalent,XP
CHEMBL3218476,1,-5.37045137111569,covalent,XP
CHEMBL3120847,1,-6.06959140432546,noncovalent,XP
CHEMBL327624,1,-5.09375792322642,covalent,XP
CHEMBL4442674,1,-5.63410052519555,covalent,XP
CHEMBL4096388,1,-6.75737433025618,covalent,XP
CHEMBL4224829,1,-4.64134136357701,covalent,XP
CHEMBL374508,1,-5.28436355430613,covalent,XP
CHEMBL2235031,1,-4.51535302605479,noncovalent,XP
CHEMBL4527228,1,-4.23974065094449,covalent,XP
CHEMBL4516951,1,-3.74425852694923,covalent,XP
CHEMBL2235039,1,-3.32943813904164,noncovalent,XP
CHEMBL4228343,1,-6.61480512728854,covalent,XP
CHEMBL4240920,1,-4.87667807748428,covalent,XP
CHEMBL4227965,1,-4.95818762698051,covalent,XP
CHEMBL3409895,1,-6.91084336599449,noncovalent,XP
CHEMBL2235030,1,-2.96937654349996,noncovalent,XP
CHEMBL4229174,1,-4.9373207910537,covalent,XP
CHEMBL4437416,1,-5.00521964626291,covalent,XP
CHEMBL4072275,1,-5.64481390785823,covalent,XP
CHEMBL2235038,1,-3.53290893232404,noncovalent,XP
CHEMBL4456644,1,-6.63764020905161,covalent,XP
CHEMBL2235034,1,-4.02531358572165,noncovalent,XP
CHEMBL2235037,1,-3.43838581182292,noncovalent,XP
CHEMBL5436591,1,-2.5928674510887,noncovalent,XP
CHEMBL3409913,1,-5.14994360670843,noncovalent,XP
CHEMBL3409912,1,-6.30760441621197,noncovalent,XP
CHEMBL182790,1,-4.81631005744594,noncovalent,XP
CHEMBL2235032,1,-4.93624173198609,noncovalent,XP
CHEMBL3409902,1,-5.88636556207119,noncovalent,XP
CHEMBL3409901,1,-4.77536159092556,noncovalent,XP
CHEMBL383647,1,-5.78611918621832,covalent,XP
CHEMBL4294334,1,2.10282382935934,covalent,XP
CHEMBL4555968,1,-5.57429221909401,covalent,XP
CHEMBL1171804,1,-4.44845281519166,covalent,XP
CHEMBL4475837,1,-6.89279188652115,covalent,XP
CHEMBL181752,1,-3.89913115591477,noncovalent,XP
CHEMBL5394407,1,-3.46397498547045,noncovalent,XP
CHEMBL2235033,1,-3.02496238216502,noncovalent,XP
CHEMBL5398031,1,-4.1501516837292,noncovalent,XP
CHEMBL5411995,1,-3.30943427354866,noncovalent,XP
CHEMBL4245127,1,-7.21318161627404,covalent,XP
CHEMBL3409915,1,-6.25548111759434,noncovalent,XP
CHEMBL181504,1,-4.15722945638913,noncovalent,XP
CHEMBL434743,1,-6.95788443554462,noncovalent,XP
CHEMBL183396,1,-4.3139259288218,noncovalent,XP
CHEMBL5420927,1,-3.72626848309943,noncovalent,XP
CHEMBL405741,1,-5.39194171907639,covalent,XP
CHEMBL4226767,1,-4.3473118918794,covalent,XP
CHEMBL2235035,1,-3.07782719034763,noncovalent,XP
CHEMBL223654,1,-7.78359045098177,noncovalent,XP
CHEMBL2235041,1,-1.44329564035775,noncovalent,XP
CHEMBL4062015,1,-4.37403899858746,covalent,XP
CHEMBL4083754,1,-5.15325100231867,covalent,XP
CHEMBL3409914,1,-5.3074788720202,noncovalent,XP
CHEMBL3409900,1,-4.70692244928237,noncovalent,XP
CHEMBL2235040,1,-4.18033778488458,noncovalent,XP
CHEMBL2235028,1,-3.2708414797265,noncovalent,XP
CHEMBL2235036,1,-4.32933085231996,noncovalent,XP
CHEMBL270278,1,-4.22264705165083,covalent,XP
CHEMBL271992,1,-3.93253107472414,covalent,XP
CHEMBL224801,1,-4.35734000441316,noncovalent,XP
CHEMBL5428518,1,-3.52713997477935,noncovalent,XP
CHEMBL408071,1,-5.23618477206763,covalent,XP
CHEMBL5439199,1,-4.02096564202725,noncovalent,XP
CHEMBL3120848,1,-6.18179590826589,noncovalent,XP
CHEMBL3409907,1,-5.69812105355419,noncovalent,XP
CHEMBL4248915,1,-5.2664123719832,covalent,XP
CHEMBL200151,1,-5.33250133609621,covalent,XP
CHEMBL4279824,1,-5.77758948053004,covalent,XP
CHEMBL3409908,1,-5.36122310604711,noncovalent,XP
CHEMBL4070637,1,-6.51483977534727,covalent,XP
CHEMBL5411313,1,-3.82258256448071,noncovalent,XP
CHEMBL381093,1,-4.32777858439281,noncovalent,XP
CHEMBL5434197,1,-2.6079312922232,noncovalent,XP
CHEMBL1171633,1,-5.58088709671538,covalent,XP
CHEMBL4225367,1,-5.97678509185765,covalent,XP
CHEMBL203801,1,-5.93322346966257,noncovalent,XP
CHEMBL403991,1,-4.95383590124245,covalent,XP
CHEMBL407354,1,-3.70586399036154,covalent,XP
CHEMBL272015,1,-3.66829878088974,covalent,XP
CHEMBL182795,1,-4.55049273322124,noncovalent,XP
CHEMBL192149,1,-2.49860968776189,covalent,XP
CHEMBL3409894,1,-6.8826380997935,noncovalent,XP
CHEMBL222870,1,-4.40872941853503,noncovalent,XP
CHEMBL5439062,1,-2.36083667538828,noncovalent,XP
CHEMBL402455,1,-5.33372861707047,covalent,XP
CHEMBL222871,1,-4.08017115965118,noncovalent,XP
CHEMBL4215216,1,-4.66767309525485,covalent,XP
CHEMBL1171803,1,-4.66642142499611,covalent,XP
CHEMBL224312,1,-5.42368020485425,noncovalent,XP
CHEMBL2235029,1,-2.7467923668757,noncovalent,XP
CHEMBL195381,1,-3.81196210655577,covalent,XP
CHEMBL195822,1,-3.56157123914425,covalent,XP
CHEMBL3358135,1,-5.20168665818116,covalent,XP
CHEMBL5426937,1,-3.59155197781825,noncovalent,XP
CHEMBL3409903,1,-7.83211008208866,noncovalent,XP
CHEMBL183005,1,-4.45063401188187,noncovalent,XP
CHEMBL194821,1,-3.97303399796898,covalent,XP
CHEMBL191640,1,-3.24909264460381,covalent,XP
CHEMBL225449,1,-6.80834651533232,noncovalent,XP
CHEMBL5425369,1,-1.73729526629448,noncovalent,XP
CHEMBL5407886,1,-5.07528849981253,noncovalent,XP
CHEMBL559434,1,-4.11906810983209,noncovalent,XP
CHEMBL203802,1,0.138268197124224,noncovalent,XP
CHEMBL4857262,1,-3.20441708388469,noncovalent,XP
CHEMBL5424376,1,-4.74360886416766,noncovalent,XP
CHEMBL5420093,1,-4.42058415155924,noncovalent,XP
CHEMBL4078345,1,-4.80144617195705,covalent,XP
CHEMBL4850572,1,-3.13038224142244,noncovalent,XP
CHEMBL4473513,1,-5.14338304780724,covalent,XP
CHEMBL224025,1,-7.90559054605489,noncovalent,XP
CHEMBL4868442,1,-2.97082829115058,noncovalent,XP
CHEMBL3120842,1,-6.31396664816325,noncovalent,XP
CHEMBL3409904,1,-4.87991533890854,noncovalent,XP
CHEMBL373022,1,-5.24287496905168,covalent,XP
CHEMBL204344,1,-4.1115240998084,noncovalent,XP
CHEMBL3358136,1,-5.7398425729957,covalent,XP
CHEMBL1171636,1,-4.28291513092087,covalent,XP
CHEMBL4594166,1,-7.46977060336125,covalent,XP
CHEMBL5409393,1,-4.33882800271129,covalent,XP
CHEMBL5556412,1,-5.48694585749329,noncovalent,XP
CHEMBL3358130,1,-8.20975381259833,covalent,XP
CHEMBL191457,1,-3.97154564190601,covalent,XP
CHEMBL225646,1,-4.10286402909328,noncovalent,XP
CHEMBL5426764,1,-6.66574779777025,covalent,XP
CHEMBL222322,1,-4.48042253632961,noncovalent,XP
CHEMBL5630614,1,-3.9272948568329,noncovalent,XP
CHEMBL92805,1,-3.06749986947907,covalent,XP
CHEMBL92956,1,-3.13161152790062,covalent,XP
CHEMBL91050,1,-3.23379383984505,noncovalent,XP
CHEMBL91856,1,-2.88884064105913,covalent,XP
CHEMBL5412407,1,-3.21605528495299,noncovalent,XP
CHEMBL4869807,1,-5.15846313016619,noncovalent,XP
CHEMBL120254,1,-4.23907681526992,noncovalent,XP
CHEMBL250154,1,-6.66310836859366,noncovalent,XP
CHEMBL3120835,1,-4.94058027939187,noncovalent,XP
CHEMBL4856045,1,-3.05876357630927,noncovalent,XP
CHEMBL203823,1,-6.50811238017727,noncovalent,XP
CHEMBL222325,1,-7.02938479712535,noncovalent,XP
CHEMBL3409906,1,-5.61470955660684,noncovalent,XP
CHEMBL5624599,1,-5.15422414658169,noncovalent,XP
CHEMBL5394920,1,-5.5292301068699,noncovalent,XP
CHEMBL5630817,1,-4.98472510667987,noncovalent,XP
CHEMBL4211317,1,-6.41911273732376,noncovalent,XP
CHEMBL414179,1,-2.14416463167852,covalent,XP
CHEMBL329629,1,-4.52585425511387,covalent,XP
CHEMBL90245,1,-2.90161367222971,noncovalent,XP
CHEMBL91049,1,-3.84843225364437,covalent,XP
CHEMBL329532,1,-3.20912732526192,covalent,XP
CHEMBL93341,1,-3.29268808566385,covalent,XP
CHEMBL423112,1,-5.78792350432926,covalent,XP
CHEMBL4207961,1,-5.06972174281044,noncovalent,XP
CHEMBL203649,1,-2.19503645507387,noncovalent,XP
CHEMBL5630121,1,-3.64076198516963,noncovalent,XP
CHEMBL3120834,1,-5.08066122721455,noncovalent,XP
CHEMBL374510,1,-5.41608554487531,covalent,XP
CHEMBL5404235,1,-5.07607236729803,noncovalent,XP
CHEMBL224893,1,-4.77952049564055,noncovalent,XP
CHEMBL5434874,1,-3.48227593947509,noncovalent,XP
CHEMBL4857754,1,-2.90736336619427,noncovalent,XP
CHEMBL1458713,1,-5.65330288287278,covalent,XP
CHEMBL3358137,1,-6.60777021302191,covalent,XP
CHEMBL5625072,1,-5.03533260918611,noncovalent,XP
CHEMBL221991,1,-6.08963046325448,covalent,XP
CHEMBL436500,1,-4.34398828630687,noncovalent,XP
CHEMBL3409897,1,-6.08399198330333,noncovalent,XP
CHEMBL4218177,1,-5.53758037633406,noncovalent,XP
CHEMBL5398485,1,-5.35090112064966,noncovalent,XP
CHEMBL203856,1,-5.7403907737383,noncovalent,XP
CHEMBL378223,1,-5.2762313769368,noncovalent,XP
CHEMBL5400091,1,-3.48127188820059,noncovalent,XP
CHEMBL1302947,1,-6.05726394591305,noncovalent,XP
CHEMBL4451728,1,-4.827175334527,noncovalent,XP
CHEMBL4582464,1,-3.33468457812779,noncovalent,XP
CHEMBL4449400,1,-5.11284987640805,noncovalent,XP
CHEMBL4582597,1,-4.45389301078972,noncovalent,XP
CHEMBL4578038,1,-6.61918236684919,noncovalent,XP
CHEMBL4458321,1,-4.81808497510227,noncovalent,XP
CHEMBL4551614,1,-3.69825882562233,noncovalent,XP
CHEMBL1584095,1,-5.67907270668669,noncovalent,XP
CHEMBL4444541,1,-4.75528266903806,noncovalent,XP
CHEMBL4471644,1,-5.07681874157396,noncovalent,XP
CHEMBL4218788,1,-7.10629426504948,noncovalent,XP
CHEMBL4786898,1,-5.49677114036161,noncovalent,XP
CHEMBL438659,1,-6.71815191253043,noncovalent,XP
CHEMBL3409899,1,-4.42658236888413,noncovalent,XP
CHEMBL1939368,1,-3.07757499440191,noncovalent,XP
CHEMBL5421969,1,-4.37137862772459,noncovalent,XP
CHEMBL5624786,1,-5.43664594361641,noncovalent,XP
CHEMBL2402204,1,-5.15935635148605,covalent,XP
CHEMBL5395393,1,-4.29311278275317,noncovalent,XP
CHEMBL4211543,1,-6.2003174744427,noncovalent,XP
CHEMBL3409905,1,-8.79332190518728,noncovalent,XP
CHEMBL224803,1,-4.7759442134026,noncovalent,XP
CHEMBL221833,1,-6.6827379222338,noncovalent,XP
CHEMBL4203015,1,-5.65500750870118,noncovalent,XP
CHEMBL3358133,1,-7.43974775177093,covalent,XP
CHEMBL4212687,1,-6.5659806255216,noncovalent,XP
CHEMBL5419296,1,-3.97631330177919,noncovalent,XP
CHEMBL4853187,1,-5.15846313016619,noncovalent,XP
CHEMBL1171866,1,-5.47486344420826,noncovalent,XP
CHEMBL209147,1,-4.73567170903083,noncovalent,XP
CHEMBL183767,1,-4.43289535940158,noncovalent,XP
CHEMBL5394154,1,-4.83162091867783,noncovalent,XP
CHEMBL3410086,1,-7.4873646748562,noncovalent,XP
CHEMBL5630622,1,-4.5630545031754,noncovalent,XP
CHEMBL207117,1,-5.56848503928428,noncovalent,XP
CHEMBL1171868,1,-5.94644397009719,noncovalent,XP
CHEMBL4209200,1,-6.46137759014848,noncovalent,XP
CHEMBL117767,1,-4.91337551179344,noncovalent,XP
CHEMBL118355,1,-4.66910447111104,noncovalent,XP
CHEMBL4101714,1,-6.22663095762238,covalent,XP
CHEMBL4100751,1,-6.73449575375892,covalent,XP
CHEMBL93881,1,-3.50375181528306,noncovalent,XP
CHEMBL420812,1,-3.32525486735488,noncovalent,XP
CHEMBL91234,1,-3.19873971849447,noncovalent,XP
CHEMBL433390,1,-2.98606749910398,noncovalent,XP
CHEMBL92738,1,-2.97886975548556,noncovalent,XP
CHEMBL323975,1,-4.55822526338779,noncovalent,XP
CHEMBL4213904,1,-5.41829784318062,noncovalent,XP
CHEMBL4209486,1,-4.85313302183175,noncovalent,XP
CHEMBL5397408,1,-3.86808902479594,noncovalent,XP
CHEMBL5438601,1,-3.71097695337186,noncovalent,XP
CHEMBL1800472,0,-7.58421205012627,decoy,XP
CHEMBL1800474,0,-7.10013940825745,decoy,XP
CHEMBL87684,0,-7.21429608715973,decoy,XP
CHEMBL1797998,0,-4.97495740436748,decoy,XP
CHEMBL4215114,0,-3.63310416327917,decoy,XP
CHEMBL4214953,0,-6.05069843353242,decoy,XP
CHEMBL86088,0,-5.51860704356235,decoy,XP
CHEMBL2359876,0,-6.50106125768784,decoy,XP
CHEMBL2359901,0,-6.40701964901387,decoy,XP
CHEMBL1978741,0,-5.21600218044753,decoy,XP
CHEMBL1714447,0,-4.92048106973136,decoy,XP
CHEMBL1714558,0,-5.5301343732852,decoy,XP
CHEMBL1742424,0,-6.83946797831702,decoy,XP
CHEMBL3985681,0,-5.47081331280942,decoy,XP
CHEMBL4215025,0,-5.43632961542021,decoy,XP
CHEMBL3654752,0,-5.76383247770401,decoy,XP
CHEMBL4104740,0,-3.63248637470464,decoy,XP
CHEMBL3654631,0,-6.31504314056485,decoy,XP
CHEMBL1765143,0,-5.38609509413858,decoy,XP
CHEMBL4105382,0,-3.34736809551613,decoy,XP
CHEMBL1713867,0,-4.45629989853901,decoy,XP
CHEMBL4104416,0,-4.45089963878619,decoy,XP
CHEMBL4104492,0,-5.11063466837695,decoy,XP
CHEMBL4105223,0,-4.55387699288213,decoy,XP
CHEMBL4105299,0,-5.67206087641102,decoy,XP
CHEMBL2359099,0,-4.48274653904829,decoy,XP
CHEMBL4105513,0,-3.17495995522256,decoy,XP
CHEMBL1801078,0,-5.60441679140123,decoy,XP
CHEMBL3654630,0,-5.53669690012427,decoy,XP
CHEMBL3985859,0,-3.58415483076513,decoy,XP
CHEMBL4541177,0,-6.0995730605855,decoy,XP
CHEMBL2359488,0,-7.19701656534906,decoy,XP
CHEMBL2359657,0,-6.5150514547394,decoy,XP
CHEMBL85762,0,-4.14960773220006,decoy,XP
CHEMBL5561030,0,-4.56466691663357,decoy,XP
CHEMBL2359536,0,-7.92825142787574,decoy,XP
CHEMBL2359896,0,-4.95494146950476,decoy,XP
CHEMBL1714732,0,-4.29609015607231,decoy,XP
CHEMBL1714944,0,-1.17479599426972,decoy,XP
CHEMBL3353529,0,-1.72011964516567,decoy,XP
CHEMBL3654820,0,-5.96816339371641,decoy,XP
CHEMBL3654824,0,-5.61022447502926,decoy,XP
CHEMBL3654932,0,-5.4916958349825,decoy,XP
CHEMBL3655084,0,-5.02175190247022,decoy,XP
CHEMBL3655094,0,-4.69388354253943,decoy,XP
CHEMBL3338122,0,-4.92175430785795,decoy,XP
CHEMBL3985624,0,-6.36362874065173,decoy,XP
CHEMBL3985648,0,-4.55811842994567,decoy,XP
CHEMBL83291,0,-5.20525532285605,decoy,XP
CHEMBL5561178,0,-4.37028073117203,decoy,XP
CHEMBL552668,0,-7.77110135426016,decoy,XP
CHEMBL1800279,0,-4.23898145112585,decoy,XP
CHEMBL1800940,0,-4.62248295731533,decoy,XP
CHEMBL4215716,0,-6.04223481158875,decoy,XP
CHEMBL5561340,0,-5.45883806436026,decoy,XP
CHEMBL2359865,0,-4.69259897415671,decoy,XP
CHEMBL2360008,0,-4.33642412267487,decoy,XP
CHEMBL1977445,0,-4.8782756869695,decoy,XP
CHEMBL1715171,0,-3.99079751466836,decoy,XP
CHEMBL3350477,0,-5.38791357711391,decoy,XP
CHEMBL3350999,0,-4.87762056802023,decoy,XP
CHEMBL2359768,0,-5.17029299547158,decoy,XP
CHEMBL1713794,0,-2.52646217350455,decoy,XP
CHEMBL1714111,0,-4.71487926382549,decoy,XP
CHEMBL4104785,0,-7.21536745386714,decoy,XP
CHEMBL1800473,0,-5.82644740131269,decoy,XP
CHEMBL4215028,0,-4.31333734803539,decoy,XP
CHEMBL4215186,0,-6.3467306078995,decoy,XP
CHEMBL1713807,0,-2.69948006642668,decoy,XP
CHEMBL4104312,0,-4.54400322642059,decoy,XP
CHEMBL3654642,0,-7.23968279060262,decoy,XP
CHEMBL3338606,0,-3.47338965776376,decoy,XP
CHEMBL4104315,0,-5.85046929702609,decoy,XP
CHEMBL1797982,0,-5.81911207176934,decoy,XP
CHEMBL5561424,0,-6.49612885588365,decoy,XP
CHEMBL2359266,0,-5.48674347186866,decoy,XP
CHEMBL2359428,0,-3.07822046064688,decoy,XP
CHEMBL3353396,0,-5.66137089245234,decoy,XP
CHEMBL3353402,0,-5.32957372288538,decoy,XP
CHEMBL4104494,0,-2.42820815968974,decoy,XP
CHEMBL3654625,0,-8.01744418728524,decoy,XP
CHEMBL3338131,0,-4.14507171131296,decoy,XP
CHEMBL2359497,0,-4.08677754872272,decoy,XP
CHEMBL1766061,0,-5.48030935459649,decoy,XP
CHEMBL4105225,0,-4.37775071504285,decoy,XP
CHEMBL1800950,0,-4.23526988884488,decoy,XP
CHEMBL1801047,0,-4.12434914780764,decoy,XP
CHEMBL1801051,0,-4.29110715635749,decoy,XP
CHEMBL1801088,0,-5.00892682054025,decoy,XP
CHEMBL4214857,0,-4.34551457408836,decoy,XP
CHEMBL4214994,0,-5.3023474894992,decoy,XP
CHEMBL1801052,0,-3.91944236245995,decoy,XP
CHEMBL4215423,0,-4.12617811893123,decoy,XP
CHEMBL4215990,0,-4.95387423780295,decoy,XP
CHEMBL3654560,0,-6.41106738594625,decoy,XP
CHEMBL3655384,0,-3.05658297782211,decoy,XP
CHEMBL3985590,0,-5.49773338352633,decoy,XP
CHEMBL5561223,0,-6.61252576348175,decoy,XP
CHEMBL4105133,0,-4.87825685213104,decoy,XP
CHEMBL3338450,0,-5.75602891923679,decoy,XP
CHEMBL5561381,0,-4.17859813522571,decoy,XP
CHEMBL3350698,0,-4.36307698554837,decoy,XP
CHEMBL1714194,0,-1.52399780228944,decoy,XP
CHEMBL1800788,0,-3.79455386389705,decoy,XP
CHEMBL4215276,0,-4.43850336853176,decoy,XP
CHEMBL4215329,0,-4.22198713881124,decoy,XP
CHEMBL3338121,0,-3.87668608182103,decoy,XP
CHEMBL3338972,0,-4.74852873077047,decoy,XP
CHEMBL3985603,0,-4.69626031981894,decoy,XP
CHEMBL3654448,0,-8.42608621359527,decoy,XP
CHEMBL2359871,0,-2.88372266757092,decoy,XP
CHEMBL1766123,0,-2.02166692589574,decoy,XP
CHEMBL4104716,0,-4.85543281064095,decoy,XP
CHEMBL4104718,0,-5.70757967389608,decoy,XP
CHEMBL1714439,0,-4.57158537150912,decoy,XP
CHEMBL4104503,0,-4.96166729093762,decoy,XP
CHEMBL4105182,0,-3.9684942576487,decoy,XP
CHEMBL1798049,0,-4.44797668922654,decoy,XP
CHEMBL1798089,0,-1.81694600376795,decoy,XP
CHEMBL1798090,0,-2.33030366997735,decoy,XP
CHEMBL1800298,0,-5.8388124362062,decoy,XP
CHEMBL1800839,0,-4.03497416962416,decoy,XP
CHEMBL4214853,0,-3.47402841574399,decoy,XP
CHEMBL4214991,0,-6.29588542185858,decoy,XP
CHEMBL3985669,0,-5.67412229963508,decoy,XP
CHEMBL83186,0,1.28983852097017,decoy,XP
CHEMBL4105304,0,-6.75422759584048,decoy,XP
CHEMBL3338968,0,-5.00514736386655,decoy,XP
CHEMBL3985654,0,-3.82243709823877,decoy,XP
CHEMBL3986505,0,-5.43323962246599,decoy,XP
CHEMBL5560528,0,-4.92237931584698,decoy,XP
CHEMBL5561007,0,-4.47636446423384,decoy,XP
CHEMBL4541413,0,-4.95974689646506,decoy,XP
CHEMBL2359108,0,-4.70227367107005,decoy,XP
CHEMBL2359305,0,-5.15575675037482,decoy,XP
CHEMBL1766182,0,-5.23046349813946,decoy,XP
CHEMBL4104199,0,-4.26072041766376,decoy,XP
CHEMBL4104723,0,-6.38387988336094,decoy,XP
CHEMBL4104780,0,-4.25758642846232,decoy,XP
CHEMBL4105518,0,-5.06521740307442,decoy,XP
CHEMBL1801011,0,-4.38152566776306,decoy,XP
CHEMBL4214755,0,-4.87723552566141,decoy,XP
CHEMBL1743667,0,-7.065915023302,decoy,XP
CHEMBL3654896,0,-7.48822679246951,decoy,XP
CHEMBL82044,0,-6.55024306194592,decoy,XP
CHEMBL85149,0,-8.56567273651255,decoy,XP
CHEMBL86157,0,-4.34644023355058,decoy,XP
CHEMBL86130,0,-5.84566161904638,decoy,XP
CHEMBL315830,0,-5.69809346830432,decoy,XP
CHEMBL3985936,0,-3.28369862360361,decoy,XP
CHEMBL2359946,0,-1.74127914809679,decoy,XP
CHEMBL1762627,0,-4.41015081793912,decoy,XP
CHEMBL4215591,0,-4.34469936444079,decoy,XP
CHEMBL1714673,0,-5.72593324781671,decoy,XP
CHEMBL1715062,0,-2.55902025193801,decoy,XP
CHEMBL1742101,0,-5.38927693025824,decoy,XP
CHEMBL2359855,0,-4.92229360482811,decoy,XP
CHEMBL1715313,0,-4.70705552648425,decoy,XP
CHEMBL1742382,0,-5.04657533090989,decoy,XP
CHEMBL4215235,0,-4.07735534443239,decoy,XP
CHEMBL3654241,0,-5.5715316695185,decoy,XP
CHEMBL3654258,0,-5.19534694123047,decoy,XP
CHEMBL3986426,0,-4.51675926743592,decoy,XP
CHEMBL2359692,0,-5.88025163289095,decoy,XP
CHEMBL1800972,0,-6.1738375308989,decoy,XP
CHEMBL2358939,0,-4.44678538169516,decoy,XP
CHEMBL2359197,0,-4.6705968904487,decoy,XP
CHEMBL2360003,0,-5.22326915423233,decoy,XP
CHEMBL4215644,0,-4.55420272497771,decoy,XP
CHEMBL4105313,0,-4.90110258993922,decoy,XP
CHEMBL4105319,0,-3.31256268193145,decoy,XP
CHEMBL4105511,0,-5.91688027034052,decoy,XP
CHEMBL1797953,0,-4.83556505084912,decoy,XP
CHEMBL1797974,0,-5.13876372378508,decoy,XP
CHEMBL3986626,0,-3.44272474926338,decoy,XP
CHEMBL1714987,0,-3.98823914896034,decoy,XP
CHEMBL1744056,0,-7.06129366323556,decoy,XP
CHEMBL1713946,0,-2.37840970937076,decoy,XP
CHEMBL1714185,0,-5.39897346236871,decoy,XP
CHEMBL1714280,0,-4.57832888573139,decoy,XP
CHEMBL4104200,0,-3.98825552007239,decoy,XP
CHEMBL1801075,0,-5.86507648040087,decoy,XP
CHEMBL5560417,0,-4.17692852635586,decoy,XP
CHEMBL5561050,0,-4.76734348259601,decoy,XP
CHEMBL2358950,0,-2.04049274523222,decoy,XP
CHEMBL2358966,0,-2.55230530526999,decoy,XP
CHEMBL2359459,0,-8.37078068019673,decoy,XP
CHEMBL3716894,0,-5.67679480126194,decoy,XP
CHEMBL4105466,0,-5.4794914466548,decoy,XP
CHEMBL1800864,0,-4.37176739212653,decoy,XP
CHEMBL4215541,0,-6.24222864253458,decoy,XP
CHEMBL2359835,0,-6.23429656259611,decoy,XP
CHEMBL545040,0,-5.80269018383832,decoy,XP
CHEMBL4104894,0,-5.1362092158848,decoy,XP
CHEMBL1797915,0,-4.48327267825154,decoy,XP
CHEMBL1800876,0,-6.63126081092389,decoy,XP
CHEMBL3338706,0,-3.11072759416245,decoy,XP
CHEMBL3337469,0,-5.09356118738917,decoy,XP
CHEMBL5560771,0,-5.43021751052887,decoy,XP
CHEMBL4541196,0,-6.72089736865657,decoy,XP
CHEMBL3608644,0,-4.02610685908587,decoy,XP
CHEMBL3609591,0,0.718888467902671,decoy,XP
CHEMBL4104325,0,-5.91134458171721,decoy,XP
CHEMBL4105095,0,-4.66902290035875,decoy,XP
CHEMBL4215099,0,-5.68522265332708,decoy,XP
CHEMBL4215674,0,-4.85430073404686,decoy,XP
CHEMBL4215874,0,-4.04457943181677,decoy,XP
CHEMBL3655353,0,-5.09163015379226,decoy,XP
CHEMBL3338031,0,-3.99161697848256,decoy,XP
CHEMBL3338664,0,-3.09089589593664,decoy,XP
CHEMBL1801068,0,-5.27211045936724,decoy,XP
CHEMBL1801158,0,-5.17173861087832,decoy,XP
CHEMBL3654438,0,-3.50851873017306,decoy,XP
CHEMBL3655327,0,-3.4176794778321,decoy,XP
CHEMBL3338209,0,-5.5561993197309,decoy,XP
CHEMBL3338214,0,-4.68531041278127,decoy,XP
CHEMBL3986011,0,-6.3531349930621,decoy,XP
CHEMBL313716,0,-2.80272719750943,decoy,XP
CHEMBL87596,0,-5.26705073881756,decoy,XP
CHEMBL2358978,0,-5.62942879149086,decoy,XP
CHEMBL2359172,0,-5.16457231529307,decoy,XP
CHEMBL1743907,0,-5.51718288865869,decoy,XP
CHEMBL1743908,0,-0.946954889278043,decoy,XP
CHEMBL1765783,0,-6.36916329155635,decoy,XP
CHEMBL4214777,0,-5.59658956003543,decoy,XP
CHEMBL3654471,0,-6.15565233503554,decoy,XP
CHEMBL3654759,0,-7.18334425195385,decoy,XP
CHEMBL5560741,0,-4.07723489316905,decoy,XP
CHEMBL5561084,0,-5.43961906026897,decoy,XP
CHEMBL4540917,0,-3.78054393139522,decoy,XP
CHEMBL3986199,0,-3.67441911113099,decoy,XP
CHEMBL3986661,0,-4.14815598847069,decoy,XP
CHEMBL84601,0,-4.28311474672597,decoy,XP
CHEMBL3715367,0,-5.74244499879119,decoy,XP
CHEMBL3716601,0,-5.88847158389849,decoy,XP
CHEMBL3716265,0,-5.02936230912504,decoy,XP
CHEMBL1765619,0,-4.80890868626555,decoy,XP
CHEMBL1766145,0,-3.8594477875441,decoy,XP
CHEMBL4105301,0,-4.7713644413297,decoy,XP
CHEMBL1800778,0,-5.22126924351938,decoy,XP
CHEMBL1800826,0,-5.51375553003601,decoy,XP
CHEMBL1800982,0,-4.31900846655092,decoy,XP
CHEMBL1801156,0,-3.81385970689195,decoy,XP
CHEMBL4215507,0,-3.63652061617145,decoy,XP
CHEMBL4215517,0,-4.61741985435368,decoy,XP
CHEMBL5561489,0,2.55721711197092,decoy,XP
CHEMBL4541650,0,-7.20073428754003,decoy,XP
CHEMBL3716480,0,-5.66632386334417,decoy,XP
CHEMBL1978588,0,-3.35683749248537,decoy,XP
CHEMBL1715479,0,-5.07588057737787,decoy,XP
CHEMBL1765819,0,-4.68423336006996,decoy,XP
CHEMBL3985733,0,-4.11811123744042,decoy,XP
CHEMBL5560573,0,-3.43747686817252,decoy,XP
CHEMBL3718564,0,-5.01615281545731,decoy,XP
CHEMBL3716398,0,-6.13071750992518,decoy,XP
CHEMBL3719340,0,-3.83299381770543,decoy,XP
CHEMBL3716719,0,-4.01574809485123,decoy,XP
CHEMBL3608527,0,-3.91732306528075,decoy,XP
CHEMBL3986451,0,-5.91021095629728,decoy,XP
CHEMBL3986793,0,-4.97132733063392,decoy,XP
CHEMBL4104221,0,-5.8058259314078,decoy,XP
CHEMBL4104283,0,-5.4626466017548,decoy,XP
CHEMBL4104286,0,-3.56968985269385,decoy,XP
CHEMBL4104294,0,-4.76505002794087,decoy,XP
CHEMBL4104391,0,-6.95374024336124,decoy,XP
CHEMBL4104735,0,-5.36454690047762,decoy,XP
CHEMBL4104751,0,-2.85164145224747,decoy,XP
CHEMBL4214945,0,-4.37750742803857,decoy,XP
CHEMBL4215118,0,-3.70294108487079,decoy,XP
CHEMBL4215147,0,-6.01297890322129,decoy,XP
CHEMBL4215210,0,-6.59517740381948,decoy,XP
CHEMBL3654262,0,-5.04909503798692,decoy,XP
CHEMBL3338034,0,-4.06091024528067,decoy,XP
CHEMBL5561660,0,-7.2243213800934,decoy,XP
CHEMBL4541514,0,-4.14014173665383,decoy,XP
CHEMBL3338669,0,-6.3231702929188,decoy,XP
CHEMBL85005,0,-4.05356594862689,decoy,XP
CHEMBL3339144,0,-5.30331285585811,decoy,XP
CHEMBL3718428,0,-5.50378622792834,decoy,XP
CHEMBL4104519,0,-3.56643875494075,decoy,XP
CHEMBL4104540,0,-5.90096353765493,decoy,XP
CHEMBL4105383,0,-6.56827206773271,decoy,XP
CHEMBL4215255,0,-1.89839274837187,decoy,XP
CHEMBL4215550,0,-5.58216855150382,decoy,XP
CHEMBL1714857,0,-4.46587804695072,decoy,XP
CHEMBL1713532,0,-4.97205145451229,decoy,XP
CHEMBL553987,0,-3.69258740072245,decoy,XP
CHEMBL4105032,0,-3.30985774737315,decoy,XP
CHEMBL4104401,0,-4.07541970275665,decoy,XP
CHEMBL5560352,0,-2.71500841429215,decoy,XP
CHEMBL4540472,0,-3.74647283637208,decoy,XP
CHEMBL3717530,0,1.31614316246878,decoy,XP
CHEMBL1977647,0,-5.95301883740275,decoy,XP
CHEMBL4104254,0,-6.45511119657209,decoy,XP
CHEMBL4215729,0,-3.44058704530729,decoy,XP
CHEMBL3655337,0,-4.14373384488587,decoy,XP
CHEMBL3986017,0,-5.62753438168155,decoy,XP
CHEMBL3986549,0,-5.41230016959665,decoy,XP
CHEMBL82445,0,-6.51621977087891,decoy,XP
CHEMBL5560514,0,-6.7892590421113,decoy,XP
CHEMBL4540598,0,-4.27895708505915,decoy,XP
CHEMBL4541254,0,-4.1540959597042,decoy,XP
CHEMBL3715654,0,-4.95299722401855,decoy,XP
CHEMBL3986353,0,-4.83703360306084,decoy,XP
CHEMBL3986665,0,-6.70099417010492,decoy,XP
CHEMBL3718030,0,-6.3463644836635,decoy,XP
CHEMBL2359475,0,-4.6227976392914,decoy,XP
CHEMBL2359567,0,-4.17157126782971,decoy,XP
CHEMBL3609312,0,-4.42233967525124,decoy,XP
CHEMBL3654615,0,-3.73329190006315,decoy,XP
CHEMBL3719014,0,-4.18312651539705,decoy,XP
CHEMBL1977595,0,-3.78407996589222,decoy,XP
CHEMBL3608656,0,-4.41173178553246,decoy,XP
CHEMBL1765337,0,-4.03901727414648,decoy,XP
CHEMBL4215481,0,-1.73226957556436,decoy,XP
CHEMBL4215547,0,-3.38891619832024,decoy,XP
CHEMBL4215702,0,-4.74009774888897,decoy,XP
CHEMBL1715193,0,-6.55473281824329,decoy,XP
CHEMBL1742472,0,-5.16028650763806,decoy,XP
CHEMBL1743896,0,-5.38703625161353,decoy,XP
CHEMBL1743898,0,-1.9995153897399,decoy,XP
CHEMBL1797799,0,-5.04909817404615,decoy,XP
CHEMBL3338938,0,-5.51283204231281,decoy,XP
CHEMBL3338939,0,-5.16325602438386,decoy,XP
CHEMBL545039,0,-5.58154479531334,decoy,XP
CHEMBL3337988,0,-5.76545794559064,decoy,XP
CHEMBL3985880,0,-4.31615252765763,decoy,XP
CHEMBL4540429,0,-6.43367701142347,decoy,XP
CHEMBL1715423,0,-5.6588616072165,decoy,XP
CHEMBL3654706,0,-7.47015372997469,decoy,XP
CHEMBL5561286,0,-7.74250169023852,decoy,XP
CHEMBL4540416,0,-5.50680931728467,decoy,XP
CHEMBL4540969,0,-4.75771603744188,decoy,XP
CHEMBL1978625,0,-4.92502348731074,decoy,XP
CHEMBL1765743,0,-5.22825960442436,decoy,XP
CHEMBL4215181,0,-5.56008076967824,decoy,XP
CHEMBL4215609,0,-5.77108586528759,decoy,XP
CHEMBL3654748,0,-7.80668010482096,decoy,XP
CHEMBL1800916,0,-4.00926594969516,decoy,XP
CHEMBL1765259,0,-4.82593006584386,decoy,XP
CHEMBL1765914,0,-3.29681682232086,decoy,XP
CHEMBL4104274,0,-4.73637820498804,decoy,XP
CHEMBL1798045,0,-5.97644377612203,decoy,XP
CHEMBL1798054,0,-5.96549188583173,decoy,XP
CHEMBL1798055,0,-5.68730198565889,decoy,XP
CHEMBL1800143,0,-5.47159994934669,decoy,XP
CHEMBL3985674,0,-5.86864319338596,decoy,XP
CHEMBL3986635,0,-3.70941268510333,decoy,XP
CHEMBL311599,0,5.00084869099156,decoy,XP
CHEMBL313882,0,-3.64254617827274,decoy,XP
CHEMBL84593,0,-0.5446017479354,decoy,XP
CHEMBL5561361,0,-4.1436151820173,decoy,XP
CHEMBL4215747,0,-3.02153709416729,decoy,XP
CHEMBL4215976,0,-5.01469060674188,decoy,XP
CHEMBL3654549,0,-5.68417955468033,decoy,XP
CHEMBL3654791,0,-6.61389993545756,decoy,XP
CHEMBL3655363,0,-3.94259551421402,decoy,XP
CHEMBL3655378,0,-4.70695647292186,decoy,XP
CHEMBL4215770,0,-4.93090716318441,decoy,XP
CHEMBL3654541,0,-4.43765327865758,decoy,XP
CHEMBL3338039,0,-3.6559158023416,decoy,XP
CHEMBL3986196,0,-6.07024514455297,decoy,XP
CHEMBL545716,0,-3.7082279919957,decoy,XP
CHEMBL3654920,0,-7.2171006475206,decoy,XP
CHEMBL3339029,0,-7.84846148209038,decoy,XP
CHEMBL3339032,0,-5.90015818376203,decoy,XP
CHEMBL3714944,0,-5.41884005524907,decoy,XP
CHEMBL1800632,0,-3.77487782227661,decoy,XP
CHEMBL1801031,0,-5.31121253586454,decoy,XP
CHEMBL3654473,0,-4.49528101823695,decoy,XP
CHEMBL85158,0,-5.62436493582392,decoy,XP
CHEMBL5560652,0,-4.34315082930581,decoy,XP
CHEMBL4541101,0,-3.7510122555195,decoy,XP
CHEMBL4541736,0,-5.26607635579639,decoy,XP
CHEMBL3716865,0,-2.76270795880983,decoy,XP
CHEMBL3714929,0,-5.75149360518969,decoy,XP
CHEMBL3718180,0,-5.11589187660281,decoy,XP
CHEMBL1797991,0,-5.74033658085711,decoy,XP
CHEMBL85028,0,-5.01501165917106,decoy,XP
CHEMBL432372,0,-0.421988124036609,decoy,XP
CHEMBL5560621,0,-5.63665395542632,decoy,XP
CHEMBL5561063,0,-5.42807201881974,decoy,XP
CHEMBL3715416,0,-4.29992178660379,decoy,XP
CHEMBL3717275,0,-4.38616345490828,decoy,XP
CHEMBL3717065,0,-6.86593571195055,decoy,XP
CHEMBL3718098,0,-4.04838442736369,decoy,XP
CHEMBL2359445,0,-4.96121759176519,decoy,XP
CHEMBL1977315,0,-5.23474866291548,decoy,XP
CHEMBL1714641,0,-4.29566360933257,decoy,XP
CHEMBL3353358,0,-3.9519644170204,decoy,XP
CHEMBL3353606,0,-3.95019582837392,decoy,XP
CHEMBL3608315,0,-4.26044258768856,decoy,XP
CHEMBL1765177,0,-3.91989346528792,decoy,XP
CHEMBL1765178,0,-4.3505793080953,decoy,XP
CHEMBL3986320,0,-3.7324123016817,decoy,XP
CHEMBL3986632,0,-2.70462371072402,decoy,XP
CHEMBL3986652,0,-3.92737812041288,decoy,XP
CHEMBL5560740,0,-5.85226730569382,decoy,XP
CHEMBL3716632,0,-6.29626496080198,decoy,XP
CHEMBL3714934,0,-3.20049870486321,decoy,XP
CHEMBL3715442,0,-3.95077741766544,decoy,XP
CHEMBL1765717,0,-5.89524560812683,decoy,XP
CHEMBL4104385,0,-4.31073747661662,decoy,XP
CHEMBL4105150,0,-3.85113622582988,decoy,XP
CHEMBL1800563,0,-5.50462643902729,decoy,XP
CHEMBL1800445,0,-5.55079228223307,decoy,XP
CHEMBL3986092,0,-0.446914872328252,decoy,XP
CHEMBL316216,0,-4.73258982647075,decoy,XP
CHEMBL2359884,0,-3.28436307907007,decoy,XP
CHEMBL1977945,0,-4.23158230557773,decoy,XP
CHEMBL1743263,0,-2.55810747531919,decoy,XP
CHEMBL3338402,0,-6.42007949732591,decoy,XP
CHEMBL3339024,0,-6.20816867644965,decoy,XP
CHEMBL313534,0,-5.98765156916237,decoy,XP
CHEMBL4541169,0,-7.72354946555099,decoy,XP
CHEMBL1713339,0,-6.43318111920812,decoy,XP
CHEMBL3715786,0,-3.94864152125709,decoy,XP
CHEMBL3716681,0,-5.61182686766101,decoy,XP
CHEMBL3353355,0,-4.87107781076661,decoy,XP
CHEMBL4104500,0,-4.17917694913107,decoy,XP
CHEMBL4215474,0,-7.20419573281679,decoy,XP
CHEMBL3985740,0,-4.34689716149154,decoy,XP
CHEMBL84955,0,-6.40145880025785,decoy,XP
CHEMBL3718698,0,-3.23110727903562,decoy,XP
CHEMBL3715842,0,-1.12110806419571,decoy,XP
CHEMBL1978150,0,-5.67483494224574,decoy,XP
CHEMBL3338448,0,-4.51412427258705,decoy,XP
CHEMBL3718366,0,-5.25233031573986,decoy,XP
CHEMBL1977538,0,-4.29373083803112,decoy,XP
CHEMBL3353406,0,-5.56774879000814,decoy,XP
CHEMBL3353409,0,-4.90800044628817,decoy,XP
CHEMBL2286490,0,-2.5715425213203,decoy,XP
CHEMBL2286494,0,-2.91996254612554,decoy,XP
CHEMBL543162,0,-5.75918211863367,decoy,XP
CHEMBL85110,0,-4.60605385725248,decoy,XP
CHEMBL4105121,0,-4.85026432385959,decoy,XP
CHEMBL1798084,0,-2.87703438551372,decoy,XP
CHEMBL1800532,0,-5.75799879149964,decoy,XP
CHEMBL1978549,0,-5.56920433691373,decoy,XP
CHEMBL1713740,0,-4.471601626621,decoy,XP
CHEMBL1762664,0,-3.47991034838121,decoy,XP
CHEMBL1765763,0,-5.06735146067708,decoy,XP
CHEMBL1765765,0,-4.96784482639357,decoy,XP
CHEMBL4104809,0,-4.45030041125405,decoy,XP
CHEMBL4105184,0,-5.53019439621903,decoy,XP
CHEMBL1800195,0,-4.53207954956334,decoy,XP
CHEMBL3986244,0,-5.18897688370725,decoy,XP
CHEMBL2359953,0,-4.74718090321648,decoy,XP
CHEMBL1714958,0,-3.8971886311895,decoy,XP
CHEMBL3350871,0,-3.77007933735447,decoy,XP
CHEMBL3353754,0,-6.09738982586556,decoy,XP
CHEMBL1743603,0,-5.6998936890151,decoy,XP
CHEMBL3608609,0,-3.93070179124578,decoy,XP
CHEMBL543424,0,-4.91930397931925,decoy,XP
CHEMBL4104550,0,-4.43517668746693,decoy,XP
CHEMBL4105139,0,-2.62659579481223,decoy,XP
CHEMBL4215772,0,-0.480553095599918,decoy,XP
CHEMBL3654481,0,-5.40590207090085,decoy,XP
CHEMBL3654553,0,-5.48205793217918,decoy,XP
CHEMBL3338129,0,-3.31059903929901,decoy,XP
CHEMBL3986404,0,-3.42882481876694,decoy,XP
CHEMBL3986554,0,-5.58586340771752,decoy,XP
CHEMBL2359947,0,-6.66569108959593,decoy,XP
CHEMBL1714771,0,-4.72151772268211,decoy,XP
CHEMBL3353535,0,-3.80417517539111,decoy,XP
CHEMBL3985547,0,-2.77025307105926,decoy,XP
CHEMBL3986461,0,-5.41864172740798,decoy,XP
CHEMBL314683,0,-6.47416708218113,decoy,XP
CHEMBL313034,0,-4.88360511796695,decoy,XP
CHEMBL4541016,0,-4.55410869598722,decoy,XP
CHEMBL4541187,0,-4.06850327691328,decoy,XP
CHEMBL3985704,0,-4.22790676290721,decoy,XP
CHEMBL88105,0,-5.02698561019378,decoy,XP
CHEMBL1715472,0,-3.02615629424827,decoy,XP
CHEMBL1765658,0,-5.63248600608673,decoy,XP
CHEMBL4104461,0,-3.73753599354312,decoy,XP
CHEMBL4215249,0,-4.04472421842168,decoy,XP
CHEMBL3654501,0,-4.02445569812781,decoy,XP
CHEMBL1742359,0,-5.15835009626165,decoy,XP
CHEMBL1766170,0,-5.34582666486665,decoy,XP
CHEMBL1800431,0,-5.83633909793819,decoy,XP
CHEMBL1800484,0,-3.31529787103645,decoy,XP
CHEMBL1762808,0,-3.06766300198721,decoy,XP
CHEMBL1765839,0,-4.78399678564525,decoy,XP
CHEMBL1766102,0,-6.93538803492835,decoy,XP
CHEMBL1766105,0,-5.91320319439083,decoy,XP
CHEMBL4105041,0,-4.8152295219415,decoy,XP
CHEMBL4214791,0,-5.50480687530195,decoy,XP
CHEMBL4215374,0,-5.38781114057133,decoy,XP
CHEMBL3654470,0,-3.99370345603609,decoy,XP
CHEMBL3654478,0,-4.27160666859373,decoy,XP
CHEMBL1797806,0,-4.71655412866022,decoy,XP
CHEMBL3654844,0,-6.12704117740274,decoy,XP
CHEMBL3654850,0,-4.15356805690949,decoy,XP
CHEMBL3654869,0,-6.53557753949869,decoy,XP
CHEMBL3655295,0,-5.70903547625564,decoy,XP
CHEMBL3338007,0,-3.31751353988822,decoy,XP
CHEMBL3985762,0,-4.89556881289577,decoy,XP
CHEMBL4540626,0,-5.45667423329187,decoy,XP
CHEMBL4541443,0,-3.90119126399461,decoy,XP
CHEMBL2359362,0,-3.06399727240599,decoy,XP
CHEMBL4215084,0,-2.43346653849081,decoy,XP
CHEMBL5560376,0,-4.79965902370624,decoy,XP
CHEMBL4540794,0,-4.13083232060986,decoy,XP
CHEMBL1765735,0,-5.40277406674181,decoy,XP
CHEMBL4105061,0,-5.76939505763204,decoy,XP
CHEMBL1800453,0,-5.43065117095956,decoy,XP
CHEMBL1801048,0,-4.75247368011572,decoy,XP
CHEMBL4215096,0,-5.19684788021004,decoy,XP
CHEMBL3654698,0,-6.89284406493908,decoy,XP
CHEMBL3654700,0,-6.21709032513824,decoy,XP
CHEMBL3654702,0,-6.36127844208701,decoy,XP
CHEMBL3654809,0,-6.59179985190077,decoy,XP
CHEMBL3639537,0,-7.00615588563394,decoy,XP
CHEMBL3654861,0,-5.98313144417301,decoy,XP
CHEMBL3716423,0,-5.50925867473117,decoy,XP
CHEMBL2286801,0,-4.48236589762807,decoy,XP
CHEMBL2286805,0,-5.19824867756375,decoy,XP
CHEMBL2286909,0,-3.74788928515136,decoy,XP
CHEMBL1713425,0,-5.46739205738696,decoy,XP
CHEMBL3609742,0,-4.37732529525057,decoy,XP
CHEMBL1762553,0,-3.94257701506787,decoy,XP
CHEMBL3985406,0,-5.73633371758476,decoy,XP
CHEMBL3986237,0,-4.99171004650161,decoy,XP
CHEMBL86026,0,-3.23385611828355,decoy,XP
CHEMBL3717031,0,-2.30073542276325,decoy,XP
CHEMBL2359880,0,-3.37648137260649,decoy,XP
CHEMBL3715116,0,-4.6249322273227,decoy,XP
CHEMBL2359955,0,-5.29627393417899,decoy,XP
CHEMBL1977350,0,-4.86702641227987,decoy,XP
CHEMBL5560327,0,-4.31009799949494,decoy,XP
CHEMBL1714583,0,-4.29904548329306,decoy,XP
CHEMBL2286991,0,-4.44011008121874,decoy,XP
CHEMBL1765169,0,-4.65990355457556,decoy,XP
CHEMBL1765175,0,-4.98015324373878,decoy,XP
CHEMBL1765355,0,-4.55815841448259,decoy,XP
CHEMBL1765417,0,-4.34504907226291,decoy,XP
CHEMBL1765519,0,-4.15930338508196,decoy,XP
CHEMBL1766005,0,-6.38329180817495,decoy,XP
CHEMBL1766028,0,-3.46428480747996,decoy,XP
CHEMBL1766033,0,-4.4102830504867,decoy,XP
CHEMBL1766042,0,-3.87110096782374,decoy,XP
CHEMBL1765707,0,-4.40629578963677,decoy,XP
CHEMBL4215082,0,-4.83195384546567,decoy,XP
CHEMBL3339111,0,-3.32496432694997,decoy,XP
CHEMBL3986018,0,-1.14503583553894,decoy,XP
CHEMBL3986713,0,-5.53444371508739,decoy,XP
CHEMBL3715794,0,1.58613755982678,decoy,XP
CHEMBL3715776,0,-4.65116087825806,decoy,XP
CHEMBL4104670,0,-3.97928098380423,decoy,XP
CHEMBL4215029,0,-5.71726879918897,decoy,XP
CHEMBL4215155,0,-6.00045929085624,decoy,XP
CHEMBL3654504,0,-7.7076610614514,decoy,XP
CHEMBL3654554,0,-5.32238606759553,decoy,XP
CHEMBL3654737,0,-6.74089381946437,decoy,XP
CHEMBL3338388,0,-2.67718051945762,decoy,XP
CHEMBL1798041,0,-5.27690184257855,decoy,XP
CHEMBL1800476,0,-3.95846742453255,decoy,XP
CHEMBL1800512,0,-4.45036145065713,decoy,XP
CHEMBL4214930,0,-5.50465916690062,decoy,XP
CHEMBL4215602,0,-5.32181047967893,decoy,XP
CHEMBL5561694,0,-5.51896762629979,decoy,XP
CHEMBL3719107,0,-4.89000426570635,decoy,XP
CHEMBL4105527,0,-4.42098748511837,decoy,XP
CHEMBL3718216,0,-3.04903647930798,decoy,XP
CHEMBL2359739,0,-3.82577971594291,decoy,XP
CHEMBL4104844,0,-6.1294039255854,decoy,XP
CHEMBL3338397,0,-6.43367465736614,decoy,XP
CHEMBL3986152,0,-7.51044916534565,decoy,XP
CHEMBL3716452,0,-5.6883221926931,decoy,XP
CHEMBL543852,0,-3.34533355032593,decoy,XP
CHEMBL5560749,0,-3.11781339505912,decoy,XP
CHEMBL5561594,0,-3.7266103184901,decoy,XP
CHEMBL3986164,0,-5.58304897104503,decoy,XP
CHEMBL1765556,0,-5.89175914109051,decoy,XP
CHEMBL3639531,0,-4.83431520082123,decoy,XP
CHEMBL3654359,0,-4.68371726950139,decoy,XP
CHEMBL3986334,0,-5.49144420494975,decoy,XP
CHEMBL3609881,0,-4.84430803537816,decoy,XP
CHEMBL4104846,0,-6.32613441934725,decoy,XP
CHEMBL1798071,0,-3.03004928402193,decoy,XP
CHEMBL3654237,0,-4.66121226846673,decoy,XP
CHEMBL1765618,0,-4.80761204744435,decoy,XP
CHEMBL1800893,0,-3.50988751777869,decoy,XP
CHEMBL84218,0,-3.18285333929307,decoy,XP
CHEMBL84823,0,-4.24642872450222,decoy,XP
CHEMBL85137,0,-5.01971980826286,decoy,XP
CHEMBL2359160,0,-6.37649121492005,decoy,XP
CHEMBL2359996,0,-4.24418504565757,decoy,XP
CHEMBL1714989,0,-3.77882171120577,decoy,XP
CHEMBL1765625,0,-5.04576572945933,decoy,XP
CHEMBL4104236,0,-4.64965811486542,decoy,XP
CHEMBL4104565,0,-6.41312194750733,decoy,XP
CHEMBL3338453,0,-4.12622800167844,decoy,XP
CHEMBL3608531,0,-5.74861249282418,decoy,XP
CHEMBL1797804,0,-4.53200552765017,decoy,XP
CHEMBL1801001,0,-4.33715682718731,decoy,XP
CHEMBL3986198,0,-4.86518726414989,decoy,XP
CHEMBL3986781,0,-4.42880767579404,decoy,XP
CHEMBL1743737,0,-6.20955580536946,decoy,XP
CHEMBL1762688,0,-2.01230538929743,decoy,XP
CHEMBL1765388,0,-3.71709023534515,decoy,XP
CHEMBL1765849,0,-4.56601040009047,decoy,XP
CHEMBL4104362,0,-4.95598250617939,decoy,XP
CHEMBL4104410,0,-4.47216977266155,decoy,XP
CHEMBL1715315,0,-3.91765586302471,decoy,XP
CHEMBL1713641,0,-4.84908984513639,decoy,XP
CHEMBL3654344,0,-6.39239434038801,decoy,XP
CHEMBL3338519,0,-4.54297725436789,decoy,XP
CHEMBL3338521,0,-4.2509839504913,decoy,XP
CHEMBL3986397,0,-7.80373196241848,decoy,XP
CHEMBL5560356,0,-5.77973583643938,decoy,XP
CHEMBL3339095,0,-2.02855921840633,decoy,XP
CHEMBL1766039,0,-3.57373091198006,decoy,XP
CHEMBL4104877,0,-3.75797380449564,decoy,XP
CHEMBL4105538,0,-2.82295133399816,decoy,XP
CHEMBL1800497,0,-3.39498046969928,decoy,XP
CHEMBL1798058,0,-3.14921575255299,decoy,XP
CHEMBL1798072,0,-3.38674906949579,decoy,XP
CHEMBL4215022,0,-4.36152550932654,decoy,XP
CHEMBL3654362,0,-4.67367739584564,decoy,XP
CHEMBL3986464,0,-4.82987603400826,decoy,XP
CHEMBL420778,0,-5.04922090664811,decoy,XP
CHEMBL2359883,0,-4.81047003961649,decoy,XP
CHEMBL2360105,0,-5.94889044526414,decoy,XP
CHEMBL3338574,0,-4.61252567195156,decoy,XP
CHEMBL83469,0,-4.00333572479215,decoy,XP
CHEMBL316370,0,-5.65418658630915,decoy,XP
CHEMBL87974,0,-4.16519587997414,decoy,XP
CHEMBL5561561,0,-5.06505494199634,decoy,XP
CHEMBL1977355,0,-3.91125973884574,decoy,XP
CHEMBL4215621,0,-5.78196027906955,decoy,XP
CHEMBL4216088,0,-5.55224304778516,decoy,XP
CHEMBL5560358,0,-4.15831703434031,decoy,XP
CHEMBL2359404,0,-5.79446633922213,decoy,XP
CHEMBL1978173,0,-4.25882774986914,decoy,XP
CHEMBL3353013,0,-5.45942144629896,decoy,XP
CHEMBL3986784,0,-6.15217104241546,decoy,XP
CHEMBL315836,0,-5.29929458692955,decoy,XP
CHEMBL84759,0,-5.69761036193277,decoy,XP
CHEMBL84882,0,-5.25465115009742,decoy,XP
CHEMBL3717376,0,-4.10533357602321,decoy,XP
CHEMBL1800344,0,-3.7904036399839,decoy,XP
CHEMBL4215904,0,-3.15665325773579,decoy,XP
CHEMBL3654827,0,-6.91350860363023,decoy,XP
CHEMBL3338226,0,-4.50418908153995,decoy,XP
CHEMBL3985763,0,-6.07010641988481,decoy,XP
CHEMBL87710,0,-5.62412755629732,decoy,XP
CHEMBL4104318,0,-4.80170512286055,decoy,XP
CHEMBL1766055,0,-3.59291122879159,decoy,XP
CHEMBL4105215,0,-4.53539155420517,decoy,XP
CHEMBL4105393,0,-2.70096351810714,decoy,XP
CHEMBL3353609,0,-4.40667724812876,decoy,XP
CHEMBL5560579,0,-5.20573250611345,decoy,XP
CHEMBL5560872,0,-4.2403564537484,decoy,XP
CHEMBL4541567,0,-4.17574372623908,decoy,XP
CHEMBL2359313,0,-4.82844349110619,decoy,XP
CHEMBL3609409,0,-4.14685132243325,decoy,XP
CHEMBL3985843,0,-5.51316206382337,decoy,XP
CHEMBL2359353,0,-5.84521726224062,decoy,XP
CHEMBL1743918,0,-2.27113984232404,decoy,XP
CHEMBL1713891,0,-1.62309175744599,decoy,XP
CHEMBL1714159,0,-4.84924063783588,decoy,XP
CHEMBL3986508,0,-5.08363932257948,decoy,XP
CHEMBL4541113,0,-2.35663092309311,decoy,XP
CHEMBL3716485,0,-5.21681281746484,decoy,XP
CHEMBL5561052,0,-6.07259766573416,decoy,XP
CHEMBL1714772,0,-4.95147925326617,decoy,XP
CHEMBL1714858,0,-5.32202293564447,decoy,XP
CHEMBL1765201,0,-4.73788000664684,decoy,XP
CHEMBL4104926,0,-5.48396762910971,decoy,XP
CHEMBL3654863,0,-5.25165896720729,decoy,XP
CHEMBL3719210,0,-3.48806878631325,decoy,XP
CHEMBL543629,0,-3.64981789049453,decoy,XP
CHEMBL4215320,0,-3.84550195010873,decoy,XP
CHEMBL3654692,0,-5.15889921302203,decoy,XP
CHEMBL3654717,0,-6.71541783968709,decoy,XP
CHEMBL3353513,0,-3.15552113310258,decoy,XP
CHEMBL3609395,0,-5.68938722218937,decoy,XP
CHEMBL1765850,0,-4.88350190879022,decoy,XP
CHEMBL4104175,0,-3.59961699498126,decoy,XP
CHEMBL4214848,0,-4.58424329598375,decoy,XP
CHEMBL4215169,0,-5.93538571294941,decoy,XP
CHEMBL1765096,0,-3.18442089837413,decoy,XP
CHEMBL1766058,0,-4.64251778280078,decoy,XP
CHEMBL5561342,0,-4.78731991422665,decoy,XP
CHEMBL1762756,0,-3.34514381280971,decoy,XP
CHEMBL4104431,0,-3.8509841094098,decoy,XP
CHEMBL3655265,0,-4.69837982316622,decoy,XP
CHEMBL84046,0,-4.95312493433398,decoy,XP
CHEMBL5561109,0,-3.68914377569413,decoy,XP
CHEMBL1762592,0,-6.11303977118825,decoy,XP
CHEMBL1765847,0,-4.63067137206394,decoy,XP
CHEMBL1765863,0,-5.58515291930955,decoy,XP
CHEMBL1765972,0,-4.02965395455975,decoy,XP
CHEMBL1765983,0,-4.46583446827763,decoy,XP
CHEMBL1978458,0,-4.94873532905971,decoy,XP
CHEMBL4214964,0,-4.99723392931118,decoy,XP
CHEMBL3655334,0,-4.00061069859102,decoy,XP
CHEMBL5561238,0,-4.36025674704822,decoy,XP
CHEMBL4540361,0,-5.24989114352116,decoy,XP
CHEMBL4540693,0,-5.57438150191171,decoy,XP
CHEMBL4540732,0,-4.43316178072694,decoy,XP
CHEMBL3718218,0,-4.149518997119,decoy,XP
CHEMBL1977506,0,-5.67109161828778,decoy,XP
CHEMBL3654423,0,-2.05390432981333,decoy,XP
CHEMBL3986062,0,-3.7127290710548,decoy,XP
CHEMBL4541305,0,-4.12062496797216,decoy,XP
CHEMBL2359549,0,-1.57613945306921,decoy,XP
CHEMBL1714167,0,-5.07099959054079,decoy,XP
CHEMBL3985436,0,-7.01720392305536,decoy,XP
CHEMBL3353514,0,-3.8347562608375,decoy,XP
CHEMBL1765871,0,-4.4312017195629,decoy,XP
CHEMBL4215704,0,-3.84508195526236,decoy,XP
CHEMBL3654573,0,-5.83204040767483,decoy,XP
CHEMBL1714543,0,-3.65871624575152,decoy,XP
CHEMBL1714788,0,-5.02011788854527,decoy,XP
CHEMBL1715389,0,-4.4269232057798,decoy,XP
CHEMBL1713621,0,-3.17557772732705,decoy,XP
CHEMBL1713856,0,-3.23661444838911,decoy,XP
CHEMBL1713876,0,-5.03127557281552,decoy,XP
CHEMBL1714666,0,-5.18887402171037,decoy,XP
CHEMBL1713555,0,-5.04709927283249,decoy,XP
CHEMBL1797929,0,-4.50246753054056,decoy,XP
CHEMBL1800286,0,-4.86291767827499,decoy,XP
CHEMBL1800323,0,-3.92523511581597,decoy,XP
CHEMBL3654829,0,-5.35400737608354,decoy,XP
CHEMBL3985973,0,-5.62503150152826,decoy,XP
CHEMBL5560711,0,-4.97504707809584,decoy,XP
CHEMBL2359187,0,-5.81406277075438,decoy,XP
CHEMBL1715181,0,-4.20005430362639,decoy,XP
CHEMBL1715406,0,-4.29981819459843,decoy,XP
CHEMBL1742183,0,-4.99500675970548,decoy,XP
CHEMBL3609167,0,-6.5946225120133,decoy,XP
CHEMBL1743882,0,-7.28287495530448,decoy,XP
CHEMBL1765650,0,-7.09828162709233,decoy,XP
CHEMBL1800465,0,-6.12337782676876,decoy,XP
CHEMBL4215785,0,-5.8909549988173,decoy,XP
CHEMBL3654890,0,-6.52225939411061,decoy,XP
CHEMBL3985693,0,-4.30238817370334,decoy,XP
CHEMBL85900,0,-5.38994111128328,decoy,XP
CHEMBL5560451,0,-4.90438068011489,decoy,XP
CHEMBL2359698,0,-6.65478283388572,decoy,XP
CHEMBL3609102,0,-6.84978947720015,decoy,XP
CHEMBL3609760,0,-5.50741655882355,decoy,XP
CHEMBL554642,0,-3.79854038831835,decoy,XP
CHEMBL552894,0,-5.05146761193645,decoy,XP
CHEMBL3609650,0,-7.41068038770457,decoy,XP
CHEMBL4215086,0,-4.79838835826515,decoy,XP
CHEMBL3338856,0,-6.20137457497481,decoy,XP
CHEMBL3339075,0,-4.3360969429845,decoy,XP
CHEMBL3986279,0,-5.50545941169983,decoy,XP
CHEMBL3986660,0,-4.68072806667231,decoy,XP
CHEMBL314455,0,-4.84117082759035,decoy,XP
CHEMBL1714331,0,-4.02341430971793,decoy,XP
CHEMBL3655140,0,-4.60593077394868,decoy,XP
CHEMBL3655296,0,-4.60317530686658,decoy,XP
CHEMBL3338533,0,-4.26288774043484,decoy,XP
CHEMBL3338538,0,-3.87721811169289,decoy,XP
CHEMBL3655344,0,-3.95540079994099,decoy,XP
CHEMBL3985987,0,-3.43873951736419,decoy,XP
CHEMBL3986649,0,-6.04189344643822,decoy,XP
CHEMBL84703,0,-1.5418287262079,decoy,XP
CHEMBL87753,0,-2.94708961409174,decoy,XP
CHEMBL5560879,0,-3.2487454234081,decoy,XP
CHEMBL5561277,0,-5.22735063575729,decoy,XP
CHEMBL4540531,0,-5.65410254219635,decoy,XP
CHEMBL4541580,0,-4.27871734898582,decoy,XP
CHEMBL3353474,0,2.03017011475145,decoy,XP
CHEMBL5561646,0,-5.25468854614572,decoy,XP
CHEMBL2360052,0,-4.56269858576808,decoy,XP
CHEMBL1978017,0,-0.146129432309592,decoy,XP
CHEMBL1743885,0,-5.21071448842123,decoy,XP
CHEMBL1713552,0,-4.17257369339616,decoy,XP
CHEMBL542951,0,-4.4280333957193,decoy,XP
CHEMBL4105379,0,-3.89593997158147,decoy,XP
CHEMBL4215852,0,-4.85502166162972,decoy,XP
CHEMBL3654282,0,-3.21070588998183,decoy,XP
CHEMBL3350847,0,-4.32638892389187,decoy,XP
CHEMBL3715061,0,-2.20774455175655,decoy,XP
CHEMBL3350688,0,-5.82016196157265,decoy,XP
CHEMBL3350699,0,-4.14030971942487,decoy,XP
CHEMBL3353677,0,-5.59028184633397,decoy,XP
CHEMBL3353678,0,-5.40782332247218,decoy,XP
CHEMBL2287008,0,-5.7848342983094,decoy,XP
CHEMBL3609151,0,-5.87572697976305,decoy,XP
CHEMBL1765157,0,-5.39550455452471,decoy,XP
CHEMBL5560693,0,-3.84226746530151,decoy,XP
CHEMBL1977489,0,-4.33259364760231,decoy,XP
CHEMBL2286610,0,-2.04619187472997,decoy,XP
CHEMBL4215278,0,-4.69124928990291,decoy,XP
CHEMBL4215401,0,-5.48824472895498,decoy,XP
CHEMBL4215775,0,-4.82175486608141,decoy,XP
CHEMBL3985665,0,-5.77770877183007,decoy,XP
CHEMBL3654846,0,-6.37086989883156,decoy,XP
CHEMBL1800933,0,-4.27052986294598,decoy,XP
CHEMBL1801004,0,-3.8143637753541,decoy,XP
CHEMBL4215414,0,-4.90935083103574,decoy,XP
CHEMBL4215631,0,-5.34222629190515,decoy,XP
CHEMBL1744063,0,-6.07974407590881,decoy,XP
CHEMBL5561548,0,-5.62182394957869,decoy,XP
CHEMBL4540552,0,-3.56307759544016,decoy,XP
CHEMBL4541044,0,-4.8818933712014,decoy,XP
CHEMBL3608784,0,-5.47038060015725,decoy,XP
CHEMBL3609602,0,-6.16928596922607,decoy,XP
CHEMBL3609871,0,-4.16916972674826,decoy,XP
CHEMBL1762680,0,-4.07867528329993,decoy,XP
CHEMBL1765220,0,-4.54039563116154,decoy,XP
CHEMBL1765822,0,-6.05235435109609,decoy,XP
CHEMBL1765896,0,-2.70253027014707,decoy,XP
CHEMBL4104757,0,-3.06488614085421,decoy,XP
CHEMBL4104833,0,-6.10239969334476,decoy,XP
CHEMBL1797949,0,-5.14605986510566,decoy,XP
CHEMBL1800427,0,-5.85812548122218,decoy,XP
CHEMBL1800522,0,-3.46330430943193,decoy,XP
CHEMBL4215431,0,-5.76882370880121,decoy,XP
CHEMBL4104722,0,-4.82589561860414,decoy,XP
CHEMBL312559,0,-4.70173052493812,decoy,XP
CHEMBL1742206,0,-5.59793193117224,decoy,XP
CHEMBL3608602,0,5.12707799815356,decoy,XP
CHEMBL4105514,0,-5.17493345465044,decoy,XP
CHEMBL1800917,0,-4.61555597811271,decoy,XP
CHEMBL4216091,0,-3.74799503101776,decoy,XP
CHEMBL3654770,0,-6.19424634172019,decoy,XP
CHEMBL3654771,0,-6.31861812122024,decoy,XP
CHEMBL3338339,0,-3.03733238003425,decoy,XP
CHEMBL1765260,0,-4.86201824006441,decoy,XP
CHEMBL4104193,0,-3.6620682286086,decoy,XP
CHEMBL4105029,0,-4.65963762796761,decoy,XP
CHEMBL1797838,0,-3.33672807193223,decoy,XP
CHEMBL1800129,0,-4.21461742783651,decoy,XP
CHEMBL1800442,0,-4.68364140197323,decoy,XP
CHEMBL4215606,0,-4.12457183601256,decoy,XP
CHEMBL3609593,0,-0.311255752048843,decoy,XP
CHEMBL85577,0,-3.76085892634013,decoy,XP
CHEMBL84586,0,-2.08794190193146,decoy,XP
CHEMBL5560584,0,-5.49104272321401,decoy,XP
CHEMBL3716134,0,-3.71167158115412,decoy,XP
CHEMBL1977869,0,-6.70384875937321,decoy,XP
CHEMBL1714983,0,-5.28448714744695,decoy,XP
CHEMBL3353201,0,-5.74059925196653,decoy,XP
CHEMBL4104484,0,-3.8575463235898,decoy,XP
CHEMBL4104765,0,-3.68702972885586,decoy,XP
CHEMBL4105337,0,-4.16170697499328,decoy,XP
CHEMBL1800123,0,-3.79398108749763,decoy,XP
CHEMBL1800428,0,-3.95226380066409,decoy,XP
CHEMBL4214747,0,-4.34884142473585,decoy,XP
CHEMBL3655201,0,-4.93634026330646,decoy,XP
CHEMBL87321,0,-4.20800904936628,decoy,XP
CHEMBL3353036,0,-3.54056904456842,decoy,XP
CHEMBL1713643,0,-4.61536726263189,decoy,XP
CHEMBL1714116,0,-5.09858910208172,decoy,XP
CHEMBL3608695,0,-4.09054750579563,decoy,XP
CHEMBL4104471,0,-4.65597487591666,decoy,XP
CHEMBL4104547,0,-3.9262812929677,decoy,XP
CHEMBL1800770,0,-5.44645798597524,decoy,XP
CHEMBL1800832,0,-5.23889660264819,decoy,XP
CHEMBL1801133,0,-4.37061442361293,decoy,XP
CHEMBL4214906,0,-3.42670306292318,decoy,XP
CHEMBL4215653,0,-5.18951936411517,decoy,XP
CHEMBL4215861,0,-4.03841366800364,decoy,XP
CHEMBL4215971,0,-5.04689800391636,decoy,XP
CHEMBL3654358,0,-4.27429498140949,decoy,XP
CHEMBL3985705,0,-4.058441746422,decoy,XP
CHEMBL3985824,0,-1.86344348469302,decoy,XP
CHEMBL4540646,0,-4.43950530954618,decoy,XP
CHEMBL4541175,0,-3.88996657200557,decoy,XP
CHEMBL3338527,0,-3.81252383044272,decoy,XP
CHEMBL5560332,0,-6.86894970047725,decoy,XP
CHEMBL2360049,0,-4.16524200022398,decoy,XP
CHEMBL1977733,0,-6.09514534077018,decoy,XP
CHEMBL1714128,0,-3.21121067128721,decoy,XP
