subset,index,fpr,tpr,recall,precision
all_actives,0,0.0,0.0,0.0,0.0
all_actives,1,0.006098,0.0,0.0,0.0
all_actives,2,0.006098,0.045455,0.045455,0.5
all_actives,3,0.012195,0.045455,0.045455,0.333333
all_actives,4,0.018293,0.045455,0.045455,0.25
all_actives,5,0.02439,0.045455,0.045455,0.2
all_actives,6,0.030488,0.045455,0.045455,0.166667
all_actives,7,0.030488,0.090909,0.090909,0.285714
all_actives,8,0.030488,0.136364,0.136364,0.375
all_actives,9,0.036585,0.136364,0.136364,0.333333
all_actives,10,0.042683,0.136364,0.136364,0.3
all_actives,11,0.04878,0.136364,0.136364,0.272727
all_actives,12,0.054878,0.136364,0.136364,0.25
all_actives,13,0.054878,0.181818,0.181818,0.307692
all_actives,14,0.060976,0.181818,0.181818,0.285714
all_actives,15,0.067073,0.181818,0.181818,0.266667
all_actives,16,0.067073,0.227273,0.227273,0.3125
all_actives,17,0.073171,0.227273,0.227273,0.294118
all_actives,18,0.079268,0.227273,0.227273,0.277778
all_actives,19,0.085366,0.227273,0.227273,0.263158
all_actives,20,0.085366,0.272727,0.272727,0.3
all_actives,21,0.091463,0.272727,0.272727,0.285714
all_actives,22,0.097561,0.272727,0.272727,0.272727
all_actives,23,0.103659,0.272727,0.272727,0.26087
all_actives,24,0.103659,0.318182,0.318182,0.291667
all_actives,25,0.109756,0.318182,0.318182,0.28
all_actives,26,0.115854,0.318182,0.318182,0.269231
all_actives,27,0.121951,0.318182,0.318182,0.259259
all_actives,28,0.128049,0.318182,0.318182,0.25
all_actives,29,0.134146,0.318182,0.318182,0.241379
all_actives,30,0.134146,0.363636,0.363636,0.266667
all_actives,31,0.140244,0.363636,0.363636,0.258065
all_actives,32,0.146341,0.363636,0.363636,0.25
all_actives,33,0.146341,0.409091,0.409091,0.272727
all_actives,34,0.152439,0.409091,0.409091,0.264706
all_actives,35,0.158537,0.409091,0.409091,0.257143
all_actives,36,0.164634,0.409091,0.409091,0.25
all_actives,37,0.170732,0.409091,0.409091,0.243243
all_actives,38,0.176829,0.409091,0.409091,0.236842
all_actives,39,0.182927,0.409091,0.409091,0.230769
all_actives,40,0.189024,0.409091,0.409091,0.225
all_actives,41,0.189024,0.454545,0.454545,0.243902
all_actives,42,0.189024,0.5,0.5,0.261905
all_actives,43,0.195122,0.5,0.5,0.255814
all_actives,44,0.20122,0.5,0.5,0.25
all_actives,45,0.207317,0.5,0.5,0.244444
all_actives,46,0.213415,0.5,0.5,0.23913
all_actives,47,0.219512,0.5,0.5,0.234043
all_actives,48,0.22561,0.5,0.5,0.229167
all_actives,49,0.231707,0.5,0.5,0.22449
all_actives,50,0.237805,0.5,0.5,0.22
all_actives,51,0.243902,0.5,0.5,0.215686
all_actives,52,0.25,0.5,0.5,0.211538
all_actives,53,0.256098,0.5,0.5,0.207547
all_actives,54,0.262195,0.5,0.5,0.203704
all_actives,55,0.268293,0.5,0.5,0.2
all_actives,56,0.268293,0.545455,0.545455,0.214286
all_actives,57,0.27439,0.545455,0.545455,0.210526
all_actives,58,0.280488,0.545455,0.545455,0.206897
all_actives,59,0.286585,0.545455,0.545455,0.20339
all_actives,60,0.292683,0.545455,0.545455,0.2
all_actives,61,0.29878,0.545455,0.545455,0.196721
all_actives,62,0.304878,0.545455,0.545455,0.193548
all_actives,63,0.310976,0.545455,0.545455,0.190476
all_actives,64,0.317073,0.545455,0.545455,0.1875
all_actives,65,0.317073,0.590909,0.590909,0.2
all_actives,66,0.323171,0.590909,0.590909,0.19697
all_actives,67,0.323171,0.636364,0.636364,0.208955
all_actives,68,0.329268,0.636364,0.636364,0.205882
all_actives,69,0.335366,0.636364,0.636364,0.202899
all_actives,70,0.341463,0.636364,0.636364,0.2
all_actives,71,0.347561,0.636364,0.636364,0.197183
all_actives,72,0.353659,0.636364,0.636364,0.194444
all_actives,73,0.359756,0.636364,0.636364,0.191781
all_actives,74,0.365854,0.636364,0.636364,0.189189
all_actives,75,0.371951,0.636364,0.636364,0.186667
all_actives,76,0.378049,0.636364,0.636364,0.184211
all_actives,77,0.384146,0.636364,0.636364,0.181818
all_actives,78,0.384146,0.681818,0.681818,0.192308
all_actives,79,0.390244,0.681818,0.681818,0.189873
all_actives,80,0.396341,0.681818,0.681818,0.1875
all_actives,81,0.402439,0.681818,0.681818,0.185185
all_actives,82,0.408537,0.681818,0.681818,0.182927
all_actives,83,0.414634,0.681818,0.681818,0.180723
all_actives,84,0.420732,0.681818,0.681818,0.178571
all_actives,85,0.426829,0.681818,0.681818,0.176471
all_actives,86,0.432927,0.681818,0.681818,0.174419
all_actives,87,0.439024,0.681818,0.681818,0.172414
all_actives,88,0.445122,0.681818,0.681818,0.170455
all_actives,89,0.45122,0.681818,0.681818,0.168539
all_actives,90,0.457317,0.681818,0.681818,0.166667
all_actives,91,0.463415,0.681818,0.681818,0.164835
all_actives,92,0.469512,0.681818,0.681818,0.163043
all_actives,93,0.47561,0.681818,0.681818,0.16129
all_actives,94,0.481707,0.681818,0.681818,0.159574
all_actives,95,0.487805,0.681818,0.681818,0.157895
all_actives,96,0.493902,0.681818,0.681818,0.15625
all_actives,97,0.5,0.681818,0.681818,0.154639
all_actives,98,0.506098,0.681818,0.681818,0.153061
all_actives,99,0.512195,0.681818,0.681818,0.151515
all_actives,100,0.518293,0.681818,0.681818,0.15
all_actives,101,0.52439,0.681818,0.681818,0.148515
all_actives,102,0.530488,0.681818,0.681818,0.147059
all_actives,103,0.536585,0.681818,0.681818,0.145631
all_actives,104,0.542683,0.681818,0.681818,0.144231
all_actives,105,0.54878,0.681818,0.681818,0.142857
all_actives,106,0.554878,0.681818,0.681818,0.141509
all_actives,107,0.560976,0.681818,0.681818,0.140187
all_actives,108,0.560976,0.727273,0.727273,0.148148
all_actives,109,0.567073,0.727273,0.727273,0.146789
all_actives,110,0.573171,0.727273,0.727273,0.145455
all_actives,111,0.579268,0.727273,0.727273,0.144144
all_actives,112,0.585366,0.727273,0.727273,0.142857
all_actives,113,0.591463,0.727273,0.727273,0.141593
all_actives,114,0.597561,0.727273,0.727273,0.140351
all_actives,115,0.597561,0.772727,0.772727,0.147826
all_actives,116,0.603659,0.772727,0.772727,0.146552
all_actives,117,0.609756,0.772727,0.772727,0.145299
all_actives,118,0.615854,0.772727,0.772727,0.144068
all_actives,119,0.621951,0.772727,0.772727,0.142857
all_actives,120,0.628049,0.772727,0.772727,0.141667
all_actives,121,0.634146,0.772727,0.772727,0.140496
all_actives,122,0.634146,0.818182,0.818182,0.147541
all_actives,123,0.640244,0.818182,0.818182,0.146341
all_actives,124,0.646341,0.818182,0.818182,0.145161
all_actives,125,0.652439,0.818182,0.818182,0.144
all_actives,126,0.658537,0.818182,0.818182,0.142857
all_actives,127,0.664634,0.818182,0.818182,0.141732
all_actives,128,0.670732,0.818182,0.818182,0.140625
all_actives,129,0.676829,0.818182,0.818182,0.139535
all_actives,130,0.682927,0.818182,0.818182,0.138462
all_actives,131,0.689024,0.818182,0.818182,0.137405
all_actives,132,0.695122,0.818182,0.818182,0.136364
all_actives,133,0.70122,0.818182,0.818182,0.135338
all_actives,134,0.70122,0.863636,0.863636,0.141791
all_actives,135,0.707317,0.863636,0.863636,0.140741
all_actives,136,0.713415,0.863636,0.863636,0.139706
all_actives,137,0.719512,0.863636,0.863636,0.138686
all_actives,138,0.72561,0.863636,0.863636,0.137681
all_actives,139,0.731707,0.863636,0.863636,0.136691
all_actives,140,0.737805,0.863636,0.863636,0.135714
all_actives,141,0.743902,0.863636,0.863636,0.134752
all_actives,142,0.75,0.863636,0.863636,0.133803
all_actives,143,0.756098,0.863636,0.863636,0.132867
all_actives,144,0.762195,0.863636,0.863636,0.131944
all_actives,145,0.768293,0.863636,0.863636,0.131034
all_actives,146,0.77439,0.863636,0.863636,0.130137
all_actives,147,0.780488,0.863636,0.863636,0.129252
all_actives,148,0.786585,0.863636,0.863636,0.128378
all_actives,149,0.786585,0.909091,0.909091,0.134228
all_actives,150,0.792683,0.909091,0.909091,0.133333
all_actives,151,0.792683,0.954545,0.954545,0.139073
all_actives,152,0.79878,0.954545,0.954545,0.138158
all_actives,153,0.804878,0.954545,0.954545,0.137255
all_actives,154,0.810976,0.954545,0.954545,0.136364
all_actives,155,0.817073,0.954545,0.954545,0.135484
all_actives,156,0.823171,0.954545,0.954545,0.134615
all_actives,157,0.829268,0.954545,0.954545,0.133758
all_actives,158,0.835366,0.954545,0.954545,0.132911
all_actives,159,0.841463,0.954545,0.954545,0.132075
all_actives,160,0.847561,0.954545,0.954545,0.13125
all_actives,161,0.853659,0.954545,0.954545,0.130435
all_actives,162,0.859756,0.954545,0.954545,0.12963
all_actives,163,0.865854,0.954545,0.954545,0.128834
all_actives,164,0.871951,0.954545,0.954545,0.128049
all_actives,165,0.878049,0.954545,0.954545,0.127273
all_actives,166,0.878049,1.0,1.0,0.13253
all_actives,167,0.884146,1.0,1.0,0.131737
all_actives,168,0.890244,1.0,1.0,0.130952
all_actives,169,0.896341,1.0,1.0,0.130178
all_actives,170,0.902439,1.0,1.0,0.129412
all_actives,171,0.908537,1.0,1.0,0.128655
all_actives,172,0.914634,1.0,1.0,0.127907
all_actives,173,0.920732,1.0,1.0,0.127168
all_actives,174,0.926829,1.0,1.0,0.126437
all_actives,175,0.932927,1.0,1.0,0.125714
all_actives,176,0.939024,1.0,1.0,0.125
all_actives,177,0.945122,1.0,1.0,0.124294
all_actives,178,0.95122,1.0,1.0,0.123596
all_actives,179,0.957317,1.0,1.0,0.122905
all_actives,180,0.963415,1.0,1.0,0.122222
all_actives,181,0.969512,1.0,1.0,0.121547
all_actives,182,0.97561,1.0,1.0,0.120879
all_actives,183,0.981707,1.0,1.0,0.120219
all_actives,184,0.987805,1.0,1.0,0.119565
all_actives,185,0.993902,1.0,1.0,0.118919
all_actives,186,1.0,1.0,1.0,0.11828
all_actives,186,1.0,1.0,1.0,0.11828
covalent_only,0,0.0,0.0,0.0,0.0
covalent_only,1,0.006098,0.0,0.0,0.0
covalent_only,2,0.006098,0.333333,0.333333,0.5
covalent_only,3,0.012195,0.333333,0.333333,0.333333
covalent_only,4,0.018293,0.333333,0.333333,0.25
covalent_only,5,0.02439,0.333333,0.333333,0.2
covalent_only,6,0.030488,0.333333,0.333333,0.166667
covalent_only,7,0.030488,0.666667,0.666667,0.285714
covalent_only,8,0.036585,0.666667,0.666667,0.25
covalent_only,9,0.042683,0.666667,0.666667,0.222222
covalent_only,10,0.04878,0.666667,0.666667,0.2
covalent_only,11,0.054878,0.666667,0.666667,0.181818
covalent_only,12,0.060976,0.666667,0.666667,0.166667
covalent_only,13,0.067073,0.666667,0.666667,0.153846
covalent_only,14,0.073171,0.666667,0.666667,0.142857
covalent_only,15,0.079268,0.666667,0.666667,0.133333
covalent_only,16,0.085366,0.666667,0.666667,0.125
covalent_only,17,0.091463,0.666667,0.666667,0.117647
covalent_only,18,0.097561,0.666667,0.666667,0.111111
covalent_only,19,0.103659,0.666667,0.666667,0.105263
covalent_only,20,0.109756,0.666667,0.666667,0.1
covalent_only,21,0.115854,0.666667,0.666667,0.095238
covalent_only,22,0.121951,0.666667,0.666667,0.090909
covalent_only,23,0.128049,0.666667,0.666667,0.086957
covalent_only,24,0.134146,0.666667,0.666667,0.083333
covalent_only,25,0.140244,0.666667,0.666667,0.08
covalent_only,26,0.146341,0.666667,0.666667,0.076923
covalent_only,27,0.152439,0.666667,0.666667,0.074074
covalent_only,28,0.158537,0.666667,0.666667,0.071429
covalent_only,29,0.164634,0.666667,0.666667,0.068966
covalent_only,30,0.170732,0.666667,0.666667,0.066667
covalent_only,31,0.176829,0.666667,0.666667,0.064516
covalent_only,32,0.182927,0.666667,0.666667,0.0625
covalent_only,33,0.189024,0.666667,0.666667,0.060606
covalent_only,34,0.195122,0.666667,0.666667,0.058824
covalent_only,35,0.20122,0.666667,0.666667,0.057143
covalent_only,36,0.207317,0.666667,0.666667,0.055556
covalent_only,37,0.213415,0.666667,0.666667,0.054054
covalent_only,38,0.219512,0.666667,0.666667,0.052632
covalent_only,39,0.22561,0.666667,0.666667,0.051282
covalent_only,40,0.231707,0.666667,0.666667,0.05
covalent_only,41,0.237805,0.666667,0.666667,0.04878
covalent_only,42,0.243902,0.666667,0.666667,0.047619
covalent_only,43,0.25,0.666667,0.666667,0.046512
covalent_only,44,0.256098,0.666667,0.666667,0.045455
covalent_only,45,0.262195,0.666667,0.666667,0.044444
covalent_only,46,0.268293,0.666667,0.666667,0.043478
covalent_only,47,0.27439,0.666667,0.666667,0.042553
covalent_only,48,0.280488,0.666667,0.666667,0.041667
covalent_only,49,0.286585,0.666667,0.666667,0.040816
covalent_only,50,0.292683,0.666667,0.666667,0.04
covalent_only,51,0.29878,0.666667,0.666667,0.039216
covalent_only,52,0.304878,0.666667,0.666667,0.038462
covalent_only,53,0.310976,0.666667,0.666667,0.037736
covalent_only,54,0.317073,0.666667,0.666667,0.037037
covalent_only,55,0.323171,0.666667,0.666667,0.036364
covalent_only,56,0.329268,0.666667,0.666667,0.035714
covalent_only,57,0.335366,0.666667,0.666667,0.035088
covalent_only,58,0.341463,0.666667,0.666667,0.034483
covalent_only,59,0.347561,0.666667,0.666667,0.033898
covalent_only,60,0.353659,0.666667,0.666667,0.033333
covalent_only,61,0.359756,0.666667,0.666667,0.032787
covalent_only,62,0.365854,0.666667,0.666667,0.032258
covalent_only,63,0.371951,0.666667,0.666667,0.031746
covalent_only,64,0.378049,0.666667,0.666667,0.03125
covalent_only,65,0.384146,0.666667,0.666667,0.030769
covalent_only,66,0.390244,0.666667,0.666667,0.030303
covalent_only,67,0.396341,0.666667,0.666667,0.029851
covalent_only,68,0.402439,0.666667,0.666667,0.029412
covalent_only,69,0.408537,0.666667,0.666667,0.028986
covalent_only,70,0.414634,0.666667,0.666667,0.028571
covalent_only,71,0.420732,0.666667,0.666667,0.028169
covalent_only,72,0.426829,0.666667,0.666667,0.027778
covalent_only,73,0.432927,0.666667,0.666667,0.027397
covalent_only,74,0.439024,0.666667,0.666667,0.027027
covalent_only,75,0.445122,0.666667,0.666667,0.026667
covalent_only,76,0.45122,0.666667,0.666667,0.026316
covalent_only,77,0.457317,0.666667,0.666667,0.025974
covalent_only,78,0.463415,0.666667,0.666667,0.025641
covalent_only,79,0.469512,0.666667,0.666667,0.025316
covalent_only,80,0.47561,0.666667,0.666667,0.025
covalent_only,81,0.481707,0.666667,0.666667,0.024691
covalent_only,82,0.487805,0.666667,0.666667,0.02439
covalent_only,83,0.493902,0.666667,0.666667,0.024096
covalent_only,84,0.5,0.666667,0.666667,0.02381
covalent_only,85,0.506098,0.666667,0.666667,0.023529
covalent_only,86,0.512195,0.666667,0.666667,0.023256
covalent_only,87,0.518293,0.666667,0.666667,0.022989
covalent_only,88,0.52439,0.666667,0.666667,0.022727
covalent_only,89,0.530488,0.666667,0.666667,0.022472
covalent_only,90,0.536585,0.666667,0.666667,0.022222
covalent_only,91,0.542683,0.666667,0.666667,0.021978
covalent_only,92,0.54878,0.666667,0.666667,0.021739
covalent_only,93,0.554878,0.666667,0.666667,0.021505
covalent_only,94,0.560976,0.666667,0.666667,0.021277
covalent_only,95,0.567073,0.666667,0.666667,0.021053
covalent_only,96,0.573171,0.666667,0.666667,0.020833
covalent_only,97,0.579268,0.666667,0.666667,0.020619
covalent_only,98,0.585366,0.666667,0.666667,0.020408
covalent_only,99,0.591463,0.666667,0.666667,0.020202
covalent_only,100,0.597561,0.666667,0.666667,0.02
covalent_only,101,0.603659,0.666667,0.666667,0.019802
covalent_only,102,0.609756,0.666667,0.666667,0.019608
covalent_only,103,0.615854,0.666667,0.666667,0.019417
covalent_only,104,0.621951,0.666667,0.666667,0.019231
covalent_only,105,0.628049,0.666667,0.666667,0.019048
covalent_only,106,0.634146,0.666667,0.666667,0.018868
covalent_only,107,0.640244,0.666667,0.666667,0.018692
covalent_only,108,0.646341,0.666667,0.666667,0.018519
covalent_only,109,0.652439,0.666667,0.666667,0.018349
covalent_only,110,0.658537,0.666667,0.666667,0.018182
covalent_only,111,0.664634,0.666667,0.666667,0.018018
covalent_only,112,0.670732,0.666667,0.666667,0.017857
covalent_only,113,0.676829,0.666667,0.666667,0.017699
covalent_only,114,0.682927,0.666667,0.666667,0.017544
covalent_only,115,0.689024,0.666667,0.666667,0.017391
covalent_only,116,0.695122,0.666667,0.666667,0.017241
covalent_only,117,0.70122,0.666667,0.666667,0.017094
covalent_only,118,0.707317,0.666667,0.666667,0.016949
covalent_only,119,0.713415,0.666667,0.666667,0.016807
covalent_only,120,0.719512,0.666667,0.666667,0.016667
covalent_only,121,0.72561,0.666667,0.666667,0.016529
covalent_only,122,0.731707,0.666667,0.666667,0.016393
covalent_only,123,0.737805,0.666667,0.666667,0.01626
covalent_only,124,0.743902,0.666667,0.666667,0.016129
covalent_only,125,0.75,0.666667,0.666667,0.016
covalent_only,126,0.756098,0.666667,0.666667,0.015873
covalent_only,127,0.762195,0.666667,0.666667,0.015748
covalent_only,128,0.768293,0.666667,0.666667,0.015625
covalent_only,129,0.77439,0.666667,0.666667,0.015504
covalent_only,130,0.780488,0.666667,0.666667,0.015385
covalent_only,131,0.786585,0.666667,0.666667,0.015267
covalent_only,132,0.786585,1.0,1.0,0.022727
covalent_only,133,0.792683,1.0,1.0,0.022556
covalent_only,134,0.79878,1.0,1.0,0.022388
covalent_only,135,0.804878,1.0,1.0,0.022222
covalent_only,136,0.810976,1.0,1.0,0.022059
covalent_only,137,0.817073,1.0,1.0,0.021898
covalent_only,138,0.823171,1.0,1.0,0.021739
covalent_only,139,0.829268,1.0,1.0,0.021583
covalent_only,140,0.835366,1.0,1.0,0.021429
covalent_only,141,0.841463,1.0,1.0,0.021277
covalent_only,142,0.847561,1.0,1.0,0.021127
covalent_only,143,0.853659,1.0,1.0,0.020979
covalent_only,144,0.859756,1.0,1.0,0.020833
covalent_only,145,0.865854,1.0,1.0,0.02069
covalent_only,146,0.871951,1.0,1.0,0.020548
covalent_only,147,0.878049,1.0,1.0,0.020408
covalent_only,148,0.884146,1.0,1.0,0.02027
covalent_only,149,0.890244,1.0,1.0,0.020134
covalent_only,150,0.896341,1.0,1.0,0.02
covalent_only,151,0.902439,1.0,1.0,0.019868
covalent_only,152,0.908537,1.0,1.0,0.019737
covalent_only,153,0.914634,1.0,1.0,0.019608
covalent_only,154,0.920732,1.0,1.0,0.019481
covalent_only,155,0.926829,1.0,1.0,0.019355
covalent_only,156,0.932927,1.0,1.0,0.019231
covalent_only,157,0.939024,1.0,1.0,0.019108
covalent_only,158,0.945122,1.0,1.0,0.018987
covalent_only,159,0.95122,1.0,1.0,0.018868
covalent_only,160,0.957317,1.0,1.0,0.01875
covalent_only,161,0.963415,1.0,1.0,0.018634
covalent_only,162,0.969512,1.0,1.0,0.018519
covalent_only,163,0.97561,1.0,1.0,0.018405
covalent_only,164,0.981707,1.0,1.0,0.018293
covalent_only,165,0.987805,1.0,1.0,0.018182
covalent_only,166,0.993902,1.0,1.0,0.018072
covalent_only,167,1.0,1.0,1.0,0.017964
covalent_only,167,1.0,1.0,1.0,0.017964
all_actives_unscored_ranked_last,0,0.0,0.0,0.0,0.0
all_actives_unscored_ranked_last,1,0.002857,0.0,0.0,0.0
all_actives_unscored_ranked_last,2,0.002857,0.045455,0.045455,0.5
all_actives_unscored_ranked_last,3,0.005714,0.045455,0.045455,0.333333
all_actives_unscored_ranked_last,4,0.008571,0.045455,0.045455,0.25
all_actives_unscored_ranked_last,5,0.011429,0.045455,0.045455,0.2
all_actives_unscored_ranked_last,6,0.014286,0.045455,0.045455,0.166667
all_actives_unscored_ranked_last,7,0.014286,0.090909,0.090909,0.285714
all_actives_unscored_ranked_last,8,0.014286,0.136364,0.136364,0.375
all_actives_unscored_ranked_last,9,0.017143,0.136364,0.136364,0.333333
all_actives_unscored_ranked_last,10,0.02,0.136364,0.136364,0.3
all_actives_unscored_ranked_last,11,0.022857,0.136364,0.136364,0.272727
all_actives_unscored_ranked_last,12,0.025714,0.136364,0.136364,0.25
all_actives_unscored_ranked_last,13,0.025714,0.181818,0.181818,0.307692
all_actives_unscored_ranked_last,14,0.028571,0.181818,0.181818,0.285714
all_actives_unscored_ranked_last,15,0.031429,0.181818,0.181818,0.266667
all_actives_unscored_ranked_last,16,0.031429,0.227273,0.227273,0.3125
all_actives_unscored_ranked_last,17,0.034286,0.227273,0.227273,0.294118
all_actives_unscored_ranked_last,18,0.037143,0.227273,0.227273,0.277778
all_actives_unscored_ranked_last,19,0.04,0.227273,0.227273,0.263158
all_actives_unscored_ranked_last,20,0.04,0.272727,0.272727,0.3
all_actives_unscored_ranked_last,21,0.042857,0.272727,0.272727,0.285714
all_actives_unscored_ranked_last,22,0.045714,0.272727,0.272727,0.272727
all_actives_unscored_ranked_last,23,0.048571,0.272727,0.272727,0.26087
all_actives_unscored_ranked_last,24,0.048571,0.318182,0.318182,0.291667
all_actives_unscored_ranked_last,25,0.051429,0.318182,0.318182,0.28
all_actives_unscored_ranked_last,26,0.054286,0.318182,0.318182,0.269231
all_actives_unscored_ranked_last,27,0.057143,0.318182,0.318182,0.259259
all_actives_unscored_ranked_last,28,0.06,0.318182,0.318182,0.25
all_actives_unscored_ranked_last,29,0.062857,0.318182,0.318182,0.241379
all_actives_unscored_ranked_last,30,0.062857,0.363636,0.363636,0.266667
all_actives_unscored_ranked_last,31,0.065714,0.363636,0.363636,0.258065
all_actives_unscored_ranked_last,32,0.068571,0.363636,0.363636,0.25
all_actives_unscored_ranked_last,33,0.068571,0.409091,0.409091,0.272727
all_actives_unscored_ranked_last,34,0.071429,0.409091,0.409091,0.264706
all_actives_unscored_ranked_last,35,0.074286,0.409091,0.409091,0.257143
all_actives_unscored_ranked_last,36,0.077143,0.409091,0.409091,0.25
all_actives_unscored_ranked_last,37,0.08,0.409091,0.409091,0.243243
all_actives_unscored_ranked_last,38,0.082857,0.409091,0.409091,0.236842
all_actives_unscored_ranked_last,39,0.085714,0.409091,0.409091,0.230769
all_actives_unscored_ranked_last,40,0.088571,0.409091,0.409091,0.225
all_actives_unscored_ranked_last,41,0.088571,0.454545,0.454545,0.243902
all_actives_unscored_ranked_last,42,0.088571,0.5,0.5,0.261905
all_actives_unscored_ranked_last,43,0.091429,0.5,0.5,0.255814
all_actives_unscored_ranked_last,44,0.094286,0.5,0.5,0.25
all_actives_unscored_ranked_last,45,0.097143,0.5,0.5,0.244444
all_actives_unscored_ranked_last,46,0.1,0.5,0.5,0.23913
all_actives_unscored_ranked_last,47,0.102857,0.5,0.5,0.234043
all_actives_unscored_ranked_last,48,0.105714,0.5,0.5,0.229167
all_actives_unscored_ranked_last,49,0.108571,0.5,0.5,0.22449
all_actives_unscored_ranked_last,50,0.111429,0.5,0.5,0.22
all_actives_unscored_ranked_last,51,0.114286,0.5,0.5,0.215686
all_actives_unscored_ranked_last,52,0.117143,0.5,0.5,0.211538
all_actives_unscored_ranked_last,53,0.12,0.5,0.5,0.207547
all_actives_unscored_ranked_last,54,0.122857,0.5,0.5,0.203704
all_actives_unscored_ranked_last,55,0.125714,0.5,0.5,0.2
all_actives_unscored_ranked_last,56,0.125714,0.545455,0.545455,0.214286
all_actives_unscored_ranked_last,57,0.128571,0.545455,0.545455,0.210526
all_actives_unscored_ranked_last,58,0.131429,0.545455,0.545455,0.206897
all_actives_unscored_ranked_last,59,0.134286,0.545455,0.545455,0.20339
all_actives_unscored_ranked_last,60,0.137143,0.545455,0.545455,0.2
all_actives_unscored_ranked_last,61,0.14,0.545455,0.545455,0.196721
all_actives_unscored_ranked_last,62,0.142857,0.545455,0.545455,0.193548
all_actives_unscored_ranked_last,63,0.145714,0.545455,0.545455,0.190476
all_actives_unscored_ranked_last,64,0.148571,0.545455,0.545455,0.1875
all_actives_unscored_ranked_last,65,0.148571,0.590909,0.590909,0.2
all_actives_unscored_ranked_last,66,0.151429,0.590909,0.590909,0.19697
all_actives_unscored_ranked_last,67,0.151429,0.636364,0.636364,0.208955
all_actives_unscored_ranked_last,68,0.154286,0.636364,0.636364,0.205882
all_actives_unscored_ranked_last,69,0.157143,0.636364,0.636364,0.202899
all_actives_unscored_ranked_last,70,0.16,0.636364,0.636364,0.2
all_actives_unscored_ranked_last,71,0.162857,0.636364,0.636364,0.197183
all_actives_unscored_ranked_last,72,0.165714,0.636364,0.636364,0.194444
all_actives_unscored_ranked_last,73,0.168571,0.636364,0.636364,0.191781
all_actives_unscored_ranked_last,74,0.171429,0.636364,0.636364,0.189189
all_actives_unscored_ranked_last,75,0.174286,0.636364,0.636364,0.186667
all_actives_unscored_ranked_last,76,0.177143,0.636364,0.636364,0.184211
all_actives_unscored_ranked_last,77,0.18,0.636364,0.636364,0.181818
all_actives_unscored_ranked_last,78,0.18,0.681818,0.681818,0.192308
all_actives_unscored_ranked_last,79,0.182857,0.681818,0.681818,0.189873
all_actives_unscored_ranked_last,80,0.185714,0.681818,0.681818,0.1875
all_actives_unscored_ranked_last,81,0.188571,0.681818,0.681818,0.185185
all_actives_unscored_ranked_last,82,0.191429,0.681818,0.681818,0.182927
all_actives_unscored_ranked_last,83,0.194286,0.681818,0.681818,0.180723
all_actives_unscored_ranked_last,84,0.197143,0.681818,0.681818,0.178571
all_actives_unscored_ranked_last,85,0.2,0.681818,0.681818,0.176471
all_actives_unscored_ranked_last,86,0.202857,0.681818,0.681818,0.174419
all_actives_unscored_ranked_last,87,0.205714,0.681818,0.681818,0.172414
all_actives_unscored_ranked_last,88,0.208571,0.681818,0.681818,0.170455
all_actives_unscored_ranked_last,89,0.211429,0.681818,0.681818,0.168539
all_actives_unscored_ranked_last,90,0.214286,0.681818,0.681818,0.166667
all_actives_unscored_ranked_last,91,0.217143,0.681818,0.681818,0.164835
all_actives_unscored_ranked_last,92,0.22,0.681818,0.681818,0.163043
all_actives_unscored_ranked_last,93,0.222857,0.681818,0.681818,0.16129
all_actives_unscored_ranked_last,94,0.225714,0.681818,0.681818,0.159574
all_actives_unscored_ranked_last,95,0.228571,0.681818,0.681818,0.157895
all_actives_unscored_ranked_last,96,0.231429,0.681818,0.681818,0.15625
all_actives_unscored_ranked_last,97,0.234286,0.681818,0.681818,0.154639
all_actives_unscored_ranked_last,98,0.237143,0.681818,0.681818,0.153061
all_actives_unscored_ranked_last,99,0.24,0.681818,0.681818,0.151515
all_actives_unscored_ranked_last,100,0.242857,0.681818,0.681818,0.15
all_actives_unscored_ranked_last,101,0.245714,0.681818,0.681818,0.148515
all_actives_unscored_ranked_last,102,0.248571,0.681818,0.681818,0.147059
all_actives_unscored_ranked_last,103,0.251429,0.681818,0.681818,0.145631
all_actives_unscored_ranked_last,104,0.254286,0.681818,0.681818,0.144231
all_actives_unscored_ranked_last,105,0.257143,0.681818,0.681818,0.142857
all_actives_unscored_ranked_last,106,0.26,0.681818,0.681818,0.141509
all_actives_unscored_ranked_last,107,0.262857,0.681818,0.681818,0.140187
all_actives_unscored_ranked_last,108,0.262857,0.727273,0.727273,0.148148
all_actives_unscored_ranked_last,109,0.265714,0.727273,0.727273,0.146789
all_actives_unscored_ranked_last,110,0.268571,0.727273,0.727273,0.145455
all_actives_unscored_ranked_last,111,0.271429,0.727273,0.727273,0.144144
all_actives_unscored_ranked_last,112,0.274286,0.727273,0.727273,0.142857
all_actives_unscored_ranked_last,113,0.277143,0.727273,0.727273,0.141593
all_actives_unscored_ranked_last,114,0.28,0.727273,0.727273,0.140351
all_actives_unscored_ranked_last,115,0.28,0.772727,0.772727,0.147826
all_actives_unscored_ranked_last,116,0.282857,0.772727,0.772727,0.146552
all_actives_unscored_ranked_last,117,0.285714,0.772727,0.772727,0.145299
all_actives_unscored_ranked_last,118,0.288571,0.772727,0.772727,0.144068
all_actives_unscored_ranked_last,119,0.291429,0.772727,0.772727,0.142857
all_actives_unscored_ranked_last,120,0.294286,0.772727,0.772727,0.141667
all_actives_unscored_ranked_last,121,0.297143,0.772727,0.772727,0.140496
all_actives_unscored_ranked_last,122,0.297143,0.818182,0.818182,0.147541
all_actives_unscored_ranked_last,123,0.3,0.818182,0.818182,0.146341
all_actives_unscored_ranked_last,124,0.302857,0.818182,0.818182,0.145161
all_actives_unscored_ranked_last,125,0.305714,0.818182,0.818182,0.144
all_actives_unscored_ranked_last,126,0.308571,0.818182,0.818182,0.142857
all_actives_unscored_ranked_last,127,0.311429,0.818182,0.818182,0.141732
all_actives_unscored_ranked_last,128,0.314286,0.818182,0.818182,0.140625
all_actives_unscored_ranked_last,129,0.317143,0.818182,0.818182,0.139535
all_actives_unscored_ranked_last,130,0.32,0.818182,0.818182,0.138462
all_actives_unscored_ranked_last,131,0.322857,0.818182,0.818182,0.137405
all_actives_unscored_ranked_last,132,0.325714,0.818182,0.818182,0.136364
all_actives_unscored_ranked_last,133,0.328571,0.818182,0.818182,0.135338
all_actives_unscored_ranked_last,134,0.328571,0.863636,0.863636,0.141791
all_actives_unscored_ranked_last,135,0.331429,0.863636,0.863636,0.140741
all_actives_unscored_ranked_last,136,0.334286,0.863636,0.863636,0.139706
all_actives_unscored_ranked_last,137,0.337143,0.863636,0.863636,0.138686
all_actives_unscored_ranked_last,138,0.34,0.863636,0.863636,0.137681
all_actives_unscored_ranked_last,139,0.342857,0.863636,0.863636,0.136691
all_actives_unscored_ranked_last,140,0.345714,0.863636,0.863636,0.135714
all_actives_unscored_ranked_last,141,0.348571,0.863636,0.863636,0.134752
all_actives_unscored_ranked_last,142,0.351429,0.863636,0.863636,0.133803
all_actives_unscored_ranked_last,143,0.354286,0.863636,0.863636,0.132867
all_actives_unscored_ranked_last,144,0.357143,0.863636,0.863636,0.131944
all_actives_unscored_ranked_last,145,0.36,0.863636,0.863636,0.131034
all_actives_unscored_ranked_last,146,0.362857,0.863636,0.863636,0.130137
all_actives_unscored_ranked_last,147,0.365714,0.863636,0.863636,0.129252
all_actives_unscored_ranked_last,148,0.368571,0.863636,0.863636,0.128378
all_actives_unscored_ranked_last,149,0.368571,0.909091,0.909091,0.134228
all_actives_unscored_ranked_last,150,0.371429,0.909091,0.909091,0.133333
all_actives_unscored_ranked_last,151,0.371429,0.954545,0.954545,0.139073
all_actives_unscored_ranked_last,152,0.374286,0.954545,0.954545,0.138158
all_actives_unscored_ranked_last,153,0.377143,0.954545,0.954545,0.137255
all_actives_unscored_ranked_last,154,0.38,0.954545,0.954545,0.136364
all_actives_unscored_ranked_last,155,0.382857,0.954545,0.954545,0.135484
all_actives_unscored_ranked_last,156,0.385714,0.954545,0.954545,0.134615
all_actives_unscored_ranked_last,157,0.388571,0.954545,0.954545,0.133758
all_actives_unscored_ranked_last,158,0.391429,0.954545,0.954545,0.132911
all_actives_unscored_ranked_last,159,0.394286,0.954545,0.954545,0.132075
all_actives_unscored_ranked_last,160,0.397143,0.954545,0.954545,0.13125
all_actives_unscored_ranked_last,161,0.4,0.954545,0.954545,0.130435
all_actives_unscored_ranked_last,162,0.402857,0.954545,0.954545,0.12963
all_actives_unscored_ranked_last,163,0.405714,0.954545,0.954545,0.128834
all_actives_unscored_ranked_last,164,0.408571,0.954545,0.954545,0.128049
all_actives_unscored_ranked_last,165,0.411429,0.954545,0.954545,0.127273
all_actives_unscored_ranked_last,166,0.411429,1.0,1.0,0.13253
all_actives_unscored_ranked_last,167,0.414286,1.0,1.0,0.131737
all_actives_unscored_ranked_last,168,0.417143,1.0,1.0,0.130952
all_actives_unscored_ranked_last,169,0.42,1.0,1.0,0.130178
all_actives_unscored_ranked_last,170,0.422857,1.0,1.0,0.129412
all_actives_unscored_ranked_last,171,0.425714,1.0,1.0,0.128655
all_actives_unscored_ranked_last,172,0.428571,1.0,1.0,0.127907
all_actives_unscored_ranked_last,173,0.431429,1.0,1.0,0.127168
all_actives_unscored_ranked_last,174,0.434286,1.0,1.0,0.126437
all_actives_unscored_ranked_last,175,0.437143,1.0,1.0,0.125714
all_actives_unscored_ranked_last,176,0.44,1.0,1.0,0.125
all_actives_unscored_ranked_last,177,0.442857,1.0,1.0,0.124294
all_actives_unscored_ranked_last,178,0.445714,1.0,1.0,0.123596
all_actives_unscored_ranked_last,179,0.448571,1.0,1.0,0.122905
all_actives_unscored_ranked_last,180,0.451429,1.0,1.0,0.122222
all_actives_unscored_ranked_last,181,0.454286,1.0,1.0,0.121547
all_actives_unscored_ranked_last,182,0.457143,1.0,1.0,0.120879
all_actives_unscored_ranked_last,183,0.46,1.0,1.0,0.120219
all_actives_unscored_ranked_last,184,0.462857,1.0,1.0,0.119565
all_actives_unscored_ranked_last,185,0.465714,1.0,1.0,0.118919
all_actives_unscored_ranked_last,186,0.468571,1.0,1.0,0.11828
all_actives_unscored_ranked_last,187,0.471429,1.0,1.0,0.117647
all_actives_unscored_ranked_last,188,0.474286,1.0,1.0,0.117021
all_actives_unscored_ranked_last,189,0.477143,1.0,1.0,0.116402
all_actives_unscored_ranked_last,190,0.48,1.0,1.0,0.115789
all_actives_unscored_ranked_last,191,0.482857,1.0,1.0,0.115183
all_actives_unscored_ranked_last,192,0.485714,1.0,1.0,0.114583
all_actives_unscored_ranked_last,193,0.488571,1.0,1.0,0.11399
all_actives_unscored_ranked_last,194,0.491429,1.0,1.0,0.113402
all_actives_unscored_ranked_last,195,0.494286,1.0,1.0,0.112821
all_actives_unscored_ranked_last,196,0.497143,1.0,1.0,0.112245
all_actives_unscored_ranked_last,197,0.5,1.0,1.0,0.111675
all_actives_unscored_ranked_last,198,0.502857,1.0,1.0,0.111111
all_actives_unscored_ranked_last,199,0.505714,1.0,1.0,0.110553
all_actives_unscored_ranked_last,200,0.508571,1.0,1.0,0.11
all_actives_unscored_ranked_last,201,0.511429,1.0,1.0,0.109453
all_actives_unscored_ranked_last,202,0.514286,1.0,1.0,0.108911
all_actives_unscored_ranked_last,203,0.517143,1.0,1.0,0.108374
all_actives_unscored_ranked_last,204,0.52,1.0,1.0,0.107843
all_actives_unscored_ranked_last,205,0.522857,1.0,1.0,0.107317
all_actives_unscored_ranked_last,206,0.525714,1.0,1.0,0.106796
all_actives_unscored_ranked_last,207,0.528571,1.0,1.0,0.10628
all_actives_unscored_ranked_last,208,0.531429,1.0,1.0,0.105769
all_actives_unscored_ranked_last,209,0.534286,1.0,1.0,0.105263
all_actives_unscored_ranked_last,210,0.537143,1.0,1.0,0.104762
all_actives_unscored_ranked_last,211,0.54,1.0,1.0,0.104265
all_actives_unscored_ranked_last,212,0.542857,1.0,1.0,0.103774
all_actives_unscored_ranked_last,213,0.545714,1.0,1.0,0.103286
all_actives_unscored_ranked_last,214,0.548571,1.0,1.0,0.102804
all_actives_unscored_ranked_last,215,0.551429,1.0,1.0,0.102326
all_actives_unscored_ranked_last,216,0.554286,1.0,1.0,0.101852
all_actives_unscored_ranked_last,217,0.557143,1.0,1.0,0.101382
all_actives_unscored_ranked_last,218,0.56,1.0,1.0,0.100917
all_actives_unscored_ranked_last,219,0.562857,1.0,1.0,0.100457
all_actives_unscored_ranked_last,220,0.565714,1.0,1.0,0.1
all_actives_unscored_ranked_last,221,0.568571,1.0,1.0,0.099548
all_actives_unscored_ranked_last,222,0.571429,1.0,1.0,0.099099
all_actives_unscored_ranked_last,223,0.574286,1.0,1.0,0.098655
all_actives_unscored_ranked_last,224,0.577143,1.0,1.0,0.098214
all_actives_unscored_ranked_last,225,0.58,1.0,1.0,0.097778
all_actives_unscored_ranked_last,226,0.582857,1.0,1.0,0.097345
all_actives_unscored_ranked_last,227,0.585714,1.0,1.0,0.096916
all_actives_unscored_ranked_last,228,0.588571,1.0,1.0,0.096491
all_actives_unscored_ranked_last,229,0.591429,1.0,1.0,0.09607
all_actives_unscored_ranked_last,230,0.594286,1.0,1.0,0.095652
all_actives_unscored_ranked_last,231,0.597143,1.0,1.0,0.095238
all_actives_unscored_ranked_last,232,0.6,1.0,1.0,0.094828
all_actives_unscored_ranked_last,233,0.602857,1.0,1.0,0.094421
all_actives_unscored_ranked_last,234,0.605714,1.0,1.0,0.094017
all_actives_unscored_ranked_last,235,0.608571,1.0,1.0,0.093617
all_actives_unscored_ranked_last,236,0.611429,1.0,1.0,0.09322
all_actives_unscored_ranked_last,237,0.614286,1.0,1.0,0.092827
all_actives_unscored_ranked_last,238,0.617143,1.0,1.0,0.092437
all_actives_unscored_ranked_last,239,0.62,1.0,1.0,0.09205
all_actives_unscored_ranked_last,240,0.622857,1.0,1.0,0.091667
all_actives_unscored_ranked_last,241,0.625714,1.0,1.0,0.091286
all_actives_unscored_ranked_last,242,0.628571,1.0,1.0,0.090909
all_actives_unscored_ranked_last,243,0.631429,1.0,1.0,0.090535
all_actives_unscored_ranked_last,244,0.634286,1.0,1.0,0.090164
all_actives_unscored_ranked_last,245,0.637143,1.0,1.0,0.089796
all_actives_unscored_ranked_last,246,0.64,1.0,1.0,0.089431
all_actives_unscored_ranked_last,247,0.642857,1.0,1.0,0.089069
all_actives_unscored_ranked_last,248,0.645714,1.0,1.0,0.08871
all_actives_unscored_ranked_last,249,0.648571,1.0,1.0,0.088353
all_actives_unscored_ranked_last,250,0.651429,1.0,1.0,0.088
all_actives_unscored_ranked_last,251,0.654286,1.0,1.0,0.087649
all_actives_unscored_ranked_last,252,0.657143,1.0,1.0,0.087302
all_actives_unscored_ranked_last,253,0.66,1.0,1.0,0.086957
all_actives_unscored_ranked_last,254,0.662857,1.0,1.0,0.086614
all_actives_unscored_ranked_last,255,0.665714,1.0,1.0,0.086275
all_actives_unscored_ranked_last,256,0.668571,1.0,1.0,0.085938
all_actives_unscored_ranked_last,257,0.671429,1.0,1.0,0.085603
all_actives_unscored_ranked_last,258,0.674286,1.0,1.0,0.085271
all_actives_unscored_ranked_last,259,0.677143,1.0,1.0,0.084942
all_actives_unscored_ranked_last,260,0.68,1.0,1.0,0.084615
all_actives_unscored_ranked_last,261,0.682857,1.0,1.0,0.084291
all_actives_unscored_ranked_last,262,0.685714,1.0,1.0,0.083969
all_actives_unscored_ranked_last,263,0.688571,1.0,1.0,0.08365
all_actives_unscored_ranked_last,264,0.691429,1.0,1.0,0.083333
all_actives_unscored_ranked_last,265,0.694286,1.0,1.0,0.083019
all_actives_unscored_ranked_last,266,0.697143,1.0,1.0,0.082707
all_actives_unscored_ranked_last,267,0.7,1.0,1.0,0.082397
all_actives_unscored_ranked_last,268,0.702857,1.0,1.0,0.08209
all_actives_unscored_ranked_last,269,0.705714,1.0,1.0,0.081784
all_actives_unscored_ranked_last,270,0.708571,1.0,1.0,0.081481
all_actives_unscored_ranked_last,271,0.711429,1.0,1.0,0.081181
all_actives_unscored_ranked_last,272,0.714286,1.0,1.0,0.080882
all_actives_unscored_ranked_last,273,0.717143,1.0,1.0,0.080586
all_actives_unscored_ranked_last,274,0.72,1.0,1.0,0.080292
all_actives_unscored_ranked_last,275,0.722857,1.0,1.0,0.08
all_actives_unscored_ranked_last,276,0.725714,1.0,1.0,0.07971
all_actives_unscored_ranked_last,277,0.728571,1.0,1.0,0.079422
all_actives_unscored_ranked_last,278,0.731429,1.0,1.0,0.079137
all_actives_unscored_ranked_last,279,0.734286,1.0,1.0,0.078853
all_actives_unscored_ranked_last,280,0.737143,1.0,1.0,0.078571
all_actives_unscored_ranked_last,281,0.74,1.0,1.0,0.078292
all_actives_unscored_ranked_last,282,0.742857,1.0,1.0,0.078014
all_actives_unscored_ranked_last,283,0.745714,1.0,1.0,0.077739
all_actives_unscored_ranked_last,284,0.748571,1.0,1.0,0.077465
all_actives_unscored_ranked_last,285,0.751429,1.0,1.0,0.077193
all_actives_unscored_ranked_last,286,0.754286,1.0,1.0,0.076923
all_actives_unscored_ranked_last,287,0.757143,1.0,1.0,0.076655
all_actives_unscored_ranked_last,288,0.76,1.0,1.0,0.076389
all_actives_unscored_ranked_last,289,0.762857,1.0,1.0,0.076125
all_actives_unscored_ranked_last,290,0.765714,1.0,1.0,0.075862
all_actives_unscored_ranked_last,291,0.768571,1.0,1.0,0.075601
all_actives_unscored_ranked_last,292,0.771429,1.0,1.0,0.075342
all_actives_unscored_ranked_last,293,0.774286,1.0,1.0,0.075085
all_actives_unscored_ranked_last,294,0.777143,1.0,1.0,0.07483
all_actives_unscored_ranked_last,295,0.78,1.0,1.0,0.074576
all_actives_unscored_ranked_last,296,0.782857,1.0,1.0,0.074324
all_actives_unscored_ranked_last,297,0.785714,1.0,1.0,0.074074
all_actives_unscored_ranked_last,298,0.788571,1.0,1.0,0.073826
all_actives_unscored_ranked_last,299,0.791429,1.0,1.0,0.073579
all_actives_unscored_ranked_last,300,0.794286,1.0,1.0,0.073333
all_actives_unscored_ranked_last,301,0.797143,1.0,1.0,0.07309
all_actives_unscored_ranked_last,302,0.8,1.0,1.0,0.072848
all_actives_unscored_ranked_last,303,0.802857,1.0,1.0,0.072607
all_actives_unscored_ranked_last,304,0.805714,1.0,1.0,0.072368
all_actives_unscored_ranked_last,305,0.808571,1.0,1.0,0.072131
all_actives_unscored_ranked_last,306,0.811429,1.0,1.0,0.071895
all_actives_unscored_ranked_last,307,0.814286,1.0,1.0,0.071661
all_actives_unscored_ranked_last,308,0.817143,1.0,1.0,0.071429
all_actives_unscored_ranked_last,309,0.82,1.0,1.0,0.071197
all_actives_unscored_ranked_last,310,0.822857,1.0,1.0,0.070968
all_actives_unscored_ranked_last,311,0.825714,1.0,1.0,0.07074
all_actives_unscored_ranked_last,312,0.828571,1.0,1.0,0.070513
all_actives_unscored_ranked_last,313,0.831429,1.0,1.0,0.070288
all_actives_unscored_ranked_last,314,0.834286,1.0,1.0,0.070064
all_actives_unscored_ranked_last,315,0.837143,1.0,1.0,0.069841
all_actives_unscored_ranked_last,316,0.84,1.0,1.0,0.06962
all_actives_unscored_ranked_last,317,0.842857,1.0,1.0,0.069401
all_actives_unscored_ranked_last,318,0.845714,1.0,1.0,0.069182
all_actives_unscored_ranked_last,319,0.848571,1.0,1.0,0.068966
all_actives_unscored_ranked_last,320,0.851429,1.0,1.0,0.06875
all_actives_unscored_ranked_last,321,0.854286,1.0,1.0,0.068536
all_actives_unscored_ranked_last,322,0.857143,1.0,1.0,0.068323
all_actives_unscored_ranked_last,323,0.86,1.0,1.0,0.068111
all_actives_unscored_ranked_last,324,0.862857,1.0,1.0,0.067901
all_actives_unscored_ranked_last,325,0.865714,1.0,1.0,0.067692
all_actives_unscored_ranked_last,326,0.868571,1.0,1.0,0.067485
all_actives_unscored_ranked_last,327,0.871429,1.0,1.0,0.067278
all_actives_unscored_ranked_last,328,0.874286,1.0,1.0,0.067073
all_actives_unscored_ranked_last,329,0.877143,1.0,1.0,0.066869
all_actives_unscored_ranked_last,330,0.88,1.0,1.0,0.066667
all_actives_unscored_ranked_last,331,0.882857,1.0,1.0,0.066465
all_actives_unscored_ranked_last,332,0.885714,1.0,1.0,0.066265
all_actives_unscored_ranked_last,333,0.888571,1.0,1.0,0.066066
all_actives_unscored_ranked_last,334,0.891429,1.0,1.0,0.065868
all_actives_unscored_ranked_last,335,0.894286,1.0,1.0,0.065672
all_actives_unscored_ranked_last,336,0.897143,1.0,1.0,0.065476
all_actives_unscored_ranked_last,337,0.9,1.0,1.0,0.065282
all_actives_unscored_ranked_last,338,0.902857,1.0,1.0,0.065089
all_actives_unscored_ranked_last,339,0.905714,1.0,1.0,0.064897
all_actives_unscored_ranked_last,340,0.908571,1.0,1.0,0.064706
all_actives_unscored_ranked_last,341,0.911429,1.0,1.0,0.064516
all_actives_unscored_ranked_last,342,0.914286,1.0,1.0,0.064327
all_actives_unscored_ranked_last,343,0.917143,1.0,1.0,0.06414
all_actives_unscored_ranked_last,344,0.92,1.0,1.0,0.063953
all_actives_unscored_ranked_last,345,0.922857,1.0,1.0,0.063768
all_actives_unscored_ranked_last,346,0.925714,1.0,1.0,0.063584
all_actives_unscored_ranked_last,347,0.928571,1.0,1.0,0.063401
all_actives_unscored_ranked_last,348,0.931429,1.0,1.0,0.063218
all_actives_unscored_ranked_last,349,0.934286,1.0,1.0,0.063037
all_actives_unscored_ranked_last,350,0.937143,1.0,1.0,0.062857
all_actives_unscored_ranked_last,351,0.94,1.0,1.0,0.062678
all_actives_unscored_ranked_last,352,0.942857,1.0,1.0,0.0625
all_actives_unscored_ranked_last,353,0.945714,1.0,1.0,0.062323
all_actives_unscored_ranked_last,354,0.948571,1.0,1.0,0.062147
all_actives_unscored_ranked_last,355,0.951429,1.0,1.0,0.061972
all_actives_unscored_ranked_last,356,0.954286,1.0,1.0,0.061798
all_actives_unscored_ranked_last,357,0.957143,1.0,1.0,0.061625
all_actives_unscored_ranked_last,358,0.96,1.0,1.0,0.061453
all_actives_unscored_ranked_last,359,0.962857,1.0,1.0,0.061281
all_actives_unscored_ranked_last,360,0.965714,1.0,1.0,0.061111
all_actives_unscored_ranked_last,361,0.968571,1.0,1.0,0.060942
all_actives_unscored_ranked_last,362,0.971429,1.0,1.0,0.060773
all_actives_unscored_ranked_last,363,0.974286,1.0,1.0,0.060606
all_actives_unscored_ranked_last,364,0.977143,1.0,1.0,0.06044
all_actives_unscored_ranked_last,365,0.98,1.0,1.0,0.060274
all_actives_unscored_ranked_last,366,0.982857,1.0,1.0,0.060109
all_actives_unscored_ranked_last,367,0.985714,1.0,1.0,0.059946
all_actives_unscored_ranked_last,368,0.988571,1.0,1.0,0.059783
all_actives_unscored_ranked_last,369,0.991429,1.0,1.0,0.059621
all_actives_unscored_ranked_last,370,0.994286,1.0,1.0,0.059459
all_actives_unscored_ranked_last,371,0.997143,1.0,1.0,0.059299
all_actives_unscored_ranked_last,372,1.0,1.0,1.0,0.05914
all_actives_unscored_ranked_last,372,1.0,1.0,1.0,0.05914
covalent_only_unscored_ranked_last,0,0.0,0.0,0.0,0.0
covalent_only_unscored_ranked_last,1,0.002857,0.0,0.0,0.0
covalent_only_unscored_ranked_last,2,0.002857,0.333333,0.333333,0.5
covalent_only_unscored_ranked_last,3,0.005714,0.333333,0.333333,0.333333
covalent_only_unscored_ranked_last,4,0.008571,0.333333,0.333333,0.25
covalent_only_unscored_ranked_last,5,0.011429,0.333333,0.333333,0.2
covalent_only_unscored_ranked_last,6,0.014286,0.333333,0.333333,0.166667
covalent_only_unscored_ranked_last,7,0.014286,0.666667,0.666667,0.285714
covalent_only_unscored_ranked_last,8,0.017143,0.666667,0.666667,0.25
covalent_only_unscored_ranked_last,9,0.02,0.666667,0.666667,0.222222
covalent_only_unscored_ranked_last,10,0.022857,0.666667,0.666667,0.2
covalent_only_unscored_ranked_last,11,0.025714,0.666667,0.666667,0.181818
covalent_only_unscored_ranked_last,12,0.028571,0.666667,0.666667,0.166667
covalent_only_unscored_ranked_last,13,0.031429,0.666667,0.666667,0.153846
covalent_only_unscored_ranked_last,14,0.034286,0.666667,0.666667,0.142857
covalent_only_unscored_ranked_last,15,0.037143,0.666667,0.666667,0.133333
covalent_only_unscored_ranked_last,16,0.04,0.666667,0.666667,0.125
covalent_only_unscored_ranked_last,17,0.042857,0.666667,0.666667,0.117647
covalent_only_unscored_ranked_last,18,0.045714,0.666667,0.666667,0.111111
covalent_only_unscored_ranked_last,19,0.048571,0.666667,0.666667,0.105263
covalent_only_unscored_ranked_last,20,0.051429,0.666667,0.666667,0.1
covalent_only_unscored_ranked_last,21,0.054286,0.666667,0.666667,0.095238
covalent_only_unscored_ranked_last,22,0.057143,0.666667,0.666667,0.090909
covalent_only_unscored_ranked_last,23,0.06,0.666667,0.666667,0.086957
covalent_only_unscored_ranked_last,24,0.062857,0.666667,0.666667,0.083333
covalent_only_unscored_ranked_last,25,0.065714,0.666667,0.666667,0.08
covalent_only_unscored_ranked_last,26,0.068571,0.666667,0.666667,0.076923
covalent_only_unscored_ranked_last,27,0.071429,0.666667,0.666667,0.074074
covalent_only_unscored_ranked_last,28,0.074286,0.666667,0.666667,0.071429
covalent_only_unscored_ranked_last,29,0.077143,0.666667,0.666667,0.068966
covalent_only_unscored_ranked_last,30,0.08,0.666667,0.666667,0.066667
covalent_only_unscored_ranked_last,31,0.082857,0.666667,0.666667,0.064516
covalent_only_unscored_ranked_last,32,0.085714,0.666667,0.666667,0.0625
covalent_only_unscored_ranked_last,33,0.088571,0.666667,0.666667,0.060606
covalent_only_unscored_ranked_last,34,0.091429,0.666667,0.666667,0.058824
covalent_only_unscored_ranked_last,35,0.094286,0.666667,0.666667,0.057143
covalent_only_unscored_ranked_last,36,0.097143,0.666667,0.666667,0.055556
covalent_only_unscored_ranked_last,37,0.1,0.666667,0.666667,0.054054
covalent_only_unscored_ranked_last,38,0.102857,0.666667,0.666667,0.052632
covalent_only_unscored_ranked_last,39,0.105714,0.666667,0.666667,0.051282
covalent_only_unscored_ranked_last,40,0.108571,0.666667,0.666667,0.05
covalent_only_unscored_ranked_last,41,0.111429,0.666667,0.666667,0.04878
covalent_only_unscored_ranked_last,42,0.114286,0.666667,0.666667,0.047619
covalent_only_unscored_ranked_last,43,0.117143,0.666667,0.666667,0.046512
covalent_only_unscored_ranked_last,44,0.12,0.666667,0.666667,0.045455
covalent_only_unscored_ranked_last,45,0.122857,0.666667,0.666667,0.044444
covalent_only_unscored_ranked_last,46,0.125714,0.666667,0.666667,0.043478
covalent_only_unscored_ranked_last,47,0.128571,0.666667,0.666667,0.042553
covalent_only_unscored_ranked_last,48,0.131429,0.666667,0.666667,0.041667
covalent_only_unscored_ranked_last,49,0.134286,0.666667,0.666667,0.040816
covalent_only_unscored_ranked_last,50,0.137143,0.666667,0.666667,0.04
covalent_only_unscored_ranked_last,51,0.14,0.666667,0.666667,0.039216
covalent_only_unscored_ranked_last,52,0.142857,0.666667,0.666667,0.038462
covalent_only_unscored_ranked_last,53,0.145714,0.666667,0.666667,0.037736
covalent_only_unscored_ranked_last,54,0.148571,0.666667,0.666667,0.037037
covalent_only_unscored_ranked_last,55,0.151429,0.666667,0.666667,0.036364
covalent_only_unscored_ranked_last,56,0.154286,0.666667,0.666667,0.035714
covalent_only_unscored_ranked_last,57,0.157143,0.666667,0.666667,0.035088
covalent_only_unscored_ranked_last,58,0.16,0.666667,0.666667,0.034483
covalent_only_unscored_ranked_last,59,0.162857,0.666667,0.666667,0.033898
covalent_only_unscored_ranked_last,60,0.165714,0.666667,0.666667,0.033333
covalent_only_unscored_ranked_last,61,0.168571,0.666667,0.666667,0.032787
covalent_only_unscored_ranked_last,62,0.171429,0.666667,0.666667,0.032258
covalent_only_unscored_ranked_last,63,0.174286,0.666667,0.666667,0.031746
covalent_only_unscored_ranked_last,64,0.177143,0.666667,0.666667,0.03125
covalent_only_unscored_ranked_last,65,0.18,0.666667,0.666667,0.030769
covalent_only_unscored_ranked_last,66,0.182857,0.666667,0.666667,0.030303
covalent_only_unscored_ranked_last,67,0.185714,0.666667,0.666667,0.029851
covalent_only_unscored_ranked_last,68,0.188571,0.666667,0.666667,0.029412
covalent_only_unscored_ranked_last,69,0.191429,0.666667,0.666667,0.028986
covalent_only_unscored_ranked_last,70,0.194286,0.666667,0.666667,0.028571
covalent_only_unscored_ranked_last,71,0.197143,0.666667,0.666667,0.028169
covalent_only_unscored_ranked_last,72,0.2,0.666667,0.666667,0.027778
covalent_only_unscored_ranked_last,73,0.202857,0.666667,0.666667,0.027397
covalent_only_unscored_ranked_last,74,0.205714,0.666667,0.666667,0.027027
covalent_only_unscored_ranked_last,75,0.208571,0.666667,0.666667,0.026667
covalent_only_unscored_ranked_last,76,0.211429,0.666667,0.666667,0.026316
covalent_only_unscored_ranked_last,77,0.214286,0.666667,0.666667,0.025974
covalent_only_unscored_ranked_last,78,0.217143,0.666667,0.666667,0.025641
covalent_only_unscored_ranked_last,79,0.22,0.666667,0.666667,0.025316
covalent_only_unscored_ranked_last,80,0.222857,0.666667,0.666667,0.025
covalent_only_unscored_ranked_last,81,0.225714,0.666667,0.666667,0.024691
covalent_only_unscored_ranked_last,82,0.228571,0.666667,0.666667,0.02439
covalent_only_unscored_ranked_last,83,0.231429,0.666667,0.666667,0.024096
covalent_only_unscored_ranked_last,84,0.234286,0.666667,0.666667,0.02381
covalent_only_unscored_ranked_last,85,0.237143,0.666667,0.666667,0.023529
covalent_only_unscored_ranked_last,86,0.24,0.666667,0.666667,0.023256
covalent_only_unscored_ranked_last,87,0.242857,0.666667,0.666667,0.022989
covalent_only_unscored_ranked_last,88,0.245714,0.666667,0.666667,0.022727
covalent_only_unscored_ranked_last,89,0.248571,0.666667,0.666667,0.022472
covalent_only_unscored_ranked_last,90,0.251429,0.666667,0.666667,0.022222
covalent_only_unscored_ranked_last,91,0.254286,0.666667,0.666667,0.021978
covalent_only_unscored_ranked_last,92,0.257143,0.666667,0.666667,0.021739
covalent_only_unscored_ranked_last,93,0.26,0.666667,0.666667,0.021505
covalent_only_unscored_ranked_last,94,0.262857,0.666667,0.666667,0.021277
covalent_only_unscored_ranked_last,95,0.265714,0.666667,0.666667,0.021053
covalent_only_unscored_ranked_last,96,0.268571,0.666667,0.666667,0.020833
covalent_only_unscored_ranked_last,97,0.271429,0.666667,0.666667,0.020619
covalent_only_unscored_ranked_last,98,0.274286,0.666667,0.666667,0.020408
covalent_only_unscored_ranked_last,99,0.277143,0.666667,0.666667,0.020202
covalent_only_unscored_ranked_last,100,0.28,0.666667,0.666667,0.02
covalent_only_unscored_ranked_last,101,0.282857,0.666667,0.666667,0.019802
covalent_only_unscored_ranked_last,102,0.285714,0.666667,0.666667,0.019608
covalent_only_unscored_ranked_last,103,0.288571,0.666667,0.666667,0.019417
covalent_only_unscored_ranked_last,104,0.291429,0.666667,0.666667,0.019231
covalent_only_unscored_ranked_last,105,0.294286,0.666667,0.666667,0.019048
covalent_only_unscored_ranked_last,106,0.297143,0.666667,0.666667,0.018868
covalent_only_unscored_ranked_last,107,0.3,0.666667,0.666667,0.018692
covalent_only_unscored_ranked_last,108,0.302857,0.666667,0.666667,0.018519
covalent_only_unscored_ranked_last,109,0.305714,0.666667,0.666667,0.018349
covalent_only_unscored_ranked_last,110,0.308571,0.666667,0.666667,0.018182
covalent_only_unscored_ranked_last,111,0.311429,0.666667,0.666667,0.018018
covalent_only_unscored_ranked_last,112,0.314286,0.666667,0.666667,0.017857
covalent_only_unscored_ranked_last,113,0.317143,0.666667,0.666667,0.017699
covalent_only_unscored_ranked_last,114,0.32,0.666667,0.666667,0.017544
covalent_only_unscored_ranked_last,115,0.322857,0.666667,0.666667,0.017391
covalent_only_unscored_ranked_last,116,0.325714,0.666667,0.666667,0.017241
covalent_only_unscored_ranked_last,117,0.328571,0.666667,0.666667,0.017094
covalent_only_unscored_ranked_last,118,0.331429,0.666667,0.666667,0.016949
covalent_only_unscored_ranked_last,119,0.334286,0.666667,0.666667,0.016807
covalent_only_unscored_ranked_last,120,0.337143,0.666667,0.666667,0.016667
covalent_only_unscored_ranked_last,121,0.34,0.666667,0.666667,0.016529
covalent_only_unscored_ranked_last,122,0.342857,0.666667,0.666667,0.016393
covalent_only_unscored_ranked_last,123,0.345714,0.666667,0.666667,0.01626
covalent_only_unscored_ranked_last,124,0.348571,0.666667,0.666667,0.016129
covalent_only_unscored_ranked_last,125,0.351429,0.666667,0.666667,0.016
covalent_only_unscored_ranked_last,126,0.354286,0.666667,0.666667,0.015873
covalent_only_unscored_ranked_last,127,0.357143,0.666667,0.666667,0.015748
covalent_only_unscored_ranked_last,128,0.36,0.666667,0.666667,0.015625
covalent_only_unscored_ranked_last,129,0.362857,0.666667,0.666667,0.015504
covalent_only_unscored_ranked_last,130,0.365714,0.666667,0.666667,0.015385
covalent_only_unscored_ranked_last,131,0.368571,0.666667,0.666667,0.015267
covalent_only_unscored_ranked_last,132,0.368571,1.0,1.0,0.022727
covalent_only_unscored_ranked_last,133,0.371429,1.0,1.0,0.022556
covalent_only_unscored_ranked_last,134,0.374286,1.0,1.0,0.022388
covalent_only_unscored_ranked_last,135,0.377143,1.0,1.0,0.022222
covalent_only_unscored_ranked_last,136,0.38,1.0,1.0,0.022059
covalent_only_unscored_ranked_last,137,0.382857,1.0,1.0,0.021898
covalent_only_unscored_ranked_last,138,0.385714,1.0,1.0,0.021739
covalent_only_unscored_ranked_last,139,0.388571,1.0,1.0,0.021583
covalent_only_unscored_ranked_last,140,0.391429,1.0,1.0,0.021429
covalent_only_unscored_ranked_last,141,0.394286,1.0,1.0,0.021277
covalent_only_unscored_ranked_last,142,0.397143,1.0,1.0,0.021127
covalent_only_unscored_ranked_last,143,0.4,1.0,1.0,0.020979
covalent_only_unscored_ranked_last,144,0.402857,1.0,1.0,0.020833
covalent_only_unscored_ranked_last,145,0.405714,1.0,1.0,0.02069
covalent_only_unscored_ranked_last,146,0.408571,1.0,1.0,0.020548
covalent_only_unscored_ranked_last,147,0.411429,1.0,1.0,0.020408
covalent_only_unscored_ranked_last,148,0.414286,1.0,1.0,0.02027
covalent_only_unscored_ranked_last,149,0.417143,1.0,1.0,0.020134
covalent_only_unscored_ranked_last,150,0.42,1.0,1.0,0.02
covalent_only_unscored_ranked_last,151,0.422857,1.0,1.0,0.019868
covalent_only_unscored_ranked_last,152,0.425714,1.0,1.0,0.019737
covalent_only_unscored_ranked_last,153,0.428571,1.0,1.0,0.019608
covalent_only_unscored_ranked_last,154,0.431429,1.0,1.0,0.019481
covalent_only_unscored_ranked_last,155,0.434286,1.0,1.0,0.019355
covalent_only_unscored_ranked_last,156,0.437143,1.0,1.0,0.019231
covalent_only_unscored_ranked_last,157,0.44,1.0,1.0,0.019108
covalent_only_unscored_ranked_last,158,0.442857,1.0,1.0,0.018987
covalent_only_unscored_ranked_last,159,0.445714,1.0,1.0,0.018868
covalent_only_unscored_ranked_last,160,0.448571,1.0,1.0,0.01875
covalent_only_unscored_ranked_last,161,0.451429,1.0,1.0,0.018634
covalent_only_unscored_ranked_last,162,0.454286,1.0,1.0,0.018519
covalent_only_unscored_ranked_last,163,0.457143,1.0,1.0,0.018405
covalent_only_unscored_ranked_last,164,0.46,1.0,1.0,0.018293
covalent_only_unscored_ranked_last,165,0.462857,1.0,1.0,0.018182
covalent_only_unscored_ranked_last,166,0.465714,1.0,1.0,0.018072
covalent_only_unscored_ranked_last,167,0.468571,1.0,1.0,0.017964
covalent_only_unscored_ranked_last,168,0.471429,1.0,1.0,0.017857
covalent_only_unscored_ranked_last,169,0.474286,1.0,1.0,0.017751
covalent_only_unscored_ranked_last,170,0.477143,1.0,1.0,0.017647
covalent_only_unscored_ranked_last,171,0.48,1.0,1.0,0.017544
covalent_only_unscored_ranked_last,172,0.482857,1.0,1.0,0.017442
covalent_only_unscored_ranked_last,173,0.485714,1.0,1.0,0.017341
covalent_only_unscored_ranked_last,174,0.488571,1.0,1.0,0.017241
covalent_only_unscored_ranked_last,175,0.491429,1.0,1.0,0.017143
covalent_only_unscored_ranked_last,176,0.494286,1.0,1.0,0.017045
covalent_only_unscored_ranked_last,177,0.497143,1.0,1.0,0.016949
covalent_only_unscored_ranked_last,178,0.5,1.0,1.0,0.016854
covalent_only_unscored_ranked_last,179,0.502857,1.0,1.0,0.01676
covalent_only_unscored_ranked_last,180,0.505714,1.0,1.0,0.016667
covalent_only_unscored_ranked_last,181,0.508571,1.0,1.0,0.016575
covalent_only_unscored_ranked_last,182,0.511429,1.0,1.0,0.016484
covalent_only_unscored_ranked_last,183,0.514286,1.0,1.0,0.016393
covalent_only_unscored_ranked_last,184,0.517143,1.0,1.0,0.016304
covalent_only_unscored_ranked_last,185,0.52,1.0,1.0,0.016216
covalent_only_unscored_ranked_last,186,0.522857,1.0,1.0,0.016129
covalent_only_unscored_ranked_last,187,0.525714,1.0,1.0,0.016043
covalent_only_unscored_ranked_last,188,0.528571,1.0,1.0,0.015957
covalent_only_unscored_ranked_last,189,0.531429,1.0,1.0,0.015873
covalent_only_unscored_ranked_last,190,0.534286,1.0,1.0,0.015789
covalent_only_unscored_ranked_last,191,0.537143,1.0,1.0,0.015707
covalent_only_unscored_ranked_last,192,0.54,1.0,1.0,0.015625
covalent_only_unscored_ranked_last,193,0.542857,1.0,1.0,0.015544
covalent_only_unscored_ranked_last,194,0.545714,1.0,1.0,0.015464
covalent_only_unscored_ranked_last,195,0.548571,1.0,1.0,0.015385
covalent_only_unscored_ranked_last,196,0.551429,1.0,1.0,0.015306
covalent_only_unscored_ranked_last,197,0.554286,1.0,1.0,0.015228
covalent_only_unscored_ranked_last,198,0.557143,1.0,1.0,0.015152
covalent_only_unscored_ranked_last,199,0.56,1.0,1.0,0.015075
covalent_only_unscored_ranked_last,200,0.562857,1.0,1.0,0.015
covalent_only_unscored_ranked_last,201,0.565714,1.0,1.0,0.014925
covalent_only_unscored_ranked_last,202,0.568571,1.0,1.0,0.014851
covalent_only_unscored_ranked_last,203,0.571429,1.0,1.0,0.014778
covalent_only_unscored_ranked_last,204,0.574286,1.0,1.0,0.014706
covalent_only_unscored_ranked_last,205,0.577143,1.0,1.0,0.014634
covalent_only_unscored_ranked_last,206,0.58,1.0,1.0,0.014563
covalent_only_unscored_ranked_last,207,0.582857,1.0,1.0,0.014493
covalent_only_unscored_ranked_last,208,0.585714,1.0,1.0,0.014423
covalent_only_unscored_ranked_last,209,0.588571,1.0,1.0,0.014354
covalent_only_unscored_ranked_last,210,0.591429,1.0,1.0,0.014286
covalent_only_unscored_ranked_last,211,0.594286,1.0,1.0,0.014218
covalent_only_unscored_ranked_last,212,0.597143,1.0,1.0,0.014151
covalent_only_unscored_ranked_last,213,0.6,1.0,1.0,0.014085
covalent_only_unscored_ranked_last,214,0.602857,1.0,1.0,0.014019
covalent_only_unscored_ranked_last,215,0.605714,1.0,1.0,0.013953
covalent_only_unscored_ranked_last,216,0.608571,1.0,1.0,0.013889
covalent_only_unscored_ranked_last,217,0.611429,1.0,1.0,0.013825
covalent_only_unscored_ranked_last,218,0.614286,1.0,1.0,0.013761
covalent_only_unscored_ranked_last,219,0.617143,1.0,1.0,0.013699
covalent_only_unscored_ranked_last,220,0.62,1.0,1.0,0.013636
covalent_only_unscored_ranked_last,221,0.622857,1.0,1.0,0.013575
covalent_only_unscored_ranked_last,222,0.625714,1.0,1.0,0.013514
covalent_only_unscored_ranked_last,223,0.628571,1.0,1.0,0.013453
covalent_only_unscored_ranked_last,224,0.631429,1.0,1.0,0.013393
covalent_only_unscored_ranked_last,225,0.634286,1.0,1.0,0.013333
covalent_only_unscored_ranked_last,226,0.637143,1.0,1.0,0.013274
covalent_only_unscored_ranked_last,227,0.64,1.0,1.0,0.013216
covalent_only_unscored_ranked_last,228,0.642857,1.0,1.0,0.013158
covalent_only_unscored_ranked_last,229,0.645714,1.0,1.0,0.0131
covalent_only_unscored_ranked_last,230,0.648571,1.0,1.0,0.013043
covalent_only_unscored_ranked_last,231,0.651429,1.0,1.0,0.012987
covalent_only_unscored_ranked_last,232,0.654286,1.0,1.0,0.012931
covalent_only_unscored_ranked_last,233,0.657143,1.0,1.0,0.012876
covalent_only_unscored_ranked_last,234,0.66,1.0,1.0,0.012821
covalent_only_unscored_ranked_last,235,0.662857,1.0,1.0,0.012766
covalent_only_unscored_ranked_last,236,0.665714,1.0,1.0,0.012712
covalent_only_unscored_ranked_last,237,0.668571,1.0,1.0,0.012658
covalent_only_unscored_ranked_last,238,0.671429,1.0,1.0,0.012605
covalent_only_unscored_ranked_last,239,0.674286,1.0,1.0,0.012552
covalent_only_unscored_ranked_last,240,0.677143,1.0,1.0,0.0125
covalent_only_unscored_ranked_last,241,0.68,1.0,1.0,0.012448
covalent_only_unscored_ranked_last,242,0.682857,1.0,1.0,0.012397
covalent_only_unscored_ranked_last,243,0.685714,1.0,1.0,0.012346
covalent_only_unscored_ranked_last,244,0.688571,1.0,1.0,0.012295
covalent_only_unscored_ranked_last,245,0.691429,1.0,1.0,0.012245
covalent_only_unscored_ranked_last,246,0.694286,1.0,1.0,0.012195
covalent_only_unscored_ranked_last,247,0.697143,1.0,1.0,0.012146
covalent_only_unscored_ranked_last,248,0.7,1.0,1.0,0.012097
covalent_only_unscored_ranked_last,249,0.702857,1.0,1.0,0.012048
covalent_only_unscored_ranked_last,250,0.705714,1.0,1.0,0.012
covalent_only_unscored_ranked_last,251,0.708571,1.0,1.0,0.011952
covalent_only_unscored_ranked_last,252,0.711429,1.0,1.0,0.011905
covalent_only_unscored_ranked_last,253,0.714286,1.0,1.0,0.011858
covalent_only_unscored_ranked_last,254,0.717143,1.0,1.0,0.011811
covalent_only_unscored_ranked_last,255,0.72,1.0,1.0,0.011765
covalent_only_unscored_ranked_last,256,0.722857,1.0,1.0,0.011719
covalent_only_unscored_ranked_last,257,0.725714,1.0,1.0,0.011673
covalent_only_unscored_ranked_last,258,0.728571,1.0,1.0,0.011628
covalent_only_unscored_ranked_last,259,0.731429,1.0,1.0,0.011583
covalent_only_unscored_ranked_last,260,0.734286,1.0,1.0,0.011538
covalent_only_unscored_ranked_last,261,0.737143,1.0,1.0,0.011494
covalent_only_unscored_ranked_last,262,0.74,1.0,1.0,0.01145
covalent_only_unscored_ranked_last,263,0.742857,1.0,1.0,0.011407
covalent_only_unscored_ranked_last,264,0.745714,1.0,1.0,0.011364
covalent_only_unscored_ranked_last,265,0.748571,1.0,1.0,0.011321
covalent_only_unscored_ranked_last,266,0.751429,1.0,1.0,0.011278
covalent_only_unscored_ranked_last,267,0.754286,1.0,1.0,0.011236
covalent_only_unscored_ranked_last,268,0.757143,1.0,1.0,0.011194
covalent_only_unscored_ranked_last,269,0.76,1.0,1.0,0.011152
covalent_only_unscored_ranked_last,270,0.762857,1.0,1.0,0.011111
covalent_only_unscored_ranked_last,271,0.765714,1.0,1.0,0.01107
covalent_only_unscored_ranked_last,272,0.768571,1.0,1.0,0.011029
covalent_only_unscored_ranked_last,273,0.771429,1.0,1.0,0.010989
covalent_only_unscored_ranked_last,274,0.774286,1.0,1.0,0.010949
covalent_only_unscored_ranked_last,275,0.777143,1.0,1.0,0.010909
covalent_only_unscored_ranked_last,276,0.78,1.0,1.0,0.01087
covalent_only_unscored_ranked_last,277,0.782857,1.0,1.0,0.01083
covalent_only_unscored_ranked_last,278,0.785714,1.0,1.0,0.010791
covalent_only_unscored_ranked_last,279,0.788571,1.0,1.0,0.010753
covalent_only_unscored_ranked_last,280,0.791429,1.0,1.0,0.010714
covalent_only_unscored_ranked_last,281,0.794286,1.0,1.0,0.010676
covalent_only_unscored_ranked_last,282,0.797143,1.0,1.0,0.010638
covalent_only_unscored_ranked_last,283,0.8,1.0,1.0,0.010601
covalent_only_unscored_ranked_last,284,0.802857,1.0,1.0,0.010563
covalent_only_unscored_ranked_last,285,0.805714,1.0,1.0,0.010526
covalent_only_unscored_ranked_last,286,0.808571,1.0,1.0,0.01049
covalent_only_unscored_ranked_last,287,0.811429,1.0,1.0,0.010453
covalent_only_unscored_ranked_last,288,0.814286,1.0,1.0,0.010417
covalent_only_unscored_ranked_last,289,0.817143,1.0,1.0,0.010381
covalent_only_unscored_ranked_last,290,0.82,1.0,1.0,0.010345
covalent_only_unscored_ranked_last,291,0.822857,1.0,1.0,0.010309
covalent_only_unscored_ranked_last,292,0.825714,1.0,1.0,0.010274
covalent_only_unscored_ranked_last,293,0.828571,1.0,1.0,0.010239
covalent_only_unscored_ranked_last,294,0.831429,1.0,1.0,0.010204
covalent_only_unscored_ranked_last,295,0.834286,1.0,1.0,0.010169
covalent_only_unscored_ranked_last,296,0.837143,1.0,1.0,0.010135
covalent_only_unscored_ranked_last,297,0.84,1.0,1.0,0.010101
covalent_only_unscored_ranked_last,298,0.842857,1.0,1.0,0.010067
covalent_only_unscored_ranked_last,299,0.845714,1.0,1.0,0.010033
covalent_only_unscored_ranked_last,300,0.848571,1.0,1.0,0.01
covalent_only_unscored_ranked_last,301,0.851429,1.0,1.0,0.009967
covalent_only_unscored_ranked_last,302,0.854286,1.0,1.0,0.009934
covalent_only_unscored_ranked_last,303,0.857143,1.0,1.0,0.009901
covalent_only_unscored_ranked_last,304,0.86,1.0,1.0,0.009868
covalent_only_unscored_ranked_last,305,0.862857,1.0,1.0,0.009836
covalent_only_unscored_ranked_last,306,0.865714,1.0,1.0,0.009804
covalent_only_unscored_ranked_last,307,0.868571,1.0,1.0,0.009772
covalent_only_unscored_ranked_last,308,0.871429,1.0,1.0,0.00974
covalent_only_unscored_ranked_last,309,0.874286,1.0,1.0,0.009709
covalent_only_unscored_ranked_last,310,0.877143,1.0,1.0,0.009677
covalent_only_unscored_ranked_last,311,0.88,1.0,1.0,0.009646
covalent_only_unscored_ranked_last,312,0.882857,1.0,1.0,0.009615
covalent_only_unscored_ranked_last,313,0.885714,1.0,1.0,0.009585
covalent_only_unscored_ranked_last,314,0.888571,1.0,1.0,0.009554
covalent_only_unscored_ranked_last,315,0.891429,1.0,1.0,0.009524
covalent_only_unscored_ranked_last,316,0.894286,1.0,1.0,0.009494
covalent_only_unscored_ranked_last,317,0.897143,1.0,1.0,0.009464
covalent_only_unscored_ranked_last,318,0.9,1.0,1.0,0.009434
covalent_only_unscored_ranked_last,319,0.902857,1.0,1.0,0.009404
covalent_only_unscored_ranked_last,320,0.905714,1.0,1.0,0.009375
covalent_only_unscored_ranked_last,321,0.908571,1.0,1.0,0.009346
covalent_only_unscored_ranked_last,322,0.911429,1.0,1.0,0.009317
covalent_only_unscored_ranked_last,323,0.914286,1.0,1.0,0.009288
covalent_only_unscored_ranked_last,324,0.917143,1.0,1.0,0.009259
covalent_only_unscored_ranked_last,325,0.92,1.0,1.0,0.009231
covalent_only_unscored_ranked_last,326,0.922857,1.0,1.0,0.009202
covalent_only_unscored_ranked_last,327,0.925714,1.0,1.0,0.009174
covalent_only_unscored_ranked_last,328,0.928571,1.0,1.0,0.009146
covalent_only_unscored_ranked_last,329,0.931429,1.0,1.0,0.009119
covalent_only_unscored_ranked_last,330,0.934286,1.0,1.0,0.009091
covalent_only_unscored_ranked_last,331,0.937143,1.0,1.0,0.009063
covalent_only_unscored_ranked_last,332,0.94,1.0,1.0,0.009036
covalent_only_unscored_ranked_last,333,0.942857,1.0,1.0,0.009009
covalent_only_unscored_ranked_last,334,0.945714,1.0,1.0,0.008982
covalent_only_unscored_ranked_last,335,0.948571,1.0,1.0,0.008955
covalent_only_unscored_ranked_last,336,0.951429,1.0,1.0,0.008929
covalent_only_unscored_ranked_last,337,0.954286,1.0,1.0,0.008902
covalent_only_unscored_ranked_last,338,0.957143,1.0,1.0,0.008876
covalent_only_unscored_ranked_last,339,0.96,1.0,1.0,0.00885
covalent_only_unscored_ranked_last,340,0.962857,1.0,1.0,0.008824
covalent_only_unscored_ranked_last,341,0.965714,1.0,1.0,0.008798
covalent_only_unscored_ranked_last,342,0.968571,1.0,1.0,0.008772
covalent_only_unscored_ranked_last,343,0.971429,1.0,1.0,0.008746
covalent_only_unscored_ranked_last,344,0.974286,1.0,1.0,0.008721
covalent_only_unscored_ranked_last,345,0.977143,1.0,1.0,0.008696
covalent_only_unscored_ranked_last,346,0.98,1.0,1.0,0.008671
covalent_only_unscored_ranked_last,347,0.982857,1.0,1.0,0.008646
covalent_only_unscored_ranked_last,348,0.985714,1.0,1.0,0.008621
covalent_only_unscored_ranked_last,349,0.988571,1.0,1.0,0.008596
covalent_only_unscored_ranked_last,350,0.991429,1.0,1.0,0.008571
covalent_only_unscored_ranked_last,351,0.994286,1.0,1.0,0.008547
covalent_only_unscored_ranked_last,352,0.997143,1.0,1.0,0.008523
covalent_only_unscored_ranked_last,353,1.0,1.0,1.0,0.008499
covalent_only_unscored_ranked_last,353,1.0,1.0,1.0,0.008499
