target,compound,S_C_bond_A,Cbeta_bonded_heavy_atoms,Cbeta_total_bonded_atoms,Cbeta_is_sp3_by_valence,Ca_Cbeta_S_angle_deg,Cbeta_S_CB_angle_deg,Ca_Cbeta_S_CB_dihedral_deg,Cbeta_improper_deg,min_nonbonded_heavy_contact_A,nonbonded_heavy_contacts_below_2p2A,ligand_heavy_atoms
CatK,SANC00247,1.8355171580513774,3,4,True,117.41164241121277,114.24075642441616,-70.18362091078723,138.984133963413,2.581655845716077,0,1
CatK,SANC00248,1.8408154165466977,3,4,True,114.37955783391932,108.4705165743614,-128.6696961380931,-124.02755577761542,2.4380559340693977,0,1
CatK,SANC00251,1.8330311833695037,3,4,True,104.271056381268,111.39598276035612,122.42063721444325,116.89355037971461,2.4817117225991407,0,1
CatK,SANC00370,1.8444060495200045,3,4,True,113.94256333152869,112.01451324273991,-85.52640250180535,-127.79686086469907,2.5348759579941977,0,1
CatK,SANC00412,1.8151984625731674,3,4,True,111.80975070231945,106.553561595993,149.029096420112,125.82517342675033,2.547345633344248,0,1
CatK,SANC00548,1.8418633986528428,3,4,True,116.06720806274772,111.61279789969366,-161.2732603965618,130.32488457268116,2.5151500948189938,0,1
CatK,SANC00711,1.8278670204973904,3,4,True,117.30904650929838,116.20965547566128,29.58829006731756,133.580719905231,2.487426852114452,0,1
CatK,SANC00716,1.85307741074921,3,4,True,110.50362862780335,111.48685556595458,143.35463951294753,-128.53494953880366,2.4190607713164183,0,1
CatK,SANC00724,1.8323267013726052,4,4,True,114.98171588070171,112.32145053270027,17.49125679965608,-121.69422431230078,2.6296322412113033,0,1
CatK,SANC00853,1.811933173846097,3,4,True,112.26428832664173,105.20875407855279,103.63851189943904,125.53639041055399,2.534141981369829,0,1
CatK,SANC00867,1.8329659087088896,3,4,True,113.14259779924498,110.50159903415091,-87.1782961616154,-125.6562136198993,2.5349198305246303,0,1
CatK,SANC00893,1.837690651635907,3,4,True,111.93198256091294,107.36418208354921,-114.83253535560279,-122.39679671664085,2.538975940502391,0,1
CatK,SANC00964,1.8055585355199657,3,4,True,111.85476582553656,107.00296748659783,97.51956762490452,123.27955149409273,2.5434981118365316,0,1
CatK,SANC01026,1.8567994305268933,4,4,True,109.29976106928322,113.8853723819928,96.31060853757367,123.82150941472469,2.419749515067623,0,1
CatK,SANC01049,1.8241647613787542,3,4,True,117.67934042279072,112.17292964388953,10.668126092487142,138.1240749883155,2.5180825473035995,0,1
CatK,SANC01067,1.8233475148676372,3,4,True,113.0760453397121,107.66831069271083,168.4454768761864,127.58560465429962,2.542091375061291,0,1
CatL,SANC00247,1.826827656918951,3,4,True,110.62656828922896,110.282568431072,-63.43367067802291,-122.55424014552771,2.4575660814661773,0,1
CatL,SANC00248,1.8511708989331566,4,4,True,113.02250102096302,118.96106524047127,-14.56328261882869,-121.13959875962428,2.4729911824551665,0,1
CatL,SANC00251,1.8617028730957574,3,4,True,108.07221330128071,112.84766727692288,168.755814341357,-130.0133076587407,2.489407141857676,0,1
CatL,SANC00370,1.8084199665238168,3,4,True,111.10335169576089,105.60550486440098,146.88737623759704,124.16255623701625,2.554507143263062,0,1
CatL,SANC00412,1.799788779865574,3,4,True,113.63032826745122,103.7289624900335,127.19534828616008,127.16071542978113,2.52283487903073,0,1
CatL,SANC00548,1.8264099594554297,3,4,True,115.95805526758504,107.03480492189631,-176.64285594285184,131.9648941387011,2.5194968056917646,0,1
CatL,SANC00711,1.8184901722585685,3,4,True,108.82098764441245,106.97942837218267,135.89826209964582,125.0072411103357,2.5381652381456545,0,1
CatL,SANC00716,1.8221754111928936,3,4,True,107.0215141768703,111.09582317788342,173.92861712443067,121.27276471974658,2.4170868313527785,0,1
CatL,SANC00724,1.8319706162564395,4,4,True,114.87624371699263,116.89682949684402,-13.589481688729181,117.81822035965655,2.666899795359963,0,1
CatL,SANC00853,1.8068428753848544,3,4,True,118.30068767296493,103.4427497402564,97.60697622035617,131.71241270294846,2.531180918604794,0,1
CatL,SANC00867,1.8201625215771264,3,4,True,113.89959232296218,107.25038971192453,49.502394215228826,129.0953210557646,2.5201507636970844,0,1
CatL,SANC00893,1.8066202294585871,3,4,True,112.24394158617561,106.21023614765623,141.5447822946793,125.20533753504748,2.537263764011537,0,1
CatL,SANC00964,1.8291259163767237,3,4,True,113.97092809495729,113.38806219523792,-89.27875987794795,-124.27592166608157,2.529678304141853,0,1
CatL,SANC01026,1.8280902347611283,3,4,True,114.59592863354561,110.86878031208894,153.46867660389296,129.65981284148992,2.4264579013362253,0,1
CatL,SANC01049,1.8022915914326951,3,4,True,108.18125862100902,102.89927852359794,121.94811505371422,124.7092851761818,2.5231945980966293,0,1
CatL,SANC01067,1.8041137121711606,3,4,True,113.03340338917215,103.83336038546535,114.09964842848926,125.78847219389193,2.5305449258199255,0,1
FP2,SANC00247,1.833757320183345,3,4,True,110.33608982031443,108.64967506518417,-64.17753635584059,-124.00706688929034,2.4474308879136912,0,1
FP2,SANC00248,1.8209309478379445,3,4,True,113.12589422455338,106.18339078276777,-174.5549286723773,-125.02408147432712,2.436969315830425,0,1
FP2,SANC00251,1.8341124982511336,3,4,True,112.71295317572181,104.92754471940601,151.52661166777338,129.4092833868958,2.479768276728694,0,1
FP2,SANC00370,1.8350278920117258,3,4,True,114.05215066246492,106.53161842941319,-111.50250432298738,-125.18874983934661,2.5217384841886337,0,1
FP2,SANC00412,1.8087791978848613,3,4,True,112.01692094808952,103.77457410139112,111.94768516922585,125.87843976414726,2.525324850996799,0,1
FP2,SANC00548,1.833370894824336,3,4,True,116.61806124200038,105.67322419716528,-173.7295754003782,131.58931815486625,2.5127136100638285,0,1
FP2,SANC00711,1.8318813597615984,3,4,True,118.57742161414168,112.87205903664737,11.738992884381764,136.59328971358468,2.5108459762458524,0,1
FP2,SANC00716,1.8520933848942387,4,4,True,108.30739287869241,109.01750863122899,-166.16367561920367,-119.07925988642778,2.46389973064693,0,1
FP2,SANC00724,1.8313391696310668,3,4,True,114.1927841727561,108.42711703489692,149.29851503535505,130.66957033546987,2.424678621653805,0,1
FP2,SANC00853,1.8255561815923387,3,4,True,119.29770718558798,108.41491852227257,-56.1254205500671,-137.18073594855852,2.5284801294297337,0,1
FP2,SANC00867,1.8400589715685753,3,4,True,118.17706525922156,111.50722427329713,-1.6265644207578227,135.11073000295875,2.5160019006751586,0,1
FP2,SANC00893,1.832162131086931,3,4,True,118.62970709386207,113.53166140448641,17.493649469361824,134.67299473938178,2.5064690850702713,0,1
FP2,SANC00964,1.8297905547488178,3,4,True,119.47840567792854,110.65800497055854,-62.73448772282896,-137.36008003638506,2.523381477125289,0,1
FP2,SANC01026,1.8339665580664217,3,4,True,109.21482619761389,108.05070849059521,169.5035414559391,121.86829338478337,2.466841465948309,0,1
FP2,SANC01049,1.8324151958879282,3,4,True,119.29835722331197,113.34754483796213,13.762423168327077,136.29222427074245,2.5024881846454345,0,1
FP2,SANC01067,1.8365542280501823,3,4,True,112.85089194821934,110.89848917947597,95.24724756605343,-130.67641881353987,2.5435990181648127,0,1
FP3,SANC00247,1.842500089669739,4,4,True,111.25694551316151,113.20375114670263,-16.24227846425597,-119.78155311254714,2.42267642015726,0,1
FP3,SANC00248,1.8286944363608144,4,4,True,106.46624207808112,112.18146651436929,-178.45617918863573,122.6307707376718,2.4545885529344833,0,1
FP3,SANC00251,1.8228118914605527,3,4,True,113.67077796091773,112.78790563224283,-109.09181011780642,-129.09102066020975,2.487785856290088,0,1
FP3,SANC00370,1.810648500014843,3,4,True,114.47697174273162,104.84681811711042,135.05348121530207,128.21438928175195,2.5407910556944677,0,1
FP3,SANC00412,1.8384857180350904,3,4,True,112.63111819452297,111.8077817856917,-79.10912741105516,-126.47826558015883,2.541598027517529,0,1
FP3,SANC00548,1.8490359026717131,3,4,True,117.69646499487017,108.41038013826591,-172.4411003032262,133.9076285059655,2.5197070720728636,0,1
FP3,SANC00711,1.834035888151866,3,4,True,115.35690702026152,111.4540118074286,-84.14744788071926,-127.63286761364013,2.5283281710405006,0,1
FP3,SANC00716,1.8448552944496766,4,4,True,101.08935957306642,113.40437035668239,-168.88624608158503,-124.59239977067276,2.465506503435349,0,1
FP3,SANC00724,1.8585552200596565,4,4,True,107.12524411377495,112.39889270352555,-13.564412712133485,-121.59058539612879,2.4121862712247144,0,1
FP3,SANC00853,1.8473535623724007,3,4,True,112.37816957183772,110.46136151259113,-164.69032716325378,125.98255771071541,2.5344837906441615,0,1
FP3,SANC00867,1.8334819576483432,3,4,True,112.25470544383762,109.23887807746942,-89.17975222756733,-125.42769008612042,2.539004078773603,0,1
FP3,SANC00893,1.8213332199010148,3,4,True,113.99731893018222,108.89881001264499,169.33788169967357,128.42963718304983,2.5236897788987465,0,1
FP3,SANC00964,1.8334394735864605,3,4,True,113.80605645671251,112.87403731080992,-86.44873031386123,-125.53992909116002,2.5513855112187582,0,1
FP3,SANC01026,1.8466417343721533,4,4,True,106.0882431712349,114.95960737953159,112.73524449397117,-123.20705587247295,2.4942528558434103,0,1
FP3,SANC01049,1.8306130234325868,3,4,True,112.92347607677154,113.23228480512984,108.7557631155916,-140.221141585393,2.5261097264485586,0,1
FP3,SANC01067,1.8146571338071011,3,4,True,115.10179387516597,105.49432992820925,138.68166788753138,128.91391848798654,2.5332989124911807,0,1
