SANC_id,cov_FP2,cov_FP3,cov_CatK,cov_CatL,bestFP,bestCat,cov_gap
SANC00247,-5.53,-4.77,-4.25,-5.2,-5.53,-5.2,-0.33
SANC00248,-4.58,-4.47,-4.74,-5.45,-4.58,-5.45,0.87
SANC00251,-5.28,-5.38,-5.6,-5.13,-5.38,-5.6,0.22
SANC00370,-5.59,-6.89,-6.77,-6.92,-6.89,-6.92,0.03
SANC00412,-5.62,-6.06,-6.01,-5.32,-6.06,-6.01,-0.05
SANC00548,-5.28,-5.78,-5.47,-4.92,-5.78,-5.47,-0.31
SANC00711,-5.18,-4.84,-4.73,-5.33,-5.18,-5.33,0.15
SANC00716,-4.97,-5.33,-5.18,-4.54,-5.33,-5.18,-0.15
SANC00724,-4.44,-5.23,-5.39,-5.6,-5.23,-5.6,0.37
SANC00853,-7.87,-5.02,-5.37,-5.48,-7.87,-5.48,-2.39
SANC00867,-7.4,-6.39,-7.29,-7.31,-7.4,-7.31,-0.09
SANC00893,-5.04,-4.55,-5.89,-4.92,-5.04,-5.89,0.85
SANC00964,-5.88,-5.06,-5.19,-4.95,-5.88,-5.19,-0.69
SANC01026,-5.22,-4.5,-4.93,-5.55,-5.22,-5.55,0.33
SANC01049,-6.48,-6.4,-5.76,-6.43,-6.48,-6.43,-0.05
SANC01067,-5.05,-6.77,-5.99,-6.86,-6.77,-6.86,0.09
