target,compound,reaction,reactive_residue,SG_atom_index,Cbeta_atom_index,enrichment_source,enrichment_pose_record,enrichment_DockingScore,enrichment_GlideScore,enrichment_minimisation_converged,enrichment_rms_derivative,enrichment_S_Cbeta_A,prime_status,prime_graph_preserved,prime_selected_atoms,prime_energy_kcal,prime_S_Cbeta_input_A,prime_S_Cbeta_output_A,prime_elapsed_s,prime_solvation_model,prime_force_field,prime_target_rms_gradient,prime_final_rms_gradient,prime_macro_iterations_run,prime_macro_iterations_requested,prime_energy_converged,prime_final_dE_kcal,prime_log_source,postreaction_status,postreaction_DockingScore,postreaction_GlideScore,apparent_affinity_score,apparent_affinity_formula,apparent_affinity_recomputed,postreaction_grid,postreaction_grid_sha256,postreaction_input_sha256,postreaction_precision,postreaction_docking_method,postreaction_capping_force_field,postreaction_elapsed_s,covdock_commandline
CatK,SANC00247,Michael Addition,25,3308,8,CatK_SANC00247-out.maegz,1,-4.24966898742618,-4.25116898742618,1,0.0257222930844219,2.1876132964440935,completed,True,320,-8932.816479251584,2.1876132964440935,1.8355179600920255,72.49990272521973,vsgb2.1,OPLS4,0.01,0.00639,3,5,True,0.005,archived job log,completed,-5.42438383202569,-5.42588383202569,-4.837026409725935,0.5*(enrichment_DockingScore + postreaction_DockingScore),-4.837026409725935,CatK_SANC00247_00_glidegrid-out.zip,bdb9a8a283dd8bf84af84cd13fc6d831c622c0106c526bc66ea50b10eae07863,47a5581d429594c8da62404545b398315df08ac3b4588261301c0467871c1d17,XP,optandscore,OPLS4,149.39321422576904,"covalent_docking.exe CatK_rec.maegz SANC00247.maegz A:25 -rxn_type ""Michael Addition"" -mode enrichment -jobname CatK_SANC00247 -HOST localhost:1 -WAIT"
CatK,SANC00248,Michael Addition,25,3308,23,CatK_SANC00248-out.maegz,1,-4.74156698238629,-4.74156698238629,1,0.0252879980722765,1.9580014077791152,completed,True,338,-8923.1799794289,1.9580014077791152,1.84081495980342,79.32166981697083,vsgb2.1,OPLS4,0.01,0.008,2,5,True,0.064,archived job log,completed,0.928945607625312,0.928945607625312,-1.9063106873804891,0.5*(enrichment_DockingScore + postreaction_DockingScore),-1.9063106873804891,CatK_SANC00248_00_glidegrid-out.zip,7aeaf122afb757d723322c6a3e753bb273e2f996518f2427ec56cfb0f08e72fe,ae8fc1688dac06404cfe5db81b5da8db4d1dfc1970d1df83be20eafb75d3f097,XP,optandscore,OPLS4,120.9614679813385,"covalent_docking.exe CatK_rec.maegz SANC00248.maegz A:25 -rxn_type ""Michael Addition"" -mode enrichment -jobname CatK_SANC00248 -HOST localhost:1 -WAIT"
CatK,SANC00251,Michael Addition,25,3282,3,CatK_SANC00251-out.maegz,1,-5.60199249569038,-5.60199249569038,1,0.0296415745510679,2.2177314551121827,completed,True,295,-8790.818963626705,2.2177314551121827,1.8330310861381127,81.24586987495422,vsgb2.1,OPLS4,0.01,0.00158,3,5,True,0.007,archived job log,completed,-4.77056209058406,-4.77056209058406,-5.18627729313722,0.5*(enrichment_DockingScore + postreaction_DockingScore),-5.18627729313722,CatK_SANC00251_00_glidegrid-out.zip,c9b40076808b2169a5e280445286d79134e2d982e8b2e3df5563716fa697ae8f,ea9a7c58d95aaea5f5b6cfb93536afe5180abda7f7c6e289440fc19ba814276e,XP,optandscore,OPLS4,71.52491927146912,"covalent_docking.exe CatK_rec.maegz SANC00251.maegz A:25 -rxn_type ""Michael Addition"" -mode enrichment -jobname CatK_SANC00251 -HOST localhost:1 -WAIT"
CatK,SANC00370,Michael Addition,25,3321,30,CatK_SANC00370-out.maegz,1,-6.76828989456662,-6.76828989456662,1,0.0400676274619233,2.1606445982470124,completed,True,329,-8851.56137658614,2.1606445982470124,1.8444060306867696,148.639488697052,vsgb2.1,OPLS4,0.01,0.01774,5,5,False,2.514,archived job log,completed,-10.2304516700269,-10.2304516700269,-8.49937078229676,0.5*(enrichment_DockingScore + postreaction_DockingScore),-8.49937078229676,CatK_SANC00370_00_glidegrid-out.zip,0130a661855f643c554df083e7a39ff2889fb935ed2fe8481694fc546164c8b1,bec3cc749027a38981c45a233e5a1d181b5b69247fbe33ca832f53d3f028888f,XP,optandscore,OPLS4,351.55114459991455,"covalent_docking.exe CatK_rec.maegz SANC00370.maegz A:25 -rxn_type ""Michael Addition"" -mode enrichment -jobname CatK_SANC00370 -HOST localhost:1 -WAIT"
CatK,SANC00412,Michael Addition,25,3308,24,CatK_SANC00412-out.maegz,1,-6.00741142642109,-6.01281142642109,1,0.0379544865954406,1.9349750504151215,completed,True,323,-9097.606196038485,1.9349750504151215,1.815198555039669,69.22658371925354,vsgb2.1,OPLS4,0.01,0.00909,3,5,True,0.004,re-run from the archived input; reproduces the archived Prime energy and reaction-centre geometry exactly,completed,-7.44660759141922,-7.45200759141922,-6.727009508920155,0.5*(enrichment_DockingScore + postreaction_DockingScore),-6.727009508920155,CatK_SANC00412_00_glidegrid-out.zip,e365c156f538adfc1887c9692c8fd2201e8318de3718d7b157c85c97a3633332,56f0e56d81acb1924f4f5a67ec3fed9f12bc2da8f499b7dede4dd1a7ec545a93,XP,optandscore,OPLS4,238.52932739257812,"covalent_docking.exe CatK_rec.maegz SANC00412.maegz A:25 -rxn_type ""Michael Addition"" -mode enrichment -jobname CatK_SANC00412 -HOST localhost:1 -WAIT"
CatK,SANC00548,Michael Addition,25,3344,35,CatK_SANC00548-out.maegz,1,-5.46794965443246,-5.46794965443246,1,0.0373921158488149,2.0113098209231732,completed,True,332,-8795.686003803516,2.0113098209231732,1.8418637015555857,65.85629963874817,vsgb2.1,OPLS4,0.01,0.00541,3,5,True,0.006,re-run from the archived input; reproduces the archived Prime energy and reaction-centre geometry exactly,completed,-6.7601243854978,-6.7601243854978,-6.11403701996513,0.5*(enrichment_DockingScore + postreaction_DockingScore),-6.11403701996513,CatK_SANC00548_00_glidegrid-out.zip,c472c24aeeb80a818982ee0b7ca9e2f2b07956b742517a7e518d82ca6bc6326c,1a29f960536e9b3a81b264125ea571f31443511ae515e81a1577be0813690924,XP,optandscore,OPLS4,227.03390216827393,"covalent_docking.exe CatK_rec.maegz SANC00548.maegz A:25 -rxn_type ""Michael Addition"" -mode enrichment -jobname CatK_SANC00548 -HOST localhost:1 -WAIT"
CatK,SANC00711,Michael Addition,25,3308,30,CatK_SANC00711-out.maegz,1,-4.73084736429879,-4.73084736429879,1,0.0443726737329359,2.114642154934257,completed,True,339,-9078.413851932235,2.114642154934257,1.827866992682917,104.20039367675781,vsgb2.1,OPLS4,0.01,0.00931,3,5,True,0.001,archived job log,completed,-5.12563084764636,-5.12563084764636,-4.928239105972575,0.5*(enrichment_DockingScore + postreaction_DockingScore),-4.928239105972575,CatK_SANC00711_00_glidegrid-out.zip,ed38bd91197fbab13482417b87eaef85ee2a095c09daef4b799299f23e5d0bc5,cee94e310ef909ad5dcf32ba1375e46f4dceb461128268d1b0f1d7bdb6bb8a68,XP,optandscore,OPLS4,228.76368832588196,"covalent_docking.exe CatK_rec.maegz SANC00711.maegz A:25 -rxn_type ""Michael Addition"" -mode enrichment -jobname CatK_SANC00711 -HOST localhost:1 -WAIT"
CatK,SANC00716,Michael Addition,25,3297,3,CatK_SANC00716-out.maegz,1,-5.17713452752225,-5.17713452752225,1,0.0442379527685898,2.255060254279028,completed,True,334,-8900.033080685342,2.255060254279028,1.853077339809037,60.32077765464783,vsgb2.1,OPLS4,0.01,0.00837,3,5,True,0.002,re-run from the archived input; reproduces the archived Prime energy and reaction-centre geometry exactly,completed,-4.16952242242521,-4.16952242242521,-4.673328474973729,0.5*(enrichment_DockingScore + postreaction_DockingScore),-4.673328474973729,CatK_SANC00716_00_glidegrid-out.zip,be4b5341da467cdaab8c79baf5bd0b05c5bb94f92ec12be4c1a61683f42eaefc,240ce344581b0cca3f3160adf47431529f3e4a84c45289781ea196225283d0aa,XP,optandscore,OPLS4,108.21991777420044,"covalent_docking.exe CatK_rec.maegz SANC00716.maegz A:25 -rxn_type ""Michael Addition"" -mode enrichment -jobname CatK_SANC00716 -HOST localhost:1 -WAIT"
CatK,SANC00724,Michael Addition,25,3297,14,CatK_SANC00724-out.maegz,1,-5.38989475965628,-5.38989475965628,1,0.0352701072157437,2.487288831369809,completed,True,332,-8909.016111174475,2.487288831369809,1.8323262896673742,55.75831174850464,vsgb2.1,OPLS4,0.01,0.00632,2,5,True,0.058,re-run from the archived input; reproduces the archived Prime energy and reaction-centre geometry exactly,completed,-4.32129909726203,-4.32129909726203,-4.855596928459155,0.5*(enrichment_DockingScore + postreaction_DockingScore),-4.855596928459155,CatK_SANC00724_00_glidegrid-out.zip,b61ecf4845adb51be096ca3996ba396b4450668596bf88b416c91d75449e9f1e,4404cb8c52ce07f947648703b19504d53bcac5f803c1cfb27786f477f1a010ad,XP,optandscore,OPLS4,106.97533869743347,"covalent_docking.exe CatK_rec.maegz SANC00724.maegz A:25 -rxn_type ""Michael Addition"" -mode enrichment -jobname CatK_SANC00724 -HOST localhost:1 -WAIT"
CatK,SANC00853,Michael Addition,25,3282,4,CatK_SANC00853-out.maegz,1,-5.36724650372009,-5.36724650372009,1,0.0147557710951741,1.8241850371393267,completed,True,280,-8905.648342943263,1.8241850371393267,1.8119329214774376,93.79081535339355,vsgb2.1,OPLS4,0.01,0.00239,2,5,True,0.077,archived job log,completed,-6.82806216541001,-6.82806216541001,-6.09765433456505,0.5*(enrichment_DockingScore + postreaction_DockingScore),-6.09765433456505,CatK_SANC00853_00_glidegrid-out.zip,adf668ee6a4513305964d91e2d9bc1d29c2a14fc1b11207398d7d78e5b6c505f,3b60d6010af20180e457fc721a570f9d6e94bcedd4a27b6c7616613ee2aee8d7,XP,optandscore,OPLS4,200.13947463035583,"covalent_docking.exe CatK_rec.maegz SANC00853.maegz A:25 -rxn_type ""Michael Addition"" -mode enrichment -jobname CatK_SANC00853 -HOST localhost:1 -WAIT"
CatK,SANC00867,Michael Addition,25,3310,4,CatK_SANC00867-out.maegz,1,-7.2931113764892,-7.3217113764892,1,0.0458231804566973,1.8887322007402225,completed,True,301,-9081.380382028143,1.8887322007402225,1.83296561661993,74.88260459899902,vsgb2.1,OPLS4,0.01,0.00759,4,5,True,0.001,re-run from the archived input; reproduces the archived Prime energy and reaction-centre geometry exactly,completed,-8.61958936907597,-8.64818936907597,-7.956350372782585,0.5*(enrichment_DockingScore + postreaction_DockingScore),-7.956350372782585,CatK_SANC00867_00_glidegrid-out.zip,49b0d0fe32d8cd0d3ef3a228fac9a7ea206c265b5540fa59c05fb78b955606ac,30d8735512b28cb187fa57a1a4944a643fc7328eb2d0e4af90ac0fe735e8bc3f,XP,optandscore,OPLS4,241.91204380989075,"covalent_docking.exe CatK_rec.maegz SANC00867.maegz A:25 -rxn_type ""Michael Addition"" -mode enrichment -jobname CatK_SANC00867 -HOST localhost:1 -WAIT"
CatK,SANC00893,Michael Addition,25,3311,33,CatK_SANC00893-out.maegz,1,-5.8858183234961,-5.8864183234961,1,0.0453176609818318,2.016586518662167,completed,True,326,-9078.603541915316,2.016586518662167,1.8376909579332703,56.74461841583252,vsgb2.1,OPLS4,0.01,0.00358,3,5,True,0.001,re-run from the archived input; reproduces the archived Prime energy and reaction-centre geometry exactly,completed,-7.25397184911102,-7.25457184911102,-6.56989508630356,0.5*(enrichment_DockingScore + postreaction_DockingScore),-6.56989508630356,CatK_SANC00893_00_glidegrid-out.zip,7d20eebff322f72b9c7f970f8fb6cdee4962d3d4b75233c5c0e6e70b67898f18,0a9f18dabede8c3b34b7d450cd372dfe79686ba9628bc1958f5d210c6229ec53,XP,optandscore,OPLS4,237.85919904708862,"covalent_docking.exe CatK_rec.maegz SANC00893.maegz A:25 -rxn_type ""Michael Addition"" -mode enrichment -jobname CatK_SANC00893 -HOST localhost:1 -WAIT"
CatK,SANC00964,Michael Addition,25,3328,41,CatK_SANC00964-out.maegz,1,-5.18996427163704,-5.18996427163704,1,0.0477503374640463,1.9737528453023208,completed,True,350,-8998.267425748849,1.9737528453023208,1.8055583800628878,121.06066155433655,vsgb2.1,OPLS4,0.01,0.00393,4,5,True,0.001,archived job log,completed,-8.71684830447502,-8.71684830447502,-6.95340628805603,0.5*(enrichment_DockingScore + postreaction_DockingScore),-6.95340628805603,CatK_SANC00964_00_glidegrid-out.zip,cca395bd5da5e02bf46abf5cff58b1a77316d1a4063821d47198905bfacd2c51,0e8785b3afba2596bd31cec66788df58aad41f76ed7dfeb6fc52cc5e6d84499f,XP,optandscore,OPLS4,456.2595775127411,"covalent_docking.exe CatK_rec.maegz SANC00964.maegz A:25 -rxn_type ""Michael Addition"" -mode enrichment -jobname CatK_SANC00964 -HOST localhost:1 -WAIT"
CatK,SANC01026,Michael Addition,25,3270,6,CatK_SANC01026-out.maegz,1,-4.92757783486212,-4.92757783486212,1,0.0343843398224524,2.3688390559810095,completed,True,262,-8867.17336342242,2.3688390559810095,1.8567994991327106,40.825472831726074,vsgb2.1,OPLS4,0.01,0.00296,3,5,True,0.095,re-run from the archived input; reproduces the archived Prime energy and reaction-centre geometry exactly,completed,-2.16464918081285,-2.16464918081285,-3.546113507837485,0.5*(enrichment_DockingScore + postreaction_DockingScore),-3.546113507837485,CatK_SANC01026_00_glidegrid-out.zip,269d2f951f99b5dbe40813f6a2e7d0e785f1a3cc5b3ad8469a7afb2809b7a372,87f1386679134fddeb90f6dd0919b3e1730a6de637b5857e0cc45681d71a7849,XP,optandscore,OPLS4,56.62422847747803,"covalent_docking.exe CatK_rec.maegz SANC01026.maegz A:25 -rxn_type ""Michael Addition"" -mode enrichment -jobname CatK_SANC01026 -HOST localhost:1 -WAIT"
CatK,SANC01049,Michael Addition,25,3329,41,CatK_SANC01049-out.maegz,1,-5.76445673998857,-5.76505673998857,1,0.0349830029006372,2.131227689021748,completed,True,404,-9013.772067468833,2.131227689021748,1.8241647982445763,164.55684304237366,vsgb2.1,OPLS4,0.01,0.00978,5,5,False,225.957,archived job log,completed,-8.15567133158685,-8.15627133158685,-6.96006403578771,0.5*(enrichment_DockingScore + postreaction_DockingScore),-6.96006403578771,CatK_SANC01049_00_glidegrid-out.zip,7b40658885fad3f3a0bac0c1756439a8b4d5f41c879bf3008d4de534c77d4c24,a45d3c06f562ea4ceae61640da2b5e022331c211a60be9d9052626ce92fdf7d8,XP,optandscore,OPLS4,493.30691933631897,"covalent_docking.exe CatK_rec.maegz SANC01049.maegz A:25 -rxn_type ""Michael Addition"" -mode enrichment -jobname CatK_SANC01049 -HOST localhost:1 -WAIT"
CatK,SANC01067,Michael Addition,25,3327,20,CatK_SANC01067-out.maegz,1,-5.98951510673473,-5.98951510673473,1,0.0326135697107681,1.9217954033322617,completed,True,393,-8868.679150441123,1.9217954033322617,1.8233471394974679,161.97362422943115,vsgb2.1,OPLS4,0.01,0.00917,5,5,True,0.053,archived job log,completed,-7.06897941256497,-7.06897941256497,-6.52924725964985,0.5*(enrichment_DockingScore + postreaction_DockingScore),-6.52924725964985,CatK_SANC01067_00_glidegrid-out.zip,d17379bc7ad9e196383332cabb8b46f7f0f501d008107754c2f0bbd9b56992b5,50caff2b168d10bf07dc5eaadd472e89c06d62b1e7323f9e187cc64fa1b03580,XP,optandscore,OPLS4,421.14662885665894,"covalent_docking.exe CatK_rec.maegz SANC01067.maegz A:25 -rxn_type ""Michael Addition"" -mode enrichment -jobname CatK_SANC01067 -HOST localhost:1 -WAIT"
CatL,SANC00247,Michael Addition,25,3284,24,CatL_SANC00247-out.maegz,1,-5.20276093193652,-5.20426093193652,1,0.0484306281823753,1.8709594880672877,completed,True,299,-8810.840724120118,1.8709594880672877,1.8268273802617365,36.982203245162964,vsgb2.1,OPLS4,0.01,0.00483,3,5,True,0.001,re-run from the archived input; reproduces the archived Prime energy and reaction-centre geometry exactly,completed,-1.73039724783686,-1.73189724783686,-3.46657908988669,0.5*(enrichment_DockingScore + postreaction_DockingScore),-3.46657908988669,CatL_SANC00247_00_glidegrid-out.zip,b3050223763ad547302b416a4c98414ba96133ebff433312904746fe25794ece,a6dff7df955e943f5383997500c8f3c56d205122f321f346023166e6309fbcd4,XP,optandscore,OPLS4,137.75273871421814,"covalent_docking.exe CatL_rec.maegz SANC00247.maegz A:25 -rxn_type ""Michael Addition"" -mode enrichment -jobname CatL_SANC00247 -HOST localhost:1 -WAIT"
CatL,SANC00248,Michael Addition,25,3284,22,CatL_SANC00248-out.maegz,7,-5.44713567808388,-5.44713567808388,1,0.0418272317495435,2.5699716940639616,completed,True,318,-8766.660955921836,2.5699716940639616,1.8511710733000697,150.78428506851196,vsgb2.1,OPLS4,0.01,0.0051,3,5,True,0.029,archived job log,completed,-2.61440749902092,-2.61440749902092,-4.0307715885524,0.5*(enrichment_DockingScore + postreaction_DockingScore),-4.0307715885524,CatL_SANC00248_00_glidegrid-out.zip,5137a0576fb201bf91a98c7e75d6a68cd33ec4b791fe45fdac497af08c93eb95,71b0aa914b7f5a2d616d23bc9b48ae295d3c32ac6d302cddc6a7cc88fc282684,XP,optandscore,OPLS4,156.0791277885437,"covalent_docking.exe CatL_rec.maegz SANC00248.maegz A:25 -rxn_type ""Michael Addition"" -mode enrichment -jobname CatL_SANC00248 -HOST localhost:1 -WAIT"
CatL,SANC00251,Michael Addition,25,3258,3,CatL_SANC00251-out.maegz,1,-5.12901696676894,-5.12901696676894,1,0.0438507596998353,2.074965824222176,completed,True,237,-8669.211408208886,2.074965824222176,1.861702515563339,120.50041842460632,vsgb2.1,OPLS4,0.01,0.00461,3,5,True,0.002,archived job log,completed,-5.11612975064179,-5.11612975064179,-5.122573358705365,0.5*(enrichment_DockingScore + postreaction_DockingScore),-5.122573358705365,CatL_SANC00251_00_glidegrid-out.zip,a2b262325644ae1e9861178f3298b7c3ad489b86427fdce6b56bbed5cc5d82e9,7cc2c85ae9acb54045be92140f36d8a75a75947b916f73e8ccf54902856edec5,XP,optandscore,OPLS4,76.0476508140564,"covalent_docking.exe CatL_rec.maegz SANC00251.maegz A:25 -rxn_type ""Michael Addition"" -mode enrichment -jobname CatL_SANC00251 -HOST localhost:1 -WAIT"
CatL,SANC00370,Michael Addition,25,3297,30,CatL_SANC00370-out.maegz,1,-6.91748539844075,-6.91748539844075,1,0.042963479115678,1.8958126856799418,completed,True,339,-8743.49186842651,1.8958126856799418,1.80841965809471,43.11283540725708,vsgb2.1,OPLS4,0.01,0.00546,3,5,True,0.002,re-run from the archived input; reproduces the archived Prime energy and reaction-centre geometry exactly,completed,-8.51973745349103,-8.51973745349103,-7.71861142596589,0.5*(enrichment_DockingScore + postreaction_DockingScore),-7.71861142596589,CatL_SANC00370_00_glidegrid-out.zip,d73f2fc33483e7e86448e8216261100468ec149cc080dbee526db8fde0a33e04,70242fb79335d4378cb7143586f979921b733b0b821d8d4590225907d0f3ff1f,XP,optandscore,OPLS4,356.63025403022766,"covalent_docking.exe CatL_rec.maegz SANC00370.maegz A:25 -rxn_type ""Michael Addition"" -mode enrichment -jobname CatL_SANC00370 -HOST localhost:1 -WAIT"
CatL,SANC00412,Michael Addition,25,3284,24,CatL_SANC00412-out.maegz,1,-5.32289228315461,-5.32829228315461,1,0.035865023647077,1.9196024504639004,completed,True,293,-8961.483341911955,1.9196024504639004,1.7997885491696428,178.74643778800964,vsgb2.1,OPLS4,0.01,0.00458,4,5,True,0.001,archived job log,completed,-6.35457558569003,-6.35997558569003,-5.83873393442232,0.5*(enrichment_DockingScore + postreaction_DockingScore),-5.83873393442232,CatL_SANC00412_00_glidegrid-out.zip,393af8e517d244f37705b851a3aad94ea7016ddfce4d599560a4bedda8c2fe23,982c2ded56d4c3b3427a1385db61206e742b45719ae695f70988ebcffcbb7899,XP,optandscore,OPLS4,221.8756492137909,"covalent_docking.exe CatL_rec.maegz SANC00412.maegz A:25 -rxn_type ""Michael Addition"" -mode enrichment -jobname CatL_SANC00412 -HOST localhost:1 -WAIT"
CatL,SANC00548,Michael Addition,25,3320,35,CatL_SANC00548-out.maegz,1,-4.91783059794362,-4.91783059794362,1,0.0370586177767247,2.05993477112529,completed,True,369,-8689.834295812265,2.05993477112529,1.8264098690896546,250.0521011352539,vsgb2.1,OPLS4,0.01,0.00416,5,5,False,0.705,archived job log,completed,-5.46670007802232,-5.46670007802232,-5.19226533798297,0.5*(enrichment_DockingScore + postreaction_DockingScore),-5.19226533798297,CatL_SANC00548_00_glidegrid-out.zip,276b8e41a928c12f49d03ffffb453136ff3be2c5dfc3e3b0086d24181b4e096d,071a019b4e37e2ed9ed55255800b4fdcb96de530412e497399b6154e97a92877,XP,optandscore,OPLS4,186.91237258911133,"covalent_docking.exe CatL_rec.maegz SANC00548.maegz A:25 -rxn_type ""Michael Addition"" -mode enrichment -jobname CatL_SANC00548 -HOST localhost:1 -WAIT"
CatL,SANC00711,Michael Addition,25,3284,30,CatL_SANC00711-out.maegz,1,-5.32656615059381,-5.32656615059381,1,0.04869381094169,2.1441917220773425,completed,True,315,-8945.790212858132,2.1441917220773425,1.8184902046329177,27.80823588371277,vsgb2.1,OPLS4,0.01,0.002,2,5,True,0.066,re-run from the archived input; reproduces the archived Prime energy and reaction-centre geometry exactly,completed,-7.66513758117785,-7.66513758117785,-6.495851865885831,0.5*(enrichment_DockingScore + postreaction_DockingScore),-6.495851865885831,CatL_SANC00711_00_glidegrid-out.zip,bb4ccc8a99b0b439b3932dfb6df7248510684c8128194af856609a730f2a9973,269e5934146097fea03388b6f80c985b3b70ff8e06f2b5651e3122ad186739f0,XP,optandscore,OPLS4,236.0409755706787,"covalent_docking.exe CatL_rec.maegz SANC00711.maegz A:25 -rxn_type ""Michael Addition"" -mode enrichment -jobname CatL_SANC00711 -HOST localhost:1 -WAIT"
CatL,SANC00716,Michael Addition,25,3273,3,CatL_SANC00716-out.maegz,1,-4.54278754954085,-4.54278754954085,1,0.0388924048453381,1.9431877846633887,completed,True,281,-8775.730930168418,1.9431877846633887,1.822175239436811,165.47356367111206,vsgb2.1,OPLS4,0.01,0.0043,5,5,True,0.1,archived job log,completed,-3.24785451864314,-3.24785451864314,-3.895321034091995,0.5*(enrichment_DockingScore + postreaction_DockingScore),-3.895321034091995,CatL_SANC00716_00_glidegrid-out.zip,8fb4a98d16733371331028c3cd662fa85fb0a13eb4249fded7c02f204feedddf,17d0d6960e28f319c658bf9395b180eff668b254fe2aa9bd95c1b0f86075075f,XP,optandscore,OPLS4,97.13668012619019,"covalent_docking.exe CatL_rec.maegz SANC00716.maegz A:25 -rxn_type ""Michael Addition"" -mode enrichment -jobname CatL_SANC00716 -HOST localhost:1 -WAIT"
CatL,SANC00724,Michael Addition,25,3273,14,CatL_SANC00724-out.maegz,13,-5.59730201012948,-5.59730201012948,1,0.0433259387157439,2.973366416538327,completed,True,329,-8779.529961179509,2.973366416538327,1.8319707988239768,108.75088500976562,vsgb2.1,OPLS4,0.01,0.00379,3,5,True,0.019,archived job log,completed,-4.68551097244514,-4.68551097244514,-5.14140649128731,0.5*(enrichment_DockingScore + postreaction_DockingScore),-5.14140649128731,CatL_SANC00724_00_glidegrid-out.zip,c741a878d646cbbec49c125364a2150468d6e83d411b09290c653130ca1f0a91,72a70853b592f5d4bedafc21c7ddbf148f782200081554b7077e587310da7903,XP,optandscore,OPLS4,72.68214201927185,"covalent_docking.exe CatL_rec.maegz SANC00724.maegz A:25 -rxn_type ""Michael Addition"" -mode enrichment -jobname CatL_SANC00724 -HOST localhost:1 -WAIT"
CatL,SANC00853,Michael Addition,25,3258,4,CatL_SANC00853-out.maegz,1,-5.48262843817035,-5.48262843817035,1,0.0430778433646425,1.8994825558246096,completed,True,228,-8782.631386011435,1.8994825558246096,1.8068424237695329,31.58503031730652,vsgb2.1,OPLS4,0.01,0.00685,3,5,True,0.05,re-run from the archived input; reproduces the archived Prime energy and reaction-centre geometry exactly,completed,-4.91298582257226,-4.91298582257226,-5.197807130371305,0.5*(enrichment_DockingScore + postreaction_DockingScore),-5.197807130371305,CatL_SANC00853_00_glidegrid-out.zip,511391325b816941dbb1df9ed37657e65e3a2c0576f9c474b35e849e0821d5fd,fc68fc45e993a5ffffaab127cb60211e86d5448410e582786e03af299af22c67,XP,optandscore,OPLS4,191.23993015289307,"covalent_docking.exe CatL_rec.maegz SANC00853.maegz A:25 -rxn_type ""Michael Addition"" -mode enrichment -jobname CatL_SANC00853 -HOST localhost:1 -WAIT"
CatL,SANC00867,Michael Addition,25,3286,4,CatL_SANC00867-out.maegz,1,-7.31216084861724,-7.34076084861724,1,0.0444215126702143,2.207177475499874,completed,True,324,-8939.032462167486,2.207177475499874,1.8201622318609303,114.31004333496094,vsgb2.1,OPLS4,0.01,0.00864,3,5,True,0.012,archived job log,completed,-8.07901357434943,-8.10761357434943,-7.6955872114833355,0.5*(enrichment_DockingScore + postreaction_DockingScore),-7.6955872114833355,CatL_SANC00867_00_glidegrid-out.zip,264fdd4fbd7304ff33c68d669e04eeca0cfd11f40ee4bd986e5218806ed794db,1b579c85064c31305ea624847075c83d5db83b7e101c120beae471eed8316a03,XP,optandscore,OPLS4,165.15707230567932,"covalent_docking.exe CatL_rec.maegz SANC00867.maegz A:25 -rxn_type ""Michael Addition"" -mode enrichment -jobname CatL_SANC00867 -HOST localhost:1 -WAIT"
CatL,SANC00893,Michael Addition,25,3287,33,CatL_SANC00893-out.maegz,1,-4.91766729729761,-4.91826729729761,1,0.042410801001885,1.8974571642245313,completed,True,296,-8943.441746561943,1.8974571642245313,1.806620567560477,110.63306331634521,vsgb2.1,OPLS4,0.01,0.00788,3,5,True,0.021,archived job log,completed,-6.21109659381339,-6.21169659381339,-5.5643819455555,0.5*(enrichment_DockingScore + postreaction_DockingScore),-5.5643819455555,CatL_SANC00893_00_glidegrid-out.zip,1a9b437d1b69212a085dce5eabb2e32735ecd084b9d5c620cd0887eba01aeaf0,a9960dfa11c3503c309b42cc8bd0488f5f0afe1b54351bd7dbf053feb1d53c0a,XP,optandscore,OPLS4,152.60620713233948,"covalent_docking.exe CatL_rec.maegz SANC00893.maegz A:25 -rxn_type ""Michael Addition"" -mode enrichment -jobname CatL_SANC00893 -HOST localhost:1 -WAIT"
CatL,SANC00964,Michael Addition,25,3304,41,CatL_SANC00964-out.maegz,1,-4.95222567508973,-4.95222567508973,1,0.0367080575380653,1.8981325738717565,completed,True,340,-8869.115190594624,1.8981325738717565,1.829125358814183,36.60563063621521,vsgb2.1,OPLS4,0.01,0.00565,3,5,True,0.003,re-run from the archived input; reproduces the archived Prime energy and reaction-centre geometry exactly,completed,-7.43949028300719,-7.43949028300719,-6.19585797904846,0.5*(enrichment_DockingScore + postreaction_DockingScore),-6.19585797904846,CatL_SANC00964_00_glidegrid-out.zip,a4ca152e518b36a36d73b0de35506e0228f24d75cdd68f88ae3d89487666ca36,eb9575f67da51d7d56f6ed8a418911c60c24c846ed1e4fe6759c0b6fe7b8b770,XP,optandscore,OPLS4,287.64908051490784,"covalent_docking.exe CatL_rec.maegz SANC00964.maegz A:25 -rxn_type ""Michael Addition"" -mode enrichment -jobname CatL_SANC00964 -HOST localhost:1 -WAIT"
CatL,SANC01026,Michael Addition,25,3246,7,CatL_SANC01026-out.maegz,1,-5.55224962248394,-5.55224962248394,1,0.0282787515708454,2.4931846149431047,completed,True,219,-8754.89706881202,2.4931846149431047,1.8280904948448151,83.99533748626709,vsgb2.1,OPLS4,0.01,0.00937,2,5,True,0.067,archived job log,completed,-3.54417028364719,-3.54417028364719,-4.548209953065565,0.5*(enrichment_DockingScore + postreaction_DockingScore),-4.548209953065565,CatL_SANC01026_00_glidegrid-out.zip,ddb6d7ccd682b19b92496c7c3e282022621220d87f26f7103c11c9604d3a44ee,3c5000b5edf0f204df2edc051c7e664936836d43bb9bd06c18a2896ea60dfbc2,XP,optandscore,OPLS4,52.64573097229004,"covalent_docking.exe CatL_rec.maegz SANC01026.maegz A:25 -rxn_type ""Michael Addition"" -mode enrichment -jobname CatL_SANC01026 -HOST localhost:1 -WAIT"
CatL,SANC01049,Michael Addition,25,3305,41,CatL_SANC01049-out.maegz,1,-6.4283868511119,-6.4289868511119,1,0.0449536320781391,2.183430458854599,completed,True,324,-8866.132681985278,2.183430458854599,1.8022913515635615,98.90462064743042,vsgb2.1,OPLS4,0.01,0.00652,3,5,True,0.003,archived job log,completed,-7.16595561165354,-7.16655561165354,-6.79717123138272,0.5*(enrichment_DockingScore + postreaction_DockingScore),-6.79717123138272,CatL_SANC01049_00_glidegrid-out.zip,351a7885c7b4ebef5ffdea0c33288b63846ad4a2188bd5d02b5962d8c8d2796e,46dc4a8fe679ac39c2cc12207a2ce5c71704d20a671cf7fcffe140e81738bd4e,XP,optandscore,OPLS4,228.7129180431366,"covalent_docking.exe CatL_rec.maegz SANC01049.maegz A:25 -rxn_type ""Michael Addition"" -mode enrichment -jobname CatL_SANC01049 -HOST localhost:1 -WAIT"
CatL,SANC01067,Michael Addition,25,3303,20,CatL_SANC01067-out.maegz,1,-6.8556092599982,-6.8556092599982,1,0.0296509931240795,1.8992464127779742,completed,True,357,-8724.220973723175,1.8992464127779742,1.8041124553681227,30.66135263442993,vsgb2.1,OPLS4,0.01,0.00503,3,5,True,0.002,re-run from the archived input; reproduces the archived Prime energy and reaction-centre geometry exactly,completed,-9.05683145011397,-9.05683145011397,-7.956220355056085,0.5*(enrichment_DockingScore + postreaction_DockingScore),-7.956220355056085,CatL_SANC01067_00_glidegrid-out.zip,3008606ca9cfbdc56b328e276faabc885c128d2d59c6268d3079343546e15de8,5808b15b5768339a289153428710114a6af2e2c3ff12922080c8bb5d42c60155,XP,optandscore,OPLS4,268.9106969833374,"covalent_docking.exe CatL_rec.maegz SANC01067.maegz A:25 -rxn_type ""Michael Addition"" -mode enrichment -jobname CatL_SANC01067 -HOST localhost:1 -WAIT"
FP2,SANC00247,Michael Addition,42,3729,24,FP2_SANC00247-out.maegz,10,-5.53118615434462,-5.53268615434462,1,0.0430658434772971,2.1660264082725313,completed,True,296,-9960.112756719993,2.1660264082725313,1.8337573630230493,54.83979940414429,vsgb2.1,OPLS4,0.01,0.00215,3,5,True,0.0,archived job log,completed,-4.0593715578595,-4.0608715578595,-4.79527885610206,0.5*(enrichment_DockingScore + postreaction_DockingScore),-4.79527885610206,FP2_SANC00247_00_glidegrid-out.zip,c468e52905f1992afa7ee84cea18582eb9c0749f54b9988f7cb37d5929bf7979,402bf77034f66bad048e2455d694f839e43ca166b868c4b9960c23d289c7b7be,XP,optandscore,OPLS4,167.9258735179901,"covalent_docking.exe FP2_rec.mae SANC00247.maegz A:42 -rxn_type ""Michael Addition"" -mode enrichment -jobname FP2_SANC00247 -HOST localhost:1 -WAIT"
FP2,SANC00248,Michael Addition,42,3729,23,FP2_SANC00248-out.maegz,1,-4.58349341004272,-4.58349341004272,1,0.0438715606225637,2.0017683786979457,completed,True,339,-9934.682771378551,2.0017683786979457,1.8209312357572511,67.77112579345703,vsgb2.1,OPLS4,0.01,0.00866,4,5,True,0.063,archived job log,failed,,,,0.5*(enrichment_DockingScore + postreaction_DockingScore),,FP2_SANC00248_00_glidegrid-out.zip,91d0d8d3aff4f9a239be3d140ea7c8bdc5dafa77bc91900b955342e2c7947699,d4dfc0bd5139c512d8d4426bb133ce280866d92dcd65f1df3b52864ab437f7a4,XP,optandscore,OPLS4,136.9651951789856,"covalent_docking.exe FP2_rec.mae SANC00248.maegz A:42 -rxn_type ""Michael Addition"" -mode enrichment -jobname FP2_SANC00248 -HOST localhost:1 -WAIT"
FP2,SANC00251,Michael Addition,42,3703,3,FP2_SANC00251-out.maegz,1,-5.27741462510132,-5.27741462510132,1,0.0374248949547935,2.25504350136555,completed,True,281,-9828.411509543159,2.25504350136555,1.834112203680374,34.31749963760376,vsgb2.1,OPLS4,0.01,0.00287,3,5,True,0.001,re-run from the archived input; reproduces the archived Prime energy and reaction-centre geometry exactly,completed,-4.20082127957385,-4.20082127957385,-4.739117952337585,0.5*(enrichment_DockingScore + postreaction_DockingScore),-4.739117952337585,FP2_SANC00251_00_glidegrid-out.zip,907d0edd757063de32e2075f41793a7e10e923c3384fe8974a9ea5e16f9059e6,21f25248a6ab59d32d2f524da5b7e6505b24c67da77b32c0074eb7748ddbcb8d,XP,optandscore,OPLS4,64.70368242263794,"covalent_docking.exe FP2_rec.mae SANC00251.maegz A:42 -rxn_type ""Michael Addition"" -mode enrichment -jobname FP2_SANC00251 -HOST localhost:1 -WAIT"
FP2,SANC00370,Michael Addition,42,3742,30,FP2_SANC00370-out.maegz,1,-5.58888171369904,-5.58888171369904,1,0.034629516451268,2.0281760830610835,completed,True,352,-9868.537233752983,2.0281760830610835,1.8350271543594063,88.45678210258484,vsgb2.1,OPLS4,0.01,0.00758,3,5,True,0.063,archived job log,completed,-6.37789863722048,-6.37789863722048,-5.9833901754597605,0.5*(enrichment_DockingScore + postreaction_DockingScore),-5.9833901754597605,FP2_SANC00370_00_glidegrid-out.zip,5f639dee2962c6e2b68f33008d4f454b3aec8d398c9f7b22784ae41a0ad91a45,4113085c5621839f968069014284be2ea5f37eb4f11effec75cac2690d767dce,XP,optandscore,OPLS4,296.3264470100403,"covalent_docking.exe FP2_rec.mae SANC00370.maegz A:42 -rxn_type ""Michael Addition"" -mode enrichment -jobname FP2_SANC00370 -HOST localhost:1 -WAIT"
FP2,SANC00412,Michael Addition,42,3729,24,FP2_SANC00412-out.maegz,1,-5.61959315381734,-5.62499315381734,1,0.0374002513737736,2.024308921527789,completed,True,348,-10112.697063667216,2.024308921527789,1.8087802079560515,117.4390799999237,vsgb2.1,OPLS4,0.01,0.00284,4,5,True,0.0,archived job log,completed,-6.28930653361767,-6.29470653361767,-5.954449843717505,0.5*(enrichment_DockingScore + postreaction_DockingScore),-5.954449843717505,FP2_SANC00412_00_glidegrid-out.zip,88b7839df5a5a0c07c6b84225a99ce7703d01554763a0d839db09d060b410a7a,85c907ed0fb35b5c298d6518d759fd0af7a9a25247c8396f41567ee9f400c9dc,XP,optandscore,OPLS4,210.480970621109,"covalent_docking.exe FP2_rec.mae SANC00412.maegz A:42 -rxn_type ""Michael Addition"" -mode enrichment -jobname FP2_SANC00412 -HOST localhost:1 -WAIT"
FP2,SANC00548,Michael Addition,42,3765,35,FP2_SANC00548-out.maegz,1,-5.27662651395345,-5.27662651395345,1,0.0365456616721115,2.2811635376890442,completed,True,409,-9842.003595400874,2.2811635376890442,1.833370759209038,34.691508054733276,vsgb2.1,OPLS4,0.01,0.008,3,5,True,0.018,re-run from the archived input; reproduces the archived Prime energy and reaction-centre geometry exactly,completed,-6.57746375734077,-6.57746375734077,-5.92704513564711,0.5*(enrichment_DockingScore + postreaction_DockingScore),-5.92704513564711,FP2_SANC00548_00_glidegrid-out.zip,00ce938195b05a971aea3606879ff073be215f21d52969278ec94bcb1a8a1918,fc040144aa3b383f68718fbdca2c8b947531cc840f1189e102187da4f4a14966,XP,optandscore,OPLS4,199.74119997024536,"covalent_docking.exe FP2_rec.mae SANC00548.maegz A:42 -rxn_type ""Michael Addition"" -mode enrichment -jobname FP2_SANC00548 -HOST localhost:1 -WAIT"
FP2,SANC00711,Michael Addition,42,3729,30,FP2_SANC00711-out.maegz,1,-5.17747620101431,-5.17747620101431,1,0.045643851397479,2.00863474099922,completed,True,330,-10100.242458881636,2.00863474099922,1.8318808024086362,101.96711611747742,vsgb2.1,OPLS4,0.01,0.00417,3,5,True,0.001,archived job log,completed,-5.0911099877226,-5.0911099877226,-5.134293094368455,0.5*(enrichment_DockingScore + postreaction_DockingScore),-5.134293094368455,FP2_SANC00711_00_glidegrid-out.zip,f847912dde628ad14a5e507bcbf6ce126a41c219b11cc7ea78c3b6578debe322,86d628c0ef32657f0a84a992a5b9baafb01ea100f3e367dca7ba3d6230bd3d97,XP,optandscore,OPLS4,133.48897624015808,"covalent_docking.exe FP2_rec.mae SANC00711.maegz A:42 -rxn_type ""Michael Addition"" -mode enrichment -jobname FP2_SANC00711 -HOST localhost:1 -WAIT"
FP2,SANC00716,Michael Addition,42,3718,2,FP2_SANC00716-out.maegz,1,-4.97234817913962,-4.97234817913962,1,0.0439897525390614,2.401661367337827,completed,True,353,-9913.018474383505,2.401661367337827,1.8520931672759837,99.11699485778809,vsgb2.1,OPLS4,0.01,0.0034,2,5,True,0.032,archived job log,completed,-3.8378910078683,-3.8378910078683,-4.40511959350396,0.5*(enrichment_DockingScore + postreaction_DockingScore),-4.40511959350396,FP2_SANC00716_00_glidegrid-out.zip,247a68754421c5aabb893d867caa016da3a29152ea2960745f4f77c56da6099b,04d8d221fb5640f35bbd6d87565680a70c074fb625e3111ca3751900ad1aee0c,XP,optandscore,OPLS4,83.36295437812805,"covalent_docking.exe FP2_rec.mae SANC00716.maegz A:42 -rxn_type ""Michael Addition"" -mode enrichment -jobname FP2_SANC00716 -HOST localhost:1 -WAIT"
FP2,SANC00724,Michael Addition,42,3718,3,FP2_SANC00724-out.maegz,1,-4.43833613497848,-4.43833613497848,1,0.0259892041965657,2.233808471122129,completed,True,317,-9922.922508301794,2.233808471122129,1.831339211171877,33.56507849693298,vsgb2.1,OPLS4,0.01,0.00624,3,5,True,0.003,re-run from the archived input; reproduces the archived Prime energy and reaction-centre geometry exactly,completed,-2.56746785137363,-2.56746785137363,-3.5029019931760548,0.5*(enrichment_DockingScore + postreaction_DockingScore),-3.5029019931760548,FP2_SANC00724_00_glidegrid-out.zip,b54f6f2b23dd9fa38b6b1e8c33aa7fa3b5a6c4e95beaeb3dd09d3dd1361a6b79,fda4ed83d0c7f475503a7129edffdeccd48b5c53cd91cb25b3c8939bb779bead,XP,optandscore,OPLS4,77.02516603469849,"covalent_docking.exe FP2_rec.mae SANC00724.maegz A:42 -rxn_type ""Michael Addition"" -mode enrichment -jobname FP2_SANC00724 -HOST localhost:1 -WAIT"
FP2,SANC00853,Michael Addition,42,3703,4,FP2_SANC00853-out.maegz,1,-7.87441369441517,-7.87441369441517,1,0.0485794612220041,2.2703275717025933,completed,True,284,-9932.898102697547,2.2703275717025933,1.8255558804851109,117.18966627120972,vsgb2.1,OPLS4,0.01,0.00184,2,5,True,0.069,archived job log,completed,-6.49241051849017,-6.49241051849017,-7.18341210645267,0.5*(enrichment_DockingScore + postreaction_DockingScore),-7.18341210645267,FP2_SANC00853_00_glidegrid-out.zip,424bb95ff5edd1eab25191f12b793b7b327facd157b5437437e894000ebf0b2d,9a62e74e99e7ff3697ab0276f89294c6e0450bd7cf36b3acd6b6af376dba8f85,XP,optandscore,OPLS4,152.8300256729126,"covalent_docking.exe FP2_rec.mae SANC00853.maegz A:42 -rxn_type ""Michael Addition"" -mode enrichment -jobname FP2_SANC00853 -HOST localhost:1 -WAIT"
FP2,SANC00867,Michael Addition,42,3731,4,FP2_SANC00867-out.maegz,1,-7.40347431255141,-7.43207431255141,1,0.0381246804914314,2.1718910364498023,completed,True,385,-10107.08574380652,2.1718910364498023,1.8400585952342812,100.3267891407013,vsgb2.1,OPLS4,0.01,0.00343,3,5,True,0.002,archived job log,completed,-9.91307126754689,-9.94167126754689,-8.65827279004915,0.5*(enrichment_DockingScore + postreaction_DockingScore),-8.65827279004915,FP2_SANC00867_00_glidegrid-out.zip,eee0b542c34cf76b8765e3e8d292b4d38c8f301b25556fabc52b3e478d580059,109e15d2bf84e2a83eb57ad9a2a76b8d9393ae958e58e821732d8476c74cd044,XP,optandscore,OPLS4,167.34499216079712,"covalent_docking.exe FP2_rec.mae SANC00867.maegz A:42 -rxn_type ""Michael Addition"" -mode enrichment -jobname FP2_SANC00867 -HOST localhost:1 -WAIT"
FP2,SANC00893,Michael Addition,42,3732,33,FP2_SANC00893-out.maegz,1,-5.03842308189701,-5.03902308189701,1,0.0462949970483522,2.1106426773544613,completed,True,362,-10083.665823826947,2.1106426773544613,1.8321621728389494,47.84107732772827,vsgb2.1,OPLS4,0.01,0.00715,3,5,True,0.022,re-run from the archived input; reproduces the archived Prime energy and reaction-centre geometry exactly,completed,-5.18090503737981,-5.18150503737981,-5.10966405963841,0.5*(enrichment_DockingScore + postreaction_DockingScore),-5.10966405963841,FP2_SANC00893_00_glidegrid-out.zip,1bb3ff9ef955b9dc5a9e2df1a77fff672b89ab05753234584c1781a793c2f17f,9a76ee54aac289b723b6ef62e8df8c9a328ed3d4228185beb585f525ef3bf6fc,XP,optandscore,OPLS4,155.61683440208435,"covalent_docking.exe FP2_rec.mae SANC00893.maegz A:42 -rxn_type ""Michael Addition"" -mode enrichment -jobname FP2_SANC00893 -HOST localhost:1 -WAIT"
FP2,SANC00964,Michael Addition,42,3749,41,FP2_SANC00964-out.maegz,1,-5.87803724007313,-5.87803724007313,1,0.0475294746238959,2.1899057952400596,completed,True,356,-10021.413014605165,2.1899057952400596,1.8297904228150426,114.95456171035767,vsgb2.1,OPLS4,0.01,0.00445,3,5,True,0.005,archived job log,failed,,,,0.5*(enrichment_DockingScore + postreaction_DockingScore),,FP2_SANC00964_00_glidegrid-out.zip,3d0d3afc2247f1b69ee4575deec65144c065c14e9608d9607475c11c4a2f617e,99ba272cf2b1ac21be28ef0f4cc6084d1aee7fc24ee7b00c338b026469f5bf49,XP,optandscore,OPLS4,141.12695336341858,"covalent_docking.exe FP2_rec.mae SANC00964.maegz A:42 -rxn_type ""Michael Addition"" -mode enrichment -jobname FP2_SANC00964 -HOST localhost:1 -WAIT"
FP2,SANC01026,Michael Addition,42,3691,7,FP2_SANC01026-out.maegz,1,-5.22279977463319,-5.22279977463319,1,0.038167680338707,2.028178913129216,completed,True,279,-9914.05014960861,2.028178913129216,1.8339658092052442,85.83144330978394,vsgb2.1,OPLS4,0.01,0.00253,3,5,True,0.0,archived job log,completed,-3.86131811422931,-3.86131811422931,-4.54205894443125,0.5*(enrichment_DockingScore + postreaction_DockingScore),-4.54205894443125,FP2_SANC01026_00_glidegrid-out.zip,4024f203f0f720559e53d8802ffcf0efe4ecb20c3e3c8c03136f04d2e49ab77a,cf30a2b744809a3384999cef96160a6e8a65b70a05ad240a04b40626945a87cd,XP,optandscore,OPLS4,43.20166325569153,"covalent_docking.exe FP2_rec.mae SANC01026.maegz A:42 -rxn_type ""Michael Addition"" -mode enrichment -jobname FP2_SANC01026 -HOST localhost:1 -WAIT"
FP2,SANC01049,Michael Addition,42,3750,41,FP2_SANC01049-out.maegz,1,-6.48331871098412,-6.48391871098412,1,0.0377587675605988,2.156850911869662,completed,True,390,-10039.120792970716,2.156850911869662,1.8324154086974629,61.06844425201416,vsgb2.1,OPLS4,0.01,0.00751,5,5,True,0.027,re-run from the archived input; reproduces the archived Prime energy and reaction-centre geometry exactly,completed,-8.1974981833042,-8.1980981833042,-7.34040844714416,0.5*(enrichment_DockingScore + postreaction_DockingScore),-7.34040844714416,FP2_SANC01049_00_glidegrid-out.zip,ee87166affc2aea87f970b17a292032696328d0b399e0e66b6af939004ed3b42,ca6fd0e26c41b84723afbe7703191f546601c3e8a519cb9988d5570901b5399d,XP,optandscore,OPLS4,215.61896538734436,"covalent_docking.exe FP2_rec.mae SANC01049.maegz A:42 -rxn_type ""Michael Addition"" -mode enrichment -jobname FP2_SANC01049 -HOST localhost:1 -WAIT"
FP2,SANC01067,Michael Addition,42,3748,20,FP2_SANC01067-out.maegz,1,-5.05201689151343,-5.05201689151343,1,0.0493769766544362,2.0563557616030352,completed,True,406,-9874.789977262593,2.0563557616030352,1.8365539588536464,111.9520308971405,vsgb2.1,OPLS4,0.01,0.0078,4,5,True,0.004,archived job log,completed,-8.76588847218242,-8.76588847218242,-6.908952681847925,0.5*(enrichment_DockingScore + postreaction_DockingScore),-6.908952681847925,FP2_SANC01067_00_glidegrid-out.zip,ef1ba951eed1708192372e39d967cd74d0bb3fafa1f7a04725d4a944023a4a63,b3a7453ec1031334d4795dcc6b4e0c3d44ec8eeaa84e2f2b801117d94f88caa1,XP,optandscore,OPLS4,214.55341863632202,"covalent_docking.exe FP2_rec.mae SANC01067.maegz A:42 -rxn_type ""Michael Addition"" -mode enrichment -jobname FP2_SANC01067 -HOST localhost:1 -WAIT"
FP3,SANC00247,Michael Addition,51,3828,20,FP3_SANC00247-out.maegz,4,-4.77105475591509,-4.77255475591509,1,0.038081084979053,2.401989048408631,completed,True,291,-10341.423066410973,2.401989048408631,1.8425002427604114,92.498770236969,vsgb2.1,OPLS4,0.01,0.00347,3,5,True,0.001,archived job log,completed,-3.17009952385831,-3.17159952385831,-3.9705771398867,0.5*(enrichment_DockingScore + postreaction_DockingScore),-3.9705771398867,FP3_SANC00247_00_glidegrid-out.zip,617068f100143b03c68b2fa9a429127f425fb04267fcf66fe57354dcfce0f870,07205baf6ff065203c60495de4fdb3c52058791657a6dd4f908794832eecb2e5,XP,optandscore,OPLS4,111.2694799900055,"covalent_docking.exe FP3_rec.maegz SANC00247.maegz A:51 -rxn_type ""Michael Addition"" -mode enrichment -jobname FP3_SANC00247 -HOST localhost:1 -WAIT"
FP3,SANC00248,Michael Addition,51,3828,27,FP3_SANC00248-out.maegz,7,-4.46520508971751,-4.46520508971751,1,0.0417117965101626,2.453619862058912,completed,True,322,-10355.881729197801,2.453619862058912,1.8286946410069156,37.438377141952515,vsgb2.1,OPLS4,0.01,0.00414,2,5,True,0.052,re-run from the archived input; reproduces the archived Prime energy and reaction-centre geometry exactly,completed,-2.56760292523426,-2.56760292523426,-3.516404007475885,0.5*(enrichment_DockingScore + postreaction_DockingScore),-3.516404007475885,FP3_SANC00248_00_glidegrid-out.zip,fd53c81de79708e40ab4188f0349b838b1762daf6e104e708037ebde9e006556,f864b2de082aafd0f3a7f60a009032530228cc285f89f84b3250428a0c2f5805,XP,optandscore,OPLS4,114.21561622619629,"covalent_docking.exe FP3_rec.maegz SANC00248.maegz A:51 -rxn_type ""Michael Addition"" -mode enrichment -jobname FP3_SANC00248 -HOST localhost:1 -WAIT"
FP3,SANC00251,Michael Addition,51,3802,3,FP3_SANC00251-out.maegz,1,-5.3763776924371,-5.3763776924371,1,0.0495669369872534,2.3269535265711685,completed,True,224,-10222.700563793194,2.3269535265711685,1.822811924809211,107.29549431800842,vsgb2.1,OPLS4,0.01,0.0059,3,5,True,0.002,archived job log,completed,-4.95116837005348,-4.95116837005348,-5.16377303124529,0.5*(enrichment_DockingScore + postreaction_DockingScore),-5.16377303124529,FP3_SANC00251_00_glidegrid-out.zip,58cb1d1e190b15229607e37ed3a7efed1be19a87410adae13c76c90ee0b887c3,f3ed8126cc3aa63f4d804a7ac47c9c5bf34b5496c3f2dce320860fafd5e9a39a,XP,optandscore,OPLS4,50.32396912574768,"covalent_docking.exe FP3_rec.maegz SANC00251.maegz A:51 -rxn_type ""Michael Addition"" -mode enrichment -jobname FP3_SANC00251 -HOST localhost:1 -WAIT"
FP3,SANC00370,Michael Addition,51,3841,30,FP3_SANC00370-out.maegz,1,-6.8870565199364,-6.8870565199364,1,0.0483023938719971,2.0342228010916115,completed,True,370,-10299.12966168518,2.0342228010916115,1.810648569083447,99.57997727394104,vsgb2.1,OPLS4,0.01,0.00826,2,5,True,0.087,archived job log,completed,-7.86650376019792,-7.86650376019792,-7.37678014006716,0.5*(enrichment_DockingScore + postreaction_DockingScore),-7.37678014006716,FP3_SANC00370_00_glidegrid-out.zip,965fd800ac65c61f933e446849d65c50a8d1b5d266481c8c280b6db5838c78d1,b842cdf2132b0154d3fd639248c30dbe0c757119281042dc2eb13548ef35b85e,XP,optandscore,OPLS4,235.96145796775818,"covalent_docking.exe FP3_rec.maegz SANC00370.maegz A:51 -rxn_type ""Michael Addition"" -mode enrichment -jobname FP3_SANC00370 -HOST localhost:1 -WAIT"
FP3,SANC00412,Michael Addition,51,3828,24,FP3_SANC00412-out.maegz,1,-6.06395028451056,-6.06935028451056,1,0.0433672844326047,2.082512738394654,completed,True,363,-10537.746077545202,2.082512738394654,1.83848555451778,36.521075963974,vsgb2.1,OPLS4,0.01,0.00239,3,5,True,0.002,re-run from the archived input; reproduces the archived Prime energy and reaction-centre geometry exactly,completed,-6.87130586224882,-6.87670586224882,-6.46762807337969,0.5*(enrichment_DockingScore + postreaction_DockingScore),-6.46762807337969,FP3_SANC00412_00_glidegrid-out.zip,076626c13f820791ec5a1bed71e187ae1c47dc98d428202360ae4b297f0708c3,6a8d24a1f5feeab3388cc31485b44104d0817dc6db5cacfea6fa578f9604404c,XP,optandscore,OPLS4,161.81753182411194,"covalent_docking.exe FP3_rec.maegz SANC00412.maegz A:51 -rxn_type ""Michael Addition"" -mode enrichment -jobname FP3_SANC00412 -HOST localhost:1 -WAIT"
FP3,SANC00548,Michael Addition,51,3864,35,FP3_SANC00548-out.maegz,1,-5.77896351614069,-5.77896351614069,1,0.0464702149170575,2.3548060149169405,completed,True,392,-10250.597440772095,2.3548060149169405,1.8490355956950562,131.15184092521667,vsgb2.1,OPLS4,0.01,0.00809,3,5,True,0.005,archived job log,completed,-6.93738823890977,-6.93738823890977,-6.35817587752523,0.5*(enrichment_DockingScore + postreaction_DockingScore),-6.35817587752523,FP3_SANC00548_00_glidegrid-out.zip,bf87119a0a588fc6efa3272d6e8a7daac02b20f942a9e45de489f9656b834627,12dc6a1da9b01edf2da346eca37fd2fb731f43f3b0b30043e69f8183d5002379,XP,optandscore,OPLS4,173.4701008796692,"covalent_docking.exe FP3_rec.maegz SANC00548.maegz A:51 -rxn_type ""Michael Addition"" -mode enrichment -jobname FP3_SANC00548 -HOST localhost:1 -WAIT"
FP3,SANC00711,Michael Addition,51,3828,30,FP3_SANC00711-out.maegz,1,-4.84028981742536,-4.84028981742536,1,0.0280067165403584,2.167895852670743,completed,True,310,-10514.283095391638,2.167895852670743,1.834035383827427,107.44580745697021,vsgb2.1,OPLS4,0.01,0.00575,3,5,True,0.001,archived job log,completed,-5.63530938272109,-5.63530938272109,-5.237799600073225,0.5*(enrichment_DockingScore + postreaction_DockingScore),-5.237799600073225,FP3_SANC00711_00_glidegrid-out.zip,696a7e04387e39a2c929c382fad0fa400d7648b38d8516bcb80bec4b66bfde0b,997349e7a95f008b7b340fb47ee952c7dc3c3acf418ca1f5e995604f0e8b5009,XP,optandscore,OPLS4,117.85672354698181,"covalent_docking.exe FP3_rec.maegz SANC00711.maegz A:51 -rxn_type ""Michael Addition"" -mode enrichment -jobname FP3_SANC00711 -HOST localhost:1 -WAIT"
FP3,SANC00716,Michael Addition,51,3817,6,FP3_SANC00716-out.maegz,4,-5.32775591812456,-5.32775591812456,1,0.0416569656322104,2.7693851138758223,completed,True,335,-10328.724992477968,2.7693851138758223,1.8448554397083563,31.907230854034424,vsgb2.1,OPLS4,0.01,0.00878,2,5,True,0.073,re-run from the archived input; reproduces the archived Prime energy and reaction-centre geometry exactly,completed,-2.87225316648972,-2.87225316648972,-4.10000454230714,0.5*(enrichment_DockingScore + postreaction_DockingScore),-4.10000454230714,FP3_SANC00716_00_glidegrid-out.zip,8c9c1e2c9efae3b1a54ad259cd42b17a8f9e8449ef22168f29b4145cd2613cfe,bda6e3bf8a53a01f043529be5ea950f65d2d3ab88af999e032b522bcc304c490,XP,optandscore,OPLS4,86.12665629386902,"covalent_docking.exe FP3_rec.maegz SANC00716.maegz A:51 -rxn_type ""Michael Addition"" -mode enrichment -jobname FP3_SANC00716 -HOST localhost:1 -WAIT"
FP3,SANC00724,Michael Addition,51,3817,6,FP3_SANC00724-out.maegz,7,-5.22865928164695,-5.22865928164695,1,0.0442797679793163,2.342226930654031,completed,True,329,-10345.620424774024,2.342226930654031,1.858555124852839,105.95141291618347,vsgb2.1,OPLS4,0.01,0.00235,3,5,True,0.001,archived job log,completed,-4.99833771937792,-4.99833771937792,-5.113498500512435,0.5*(enrichment_DockingScore + postreaction_DockingScore),-5.113498500512435,FP3_SANC00724_00_glidegrid-out.zip,f7456c5e56ddc5ad8d81ed57d28ea8ddfb4095be5369b1290b27f92af145f9c5,71b58daa1f7abc778f8f9ab1e2bb55544e2310ab525fa79624dafea81ae18028,XP,optandscore,OPLS4,74.88998222351074,"covalent_docking.exe FP3_rec.maegz SANC00724.maegz A:51 -rxn_type ""Michael Addition"" -mode enrichment -jobname FP3_SANC00724 -HOST localhost:1 -WAIT"
FP3,SANC00853,Michael Addition,51,3802,4,FP3_SANC00853-out.maegz,1,-5.01726794107041,-5.01726794107041,1,0.0487345214060108,1.9902202257330726,completed,True,273,-10348.924131813521,1.9902202257330726,1.8473529111066036,93.17413759231567,vsgb2.1,OPLS4,0.01,0.00191,2,5,True,0.054,archived job log,completed,-3.40389227461303,-3.40389227461303,-4.21058010784172,0.5*(enrichment_DockingScore + postreaction_DockingScore),-4.21058010784172,FP3_SANC00853_00_glidegrid-out.zip,ee7e3534681344682e805db625e210476e9094657441942b810527a1c3125ec7,b2b4a498dde1696de2fadb5f69893ea1e0f38a998cfb915970fda0a56a991ccd,XP,optandscore,OPLS4,135.7500593662262,"covalent_docking.exe FP3_rec.maegz SANC00853.maegz A:51 -rxn_type ""Michael Addition"" -mode enrichment -jobname FP3_SANC00853 -HOST localhost:1 -WAIT"
FP3,SANC00867,Michael Addition,51,3830,4,FP3_SANC00867-out.maegz,1,-6.3910905472545,-6.4196905472545,1,0.0353643348443599,1.8961685602042324,completed,True,301,-10523.073646712191,1.8961685602042324,1.8334817396684515,35.80644464492798,vsgb2.1,OPLS4,0.01,0.00262,3,5,True,0.0,re-run from the archived input; reproduces the archived Prime energy and reaction-centre geometry exactly,completed,-8.98585738256101,-9.01445738256101,-7.688473964907755,0.5*(enrichment_DockingScore + postreaction_DockingScore),-7.688473964907755,FP3_SANC00867_00_glidegrid-out.zip,3e982e1c9fae2ac2c1707da4bd08d82b66c3603c3883c3e805938061e7f36df5,1d080cab5fdc91e157f03351ddff4c3c08744100775c63dc2ae9d08652ce0a46,XP,optandscore,OPLS4,173.67029905319214,"covalent_docking.exe FP3_rec.maegz SANC00867.maegz A:51 -rxn_type ""Michael Addition"" -mode enrichment -jobname FP3_SANC00867 -HOST localhost:1 -WAIT"
FP3,SANC00893,Michael Addition,51,3831,33,FP3_SANC00893-out.maegz,1,-4.54722239578644,-4.54782239578644,1,0.0492764517411632,2.21544802540186,completed,True,298,-10510.3902949714,2.21544802540186,1.8213326010816118,132.1571340560913,vsgb2.1,OPLS4,0.01,0.00349,4,5,True,0.012,archived job log,completed,-6.18520038424632,-6.18580038424632,-5.36621139001638,0.5*(enrichment_DockingScore + postreaction_DockingScore),-5.36621139001638,FP3_SANC00893_00_glidegrid-out.zip,3429d7d48799462604ee303ac1b43d45d0b75d3d392c392c5b4905d0f1041478,5372bb982927d817613e756a3a1de1caed6b283db20bbf5ea551a9afef1e7eb5,XP,optandscore,OPLS4,138.78127193450928,"covalent_docking.exe FP3_rec.maegz SANC00893.maegz A:51 -rxn_type ""Michael Addition"" -mode enrichment -jobname FP3_SANC00893 -HOST localhost:1 -WAIT"
FP3,SANC00964,Michael Addition,51,3848,41,FP3_SANC00964-out.maegz,1,-5.06374011232465,-5.06374011232465,1,0.0376609304804423,1.9416346298214822,completed,True,347,-10436.028210161123,1.9416346298214822,1.8334387043774623,139.50067520141602,vsgb2.1,OPLS4,0.01,0.00911,3,5,True,0.004,archived job log,completed,-8.14704668427514,-8.14704668427514,-6.605393398299895,0.5*(enrichment_DockingScore + postreaction_DockingScore),-6.605393398299895,FP3_SANC00964_00_glidegrid-out.zip,bb67b7d47aa4438ea455721db29860fe3d6ed249a1f6d62e6c082c2f350d544a,f05e51149e427f31488a7ff2f77ab8388459fcacb9a03ae368e1cc17ad7c0a6b,XP,optandscore,OPLS4,228.7865035533905,"covalent_docking.exe FP3_rec.maegz SANC00964.maegz A:51 -rxn_type ""Michael Addition"" -mode enrichment -jobname FP3_SANC00964 -HOST localhost:1 -WAIT"
FP3,SANC01026,Michael Addition,51,3790,6,FP3_SANC01026-out.maegz,1,-4.50097226485225,-4.50097226485225,1,0.0415656791321369,2.4734927226220016,completed,True,245,-10283.725366791923,2.4734927226220016,1.8466417122567231,30.429697513580322,vsgb2.1,OPLS4,0.01,0.00496,2,5,True,0.069,re-run from the archived input; reproduces the archived Prime energy and reaction-centre geometry exactly,completed,-3.25646850797866,-3.25646850797866,-3.878720386415455,0.5*(enrichment_DockingScore + postreaction_DockingScore),-3.878720386415455,FP3_SANC01026_00_glidegrid-out.zip,f1b4651f3bed2d9bfd360d8203515c2cc144f0b78bff537b9eeb70ac5a5ef27e,8fb3a5bd8d19e3e0baa6ae9a6e27b306bc6cdf1bf27405d793f5b140e684f378,XP,optandscore,OPLS4,42.17768383026123,"covalent_docking.exe FP3_rec.maegz SANC01026.maegz A:51 -rxn_type ""Michael Addition"" -mode enrichment -jobname FP3_SANC01026 -HOST localhost:1 -WAIT"
FP3,SANC01049,Michael Addition,51,3849,41,FP3_SANC01049-out.maegz,1,-6.39888292404938,-6.39948292404938,1,0.0417911245928033,2.075323118310497,completed,True,336,-10443.625591023272,2.075323118310497,1.830613340344907,158.16908383369446,vsgb2.1,OPLS4,0.01,0.00676,2,5,True,0.0,archived job log,completed,-9.61933013360035,-9.61993013360035,-8.009106528824866,0.5*(enrichment_DockingScore + postreaction_DockingScore),-8.009106528824866,FP3_SANC01049_00_glidegrid-out.zip,48f4f72d3c350a4def763ae236e56468adbeb61f05dac90b764ea4c3b40f08fe,58bfa96f9d6db3f9ce944f311b015834877a32d0b3eeac7121e4f241ff035519,XP,optandscore,OPLS4,230.90999603271484,"covalent_docking.exe FP3_rec.maegz SANC01049.maegz A:51 -rxn_type ""Michael Addition"" -mode enrichment -jobname FP3_SANC01049 -HOST localhost:1 -WAIT"
FP3,SANC01067,Michael Addition,51,3847,20,FP3_SANC01067-out.maegz,1,-6.77056173072445,-6.77056173072445,1,0.0452733230166808,2.14626987612602,completed,True,412,-10288.464209541382,2.14626987612602,1.8146573281699927,102.58421397209167,vsgb2.1,OPLS4,0.01,0.00731,2,5,True,0.071,archived job log,completed,-7.98051191441244,-7.98051191441244,-7.375536822568445,0.5*(enrichment_DockingScore + postreaction_DockingScore),-7.375536822568445,FP3_SANC01067_00_glidegrid-out.zip,fac5f895a4aa5e3558fc8de678752522825a87d5533b9d1e919205b51cb615da,1250f6b2048120e4f3635257b177152683611293e0288a746b279d94d9fdae0c,XP,optandscore,OPLS4,217.26233196258545,"covalent_docking.exe FP3_rec.maegz SANC01067.maegz A:51 -rxn_type ""Michael Addition"" -mode enrichment -jobname FP3_SANC01067 -HOST localhost:1 -WAIT"
