rank,SANC_id,CovDock_FP2,CovDock_FP3,mean,mode
1,SANC00867,-7.4,-6.39,-6.89,enrichment
2,SANC00853,-7.87,-5.02,-6.45,enrichment
3,SANC01049,-6.48,-6.4,-6.44,enrichment
4,SANC00370,-5.59,-6.89,-6.24,enrichment
5,SANC01067,-5.05,-6.77,-5.91,enrichment
6,SANC00412,-5.62,-6.06,-5.84,enrichment
7,SANC00548,-5.28,-5.78,-5.53,enrichment
8,SANC00964,-5.88,-5.06,-5.47,enrichment
9,SANC00251,-5.28,-5.38,-5.33,enrichment
10,SANC00247,-5.53,-4.77,-5.15,enrichment
11,SANC00716,-4.97,-5.33,-5.15,enrichment
12,SANC00711,-5.18,-4.84,-5.01,enrichment
13,SANC01026,-5.22,-4.5,-4.86,enrichment
14,SANC00724,-4.44,-5.23,-4.84,enrichment
15,SANC00893,-5.04,-4.55,-4.79,enrichment
16,SANC00248,-4.58,-4.47,-4.53,enrichment
