compound,standardized_DockingScore,alternative_DockingScore,change,standardized_state,alternative_state,state_changes
SANC00962,-4.6094,1.7895,6.3989,SANC00962_minRM1.pdb-1,SANC00962_minRM1.pdb-1,False
SANC00365,-3.596,2.3266,5.9226,SANC00365_minRM1.pdb-1,SANC00365_minRM1.pdb-1,False
SANC00364,1.8887,-3.3195,-5.2082,SANC00364_minRM1.pdb-1,SANC00364_minRM1.pdb-1,False
SANC00811,1.0859,-3.5901,-4.676,SANC00811_minRM1.pdb-1,SANC00811_minRM1.pdb-1,False
SANC00808,-3.8298,0.7612,4.591,SANC00808_minRM1.pdb-1,SANC00808_minRM1.pdb-1,False
SANC00616,-0.3349,-4.4659,-4.131,SANC00616_minRM1.pdb-1,SANC00616_minRM1.pdb-1,False
SANC00809,0.5302,-3.5794,-4.1096,SANC00809_minRM1.pdb-1,SANC00809_minRM1.pdb-1,False
SANC00430,1.3631,4.1539,2.7908,SANC00430_minRM1.pdb-1,SANC00430_minRM1.pdb-1,False
SANC00434,-3.7624,-6.2176,-2.4552,SANC00434_minRM1.pdb-2,SANC00434_minRM1.pdb-1,True
SANC01001,-5.9483,-3.5838,2.3645,SANC01001_minRM1.pdb-1,SANC01001_minRM1.pdb-1,False
SANC00548,-6.8819,-4.6153,2.2666,SANC00548_minRM1.pdb-1,SANC00548_minRM1.pdb-1,False
SANC00518,-4.0713,-1.8242,2.2471,SANC00518_minRM1.pdb-1,SANC00518_minRM1.pdb-1,False
SANC00378,-3.3108,-1.1722,2.1386,SANC00378_minRM1.pdb-1,SANC00378_minRM1.pdb-2,True
SANC00109,-4.8529,-2.7586,2.0944,SANC00109_minRM1.pdb-1,SANC00109_minRM1.pdb-1,False
SANC01049,-9.7703,-7.8414,1.9288,SANC01049_minRM1.pdb-1,SANC01049_minRM1.pdb-1,False
SANC00603,-0.9499,-2.8277,-1.8778,SANC00603_minRM1.pdb-1,SANC00603_minRM1.pdb-1,False
SANC00578,-5.9471,-4.2224,1.7248,SANC00578_minRM1.pdb-1,SANC00578_minRM1.pdb-1,False
SANC01082,-2.5314,-0.8443,1.6872,SANC01082_minRM1.pdb-1,SANC01082_minRM1.pdb-1,False
SANC00412,-6.5455,-4.8863,1.6592,SANC00412_minRM1.pdb-1,SANC00412_minRM1.pdb-1,False
SANC00787,-4.0336,-5.6307,-1.5971,SANC00787_minRM1.pdb-1,SANC00787_minRM1.pdb-1,False
SANC00581,-4.543,-2.9849,1.5581,SANC00581_minRM1.pdb-2,SANC00581_minRM1.pdb-1,True
SANC00867,-6.6934,-8.2393,-1.5459,SANC00867_minRM1.pdb-1,SANC00867_minRM1.pdb-1,False
SANC00151,-3.9343,-2.3896,1.5447,SANC00151_minRM1.pdb-1,SANC00151_minRM1.pdb-1,False
SANC00373,-5.2375,-3.7752,1.4623,SANC00373_minRM1.pdb-1,SANC00373_minRM1.pdb-1,False
SANC00367,-5.7078,-4.2812,1.4266,SANC00367_minRM1.pdb-1,SANC00367_minRM1.pdb-1,False
SANC00893,-5.7187,-7.1253,-1.4067,SANC00893_minRM1.pdb-1,SANC00893_minRM1.pdb-1,False
SANC00658,-5.4957,-4.1175,1.3782,SANC00658_minRM1.pdb-1,SANC00658_minRM1.pdb-1,False
SANC01067,-8.1231,-6.7597,1.3635,SANC01067_minRM1.pdb-1,SANC01067_minRM1.pdb-1,False
SANC00519,-6.1179,-4.7734,1.3446,SANC00519_minRM1.pdb-1,SANC00519_minRM1.pdb-1,False
SANC00239,-4.8651,-3.5243,1.3408,SANC00239_minRM1.pdb-1,SANC00239_minRM1.pdb-1,False
SANC00964,-8.0579,-6.7385,1.3193,SANC00964_minRM1.pdb-1,SANC00964_minRM1.pdb-1,False
SANC00255,-2.6016,-3.8533,-1.2517,SANC00255_minRM1.pdb-1,SANC00255_minRM1.pdb-1,False
SANC00118,-4.8235,-3.6915,1.132,SANC00118_minRM1.pdb-2,SANC00118_minRM1.pdb-1,True
SANC00116,-0.7505,0.3707,1.1212,SANC00116_minRM1.pdb-1,SANC00116_minRM1.pdb-1,False
SANC00736,-5.9995,-4.8941,1.1054,SANC00736_minRM1.pdb-1,SANC00736_minRM1.pdb-1,False
SANC00299,0.6682,1.7708,1.1026,SANC00299_minRM1.pdb-1,SANC00299_minRM1.pdb-1,False
SANC00582,-4.6896,-3.6468,1.0428,SANC00582_minRM1.pdb-2,SANC00582_minRM1.pdb-1,True
SANC00371,-4.226,-3.1894,1.0366,SANC00371_minRM1.pdb-1,SANC00371_minRM1.pdb-1,False
SANC00662,-4.6297,-3.6019,1.0278,SANC00662_minRM1.pdb-1,SANC00662_minRM1.pdb-1,False
SANC00152,-4.2536,-3.2832,0.9704,SANC00152_minRM1.pdb-1,SANC00152_minRM1.pdb-1,False
SANC01040,-3.1238,-4.0859,-0.9621,SANC01040_minRM1.pdb-1,SANC01040_minRM1.pdb-1,False
SANC00377,-3.0767,-4.0319,-0.9552,SANC00377_minRM1.pdb-2,SANC00377_minRM1.pdb-1,True
SANC00233,-4.3659,-3.4137,0.9522,SANC00233_minRM1.pdb-1,SANC00233_minRM1.pdb-1,False
SANC00436,-4.5996,-5.5506,-0.951,SANC00436_minRM1.pdb-2,SANC00436_minRM1.pdb-2,False
SANC00711,-6.3076,-5.3594,0.9482,SANC00711_minRM1.pdb-1,SANC00711_minRM1.pdb-1,False
SANC00108,-4.233,-3.2888,0.9442,SANC00108_minRM1.pdb-1,SANC00108_minRM1.pdb-1,False
SANC00285,-3.118,-4.0523,-0.9342,SANC00285_minRM1.pdb-1,SANC00285_minRM1.pdb-1,False
SANC00659,-0.7253,0.2069,0.9322,SANC00659_minRM1.pdb-1,SANC00659_minRM1.pdb-1,False
SANC00146,-4.4973,-3.6,0.8972,SANC00146_minRM1.pdb-1,SANC00146_minRM1.pdb-1,False
SANC01026,-4.897,-4.006,0.891,SANC01026_minRM1.pdb-1,SANC01026_minRM1.pdb-1,False
SANC00891,-5.7683,-4.9165,0.8518,SANC00891_minRM1.pdb-1,SANC00891_minRM1.pdb-1,False
SANC00241,-4.8596,-4.034,0.8256,SANC00241_minRM1.pdb-1,SANC00241_minRM1.pdb-1,False
SANC00353,-4.238,-3.4292,0.8087,SANC00353_minRM1.pdb-1,SANC00353_minRM1.pdb-1,False
SANC00871,-4.293,-3.4869,0.806,SANC00871_minRM1.pdb-1,SANC00871_minRM1.pdb-1,False
SANC00995,-1.7226,-2.5104,-0.7878,SANC00995_minRM1.pdb-1,SANC00995_minRM1.pdb-1,False
SANC00200,-4.1574,-4.9391,-0.7817,SANC00200_minRM1.pdb-1,SANC00200_minRM1.pdb-1,False
SANC00354,-4.2653,-3.4903,0.775,SANC00354_minRM1.pdb-1,SANC00354_minRM1.pdb-1,False
SANC01112,-5.7049,-4.9486,0.7564,SANC01112_minRM1.pdb-1,SANC01112_minRM1.pdb-1,False
SANC00187,-3.5219,-2.771,0.7509,SANC00187_minRM1.pdb-1,SANC00187_minRM1.pdb-1,False
SANC00699,-5.131,-4.3833,0.7477,SANC00699_minRM1.pdb-1,SANC00699_minRM1.pdb-1,False
SANC00560,-5.0412,-4.2963,0.745,SANC00560_minRM1.pdb-1,SANC00560_minRM1.pdb-1,False
SANC00621,-4.4038,-3.6612,0.7426,SANC00621_minRM1.pdb-2,SANC00621_minRM1.pdb-1,True
SANC00542,-4.2088,-3.5015,0.7073,SANC00542_minRM1.pdb-1,SANC00542_minRM1.pdb-1,False
SANC00657,-4.6034,-5.2924,-0.689,SANC00657_minRM1.pdb-1,SANC00657_minRM1.pdb-1,False
SANC00701,-3.0037,-2.3555,0.6482,SANC00701_minRM1.pdb-1,SANC00701_minRM1.pdb-1,False
SANC00251,-6.9077,-6.2731,0.6347,SANC00251_minRM1.pdb-1,SANC00251_minRM1.pdb-1,False
SANC01055,-3.6312,-3.0032,0.628,SANC01055_minRM1.pdb-1,SANC01055_minRM1.pdb-1,False
SANC00521,-5.1515,-4.5284,0.6231,SANC00521_minRM1.pdb-1,SANC00521_minRM1.pdb-1,False
SANC00433,-3.3584,-2.7401,0.6183,SANC00433_minRM1.pdb-1,SANC00433_minRM1.pdb-1,False
SANC00111,-4.6288,-4.0164,0.6125,SANC00111_minRM1.pdb-1,SANC00111_minRM1.pdb-1,False
SANC00930,-3.0106,-2.3986,0.612,SANC00930_minRM1.pdb-1,SANC00930_minRM1.pdb-1,False
SANC00201,-3.5433,-4.1513,-0.608,SANC00201_minRM1.pdb-1,SANC00201_minRM1.pdb-1,False
SANC00724,-3.5263,-4.1277,-0.6014,SANC00724_minRM1.pdb-1,SANC00724_minRM1.pdb-1,False
SANC00796,-4.0468,-3.4475,0.5993,SANC00796_minRM1.pdb-1,SANC00796_minRM1.pdb-1,False
SANC00716,-4.714,-4.1178,0.5962,SANC00716_minRM1.pdb-1,SANC00716_minRM1.pdb-1,False
SANC00281,-4.1891,-3.604,0.5851,SANC00281_minRM1.pdb-1,SANC00281_minRM1.pdb-1,False
SANC00994,-5.2257,-4.6427,0.583,SANC00994_minRM1.pdb-1,SANC00994_minRM1.pdb-1,False
SANC00530,-4.0582,-3.4813,0.5769,SANC00530_minRM1.pdb-1,SANC00530_minRM1.pdb-1,False
SANC00158,-4.0731,-3.498,0.5751,SANC00158_minRM1.pdb-1,SANC00158_minRM1.pdb-1,False
SANC00706,-4.4746,-3.903,0.5716,SANC00706_minRM1.pdb-1,SANC00706_minRM1.pdb-1,False
SANC00190,-3.7528,-3.1824,0.5705,SANC00190_minRM1.pdb-1,SANC00190_minRM1.pdb-1,False
SANC00928,-3.5377,-2.969,0.5687,SANC00928_minRM1.pdb-1,SANC00928_minRM1.pdb-1,False
SANC00370,-8.5464,-9.0923,-0.5459,SANC00370_minRM1.pdb-1,SANC00370_minRM1.pdb-1,False
SANC00691,-3.8915,-3.357,0.5345,SANC00691_minRM1.pdb-1,SANC00691_minRM1.pdb-1,False
SANC00166,-2.1055,-2.629,-0.5235,SANC00166_minRM1.pdb-1,SANC00166_minRM1.pdb-1,False
SANC00782,-2.7745,-2.2538,0.5208,SANC00782_minRM1.pdb-1,SANC00782_minRM1.pdb-1,False
SANC00292,-5.6995,-5.1846,0.5149,SANC00292_minRM1.pdb-1,SANC00292_minRM1.pdb-1,False
SANC00697,-4.0234,-3.5186,0.5047,SANC00697_minRM1.pdb-1,SANC00697_minRM1.pdb-1,False
SANC00797,-4.3365,-3.8366,0.4998,SANC00797_minRM1.pdb-2,SANC00797_minRM1.pdb-1,True
SANC00459,-3.1951,-2.6957,0.4995,SANC00459_minRM1.pdb-1,SANC00459_minRM1.pdb-1,False
SANC00702,-3.8995,-4.3832,-0.4837,SANC00702_minRM1.pdb-1,SANC00702_minRM1.pdb-1,False
SANC00698,-4.35,-4.8296,-0.4796,SANC00698_minRM1.pdb-1,SANC00698_minRM1.pdb-1,False
SANC00853,-6.7832,-6.3076,0.4756,SANC00853_minRM1.pdb-1,SANC00853_minRM1.pdb-1,False
SANC00953,-3.7515,-3.3071,0.4443,SANC00953_minRM1.pdb-1,SANC00953_minRM1.pdb-1,False
SANC00788,-4.4236,-3.9804,0.4432,SANC00788_minRM1.pdb-1,SANC00788_minRM1.pdb-1,False
SANC00147,-4.4375,-3.9947,0.4428,SANC00147_minRM1.pdb-1,SANC00147_minRM1.pdb-1,False
SANC00720,-3.9531,-3.5229,0.4301,SANC00720_minRM1.pdb-1,SANC00720_minRM1.pdb-1,False
SANC00140,-3.3266,-2.8989,0.4277,SANC00140_minRM1.pdb-1,SANC00140_minRM1.pdb-1,False
SANC00999,-5.1731,-4.7487,0.4244,SANC00999_minRM1.pdb-1,SANC00999_minRM1.pdb-1,False
SANC00561,-4.4962,-4.0771,0.419,SANC00561_minRM1.pdb-1,SANC00561_minRM1.pdb-1,False
SANC01076,-3.3307,-2.9237,0.4071,SANC01076_minRM1.pdb-1,SANC01076_minRM1.pdb-1,False
SANC00379,-4.3046,-3.8981,0.4066,SANC00379_minRM1.pdb-1,SANC00379_minRM1.pdb-1,False
SANC00128,-4.3023,-3.8977,0.4045,SANC00128_minRM1.pdb-1,SANC00128_minRM1.pdb-1,False
SANC00737,-4.6738,-5.0771,-0.4032,SANC00737_minRM1.pdb-1,SANC00737_minRM1.pdb-1,False
SANC00382,-4.0261,-4.4254,-0.3993,SANC00382_minRM1.pdb-1,SANC00382_minRM1.pdb-1,False
SANC00793,-4.0404,-3.6438,0.3966,SANC00793_minRM1.pdb-1,SANC00793_minRM1.pdb-1,False
SANC00625,-3.4605,-3.0674,0.393,SANC00625_minRM1.pdb-2,SANC00625_minRM1.pdb-2,False
SANC00250,-3.7062,-4.0964,-0.3902,SANC00250_minRM1.pdb-1,SANC00250_minRM1.pdb-1,False
SANC01056,-2.9436,-2.571,0.3726,SANC01056_minRM1.pdb-1,SANC01056_minRM1.pdb-1,False
SANC00852,-4.3563,-3.9841,0.3723,SANC00852_minRM1.pdb-1,SANC00852_minRM1.pdb-1,False
SANC00350,-4.5537,-4.1836,0.3701,SANC00350_minRM1.pdb-1,SANC00350_minRM1.pdb-1,False
SANC00258,-4.821,-4.4552,0.3658,SANC00258_minRM1.pdb-1,SANC00258_minRM1.pdb-1,False
SANC00606,-4.8362,-4.4777,0.3586,SANC00606_minRM1.pdb-1,SANC00606_minRM1.pdb-1,False
SANC00623,-3.6302,-3.2769,0.3534,SANC00623_minRM1.pdb-1,SANC00623_minRM1.pdb-1,False
SANC00624,-0.9339,-1.2795,-0.3455,SANC00624_minRM1.pdb-2,SANC00624_minRM1.pdb-2,False
SANC01090,-5.8717,-6.2136,-0.3419,SANC01090_minRM1.pdb-1,SANC01090_minRM1.pdb-1,False
SANC00799,-2.403,-2.0632,0.3398,SANC00799_minRM1.pdb-1,SANC00799_minRM1.pdb-1,False
SANC01126,-4.2915,-3.9525,0.3389,SANC01126_minRM1.pdb-1,SANC01126_minRM1.pdb-1,False
SANC00104,-4.6273,-4.2903,0.337,SANC00104_minRM1.pdb-1,SANC00104_minRM1.pdb-1,False
SANC00431,-4.9123,-4.5795,0.3328,SANC00431_minRM1.pdb-1,SANC00431_minRM1.pdb-1,False
SANC00280,-3.6161,-3.2862,0.3299,SANC00280_minRM1.pdb-1,SANC00280_minRM1.pdb-1,False
SANC00283,-4.0292,-3.7022,0.327,SANC00283_minRM1.pdb-1,SANC00283_minRM1.pdb-1,False
SANC00349,-4.1775,-3.8536,0.3239,SANC00349_minRM1.pdb-1,SANC00349_minRM1.pdb-1,False
SANC00784,-4.1595,-4.479,-0.3196,SANC00784_minRM1.pdb-1,SANC00784_minRM1.pdb-1,False
SANC00771,-4.0748,-4.3936,-0.3188,SANC00771_minRM1.pdb-1,SANC00771_minRM1.pdb-1,False
SANC00612,-4.5922,-4.2743,0.3179,SANC00612_minRM1.pdb-1,SANC00612_minRM1.pdb-1,False
SANC01130,-3.1263,-2.8097,0.3166,SANC01130_minRM1.pdb-1,SANC01130_minRM1.pdb-1,False
SANC00247,-3.1104,-3.4201,-0.3097,SANC00247_minRM1.pdb-1,SANC00247_minRM1.pdb-1,False
SANC00984,-3.95,-4.2565,-0.3065,SANC00984_minRM1.pdb-1,SANC00984_minRM1.pdb-1,False
SANC00308,-4.1762,-3.8816,0.2946,SANC00308_minRM1.pdb-1,SANC00308_minRM1.pdb-1,False
SANC00369,-5.5363,-5.2427,0.2936,SANC00369_minRM1.pdb-1,SANC00369_minRM1.pdb-1,False
SANC00300,-3.9927,-3.6996,0.2931,SANC00300_minRM1.pdb-1,SANC00300_minRM1.pdb-1,False
SANC00131,-3.4128,-3.1385,0.2743,SANC00131_minRM1.pdb-1,SANC00131_minRM1.pdb-1,False
SANC00437,-3.7662,-4.0397,-0.2735,SANC00437_minRM1.pdb-1,SANC00437_minRM1.pdb-1,False
SANC00438,-5.07,-4.8078,0.2622,SANC00438_minRM1.pdb-1,SANC00438_minRM1.pdb-1,False
SANC00538,-3.843,-4.1039,-0.2609,SANC00538_minRM1.pdb-1,SANC00538_minRM1.pdb-1,False
SANC00297,-4.2269,-4.4877,-0.2608,SANC00297_minRM1.pdb-1,SANC00297_minRM1.pdb-1,False
SANC00789,-3.1725,-2.9225,0.2501,SANC00789_minRM1.pdb-1,SANC00789_minRM1.pdb-1,False
SANC00248,-4.8788,-4.629,0.2498,SANC00248_minRM1.pdb-1,SANC00248_minRM1.pdb-1,False
SANC00298,-3.914,-3.6665,0.2474,SANC00298_minRM1.pdb-1,SANC00298_minRM1.pdb-1,False
SANC00253,-5.232,-4.9893,0.2427,SANC00253_minRM1.pdb-1,SANC00253_minRM1.pdb-1,False
SANC00432,-4.0863,-3.8594,0.2269,SANC00432_minRM1.pdb-1,SANC00432_minRM1.pdb-1,False
SANC00314,-5.1008,-4.878,0.2228,SANC00314_minRM1.pdb-1,SANC00314_minRM1.pdb-1,False
SANC00539,-3.6609,-3.4411,0.2197,SANC00539_minRM1.pdb-1,SANC00539_minRM1.pdb-1,False
SANC00522,-4.482,-4.2628,0.2192,SANC00522_minRM1.pdb-1,SANC00522_minRM1.pdb-1,False
SANC01010,-2.8009,-3.0197,-0.2189,SANC01010_minRM1.pdb-1,SANC01010_minRM1.pdb-1,False
SANC01036,-3.5906,-3.8069,-0.2163,SANC01036_minRM1.pdb-1,SANC01036_minRM1.pdb-1,False
SANC00583,-4.7838,-4.5738,0.21,SANC00583_minRM1.pdb-1,SANC00583_minRM1.pdb-1,False
SANC00541,-4.0465,-3.8389,0.2076,SANC00541_minRM1.pdb-1,SANC00541_minRM1.pdb-1,False
SANC00435,-4.8285,-4.6361,0.1924,SANC00435_minRM1.pdb-1,SANC00435_minRM1.pdb-1,False
SANC00523,-5.7024,-5.5101,0.1922,SANC00523_minRM1.pdb-1,SANC00523_minRM1.pdb-1,False
SANC00372,-4.3283,-4.1454,0.1829,SANC00372_minRM1.pdb-1,SANC00372_minRM1.pdb-1,False
SANC00661,-4.9816,-5.1644,-0.1829,SANC00661_minRM1.pdb-1,SANC00661_minRM1.pdb-1,False
SANC00244,-4.8473,-5.0078,-0.1605,SANC00244_minRM1.pdb-1,SANC00244_minRM1.pdb-1,False
SANC01075,-3.3951,-3.2395,0.1555,SANC01075_minRM1.pdb-1,SANC01075_minRM1.pdb-1,False
SANC00622,-4.4058,-4.5525,-0.1467,SANC00622_minRM1.pdb-1,SANC00622_minRM1.pdb-2,True
SANC00341,-4.3841,-4.4982,-0.1142,SANC00341_minRM1.pdb-1,SANC00341_minRM1.pdb-1,False
SANC00119,-2.7738,-2.6685,0.1053,SANC00119_minRM1.pdb-1,SANC00119_minRM1.pdb-1,False
SANC00774,-3.0963,-2.9925,0.1038,SANC00774_minRM1.pdb-1,SANC00774_minRM1.pdb-1,False
SANC00965,-5.8775,-5.7741,0.1035,SANC00965_minRM1.pdb-1,SANC00965_minRM1.pdb-1,False
SANC00536,-2.45,-2.5463,-0.0963,SANC00536_minRM1.pdb-1,SANC00536_minRM1.pdb-1,False
SANC00117,-3.6722,-3.7605,-0.0883,SANC00117_minRM1.pdb-1,SANC00117_minRM1.pdb-1,False
SANC00243,-5.0656,-4.9796,0.086,SANC00243_minRM1.pdb-1,SANC00243_minRM1.pdb-1,False
SANC00660,-4.1965,-4.1269,0.0696,SANC00660_minRM1.pdb-1,SANC00660_minRM1.pdb-1,False
SANC00110,-3.8825,-3.9419,-0.0594,SANC00110_minRM1.pdb-1,SANC00110_minRM1.pdb-1,False
SANC00113,-2.6659,-2.7094,-0.0436,SANC00113_minRM1.pdb-1,SANC00113_minRM1.pdb-1,False
SANC00537,-3.3409,-3.3796,-0.0388,SANC00537_minRM1.pdb-1,SANC00537_minRM1.pdb-1,False
SANC00807,-1.5114,-1.545,-0.0336,SANC00807_minRM1.pdb-1,SANC00807_minRM1.pdb-1,False
SANC00783,-4.9625,-4.931,0.0316,SANC00783_minRM1.pdb-1,SANC00783_minRM1.pdb-1,False
SANC00781,-2.857,-2.827,0.0299,SANC00781_minRM1.pdb-1,SANC00781_minRM1.pdb-1,False
SANC00456,-2.7934,-2.764,0.0294,SANC00456_minRM1.pdb-1,SANC00456_minRM1.pdb-1,False
SANC00810,-3.8613,-3.8342,0.0271,SANC00810_minRM1.pdb-1,SANC00810_minRM1.pdb-1,False
SANC00469,-3.2267,-3.211,0.0157,SANC00469_minRM1.pdb-1,SANC00469_minRM1.pdb-1,False
SANC00282,-3.3315,-3.3283,0.0032,SANC00282_minRM1.pdb-1,SANC00282_minRM1.pdb-1,False
SANC00529,-6.095,-6.0966,-0.0017,SANC00529_minRM1.pdb-1,SANC00529_minRM1.pdb-1,False
