compound,heavy_atoms,MW,cLogP,TPSA,HBD,HBA,rotatable_bonds,formal_charge,SMILES
SANC00104,20,270.284,3.003,66.76,2,4,4,0,COc1cc(O)cc(O)c1C(=O)/C=C/c1ccccc1
SANC00108,17,239.315,0.951,49.77,1,4,3,0,C/C=C(/C)C(=O)O[C@@H]1CCN2CC[C@H](CO)[C@@H]12
SANC00109,17,239.315,0.951,49.77,1,4,3,0,C/C=C(/C)C(=O)OC[C@H]1CCN2CC[C@@H](O)[C@H]12
SANC00110,17,239.315,0.951,49.77,1,4,3,0,C/C=C(/C)C(=O)O[C@@H]1CCN2CC[C@H](CO)[C@H]12
SANC00111,17,239.315,0.951,49.77,1,4,3,0,C/C=C(/C)C(=O)OC[C@@H]1CCN2CC[C@@H](O)[C@@H]12
SANC00113,16,221.3,1.899,29.54,0,3,2,0,C=C1CCN2CC[C@@H](OC(=O)/C(C)=C\C)[C@@H]12
SANC00116,24,337.416,1.44,76.07,1,6,6,0,C/C=C(/C)C(=O)O[C@@H]1CCN2CC[C@H](COC(=O)/C(=C\C)CO)[C@H]12
SANC00117,24,337.416,1.44,76.07,1,6,6,0,C/C=C(/C)C(=O)O[C@@H]1CCN2CC[C@H](COC(=O)/C(=C/C)CO)[C@H]12
SANC00118,25,351.399,0.165,96.3,2,7,1,0,C/C=C1/C[C@@H](C)[C@](O)(CO)C(=O)OCC2=CCN3CC[C@@H](OC1=O)[C@@H]23
SANC00119,26,542.025,3.693,74.32,2,4,0,0,O=C1C(Br)=CC2(C=C1Br)CCNC1=C2C2=NCCc3c(Br)[nH]c(c32)C1=O
SANC00128,15,201.229,0.34,58.69,1,4,0,0,CN1CCC2=CN=C3C(=O)C(N)=CC1=C23
SANC00131,24,335.388,1.886,74.32,2,5,0,0,O=C1C=C[C@@]23C[C@@H](NC4=C2C2=NCCc5c[nH]c(c52)C4=O)SC3=C1
SANC00140,25,416.3,2.483,74.32,2,5,0,0,O=C1C[C@H]2S[C@H]3C[C@]2(C=C1Br)C1=C(N3)C(=O)c2[nH]cc3c2C1=NCC3
SANC00146,22,298.47,5.176,17.07,0,1,1,0,C=C[C@H]1CC[C@H]2[C@@H]3CC[C@H]4CC(=O)C=C[C@]4(C)[C@H]3CC[C@]12C
SANC00147,26,356.506,4.718,43.37,0,3,2,0,C=C[C@H]1[C@@H](OC(C)=O)C[C@H]2[C@@H]3CC[C@H]4CC(=O)C=C[C@]4(C)[C@H]3CC[C@]12C
SANC00151,31,432.513,3.536,99.13,1,7,5,0,C=C1C/C=C\[C@@](C)(OC(C)=O)CC[C@@H]2C(C(=O)/C=C/C(C)(C)O)=CO[C@@H](OC(C)=O)[C@@H]12
SANC00152,30,416.514,4.566,78.9,0,6,5,0,C=C1C/C=C\[C@@](C)(OC(C)=O)CC[C@H]2C(C(=O)CC=C(C)C)=CO[C@@H](OC(C)=O)[C@H]12
SANC00158,26,358.478,4.676,52.6,0,4,4,0,C=C(C)[C@@H](C/C=C1/C(=O)OC[C@H]2C(=C)CC/C=C(/C)CC[C@H]12)OC(C)=O
SANC00166,17,240.387,4.506,37.3,1,1,8,0,CCC[C@H](C)C[C@H](C)C[C@H](C)/C=C(\C)C(=O)O
SANC00187,25,366.929,4.324,54.37,1,3,6,0,C=C(C)[C@@H](C)CC[C@]1(C)[C@@H]2CC=C(C=O)[C@H](C=O)[C@@]2(C)C[C@H](O)[C@@H]1Cl
SANC00190,16,220.356,3.984,17.07,0,1,1,0,C=C1CCC[C@@]2(C)CC[C@@H](C(C)C)[C@H]2C1=O
SANC00200,29,404.415,1.343,116.2,1,8,6,0,C=C(CO)C(=O)O[C@H]1C/C(COC(C)=O)=C\CC/C(C=O)=C\[C@H]2OC(=O)C(=C)[C@H]12
SANC00201,29,404.415,1.055,116.2,1,8,8,0,C=C[C@]1(COC(C)=O)C[C@H](OC(=O)C(=C)CO)[C@H]2C(=C)C(=O)O[C@@H]2[C@H]1C(=C)C=O
SANC00233,31,430.629,5.029,74.6,2,4,8,0,CC(C)CCC[C@@H](C)[C@H]1CC[C@@H](C2=CC(=O)C3=C[C@H](O)CC[C@]3(C)C2=O)[C@]1(C)CCO
SANC00239,14,187.202,0.399,71.24,2,3,0,0,NC1=CC2=NCCc3c[nH]c(c32)C1=O
SANC00241,22,298.294,2.765,75.99,2,5,2,0,COc1ccc(/C=C2\COc3cc(O)cc(O)c3C2=O)cc1
SANC00243,24,328.32,2.774,85.22,2,6,3,0,COc1ccc(/C=C2\COc3c(OC)c(O)cc(O)c3C2=O)cc1
SANC00244,23,314.293,2.471,96.22,3,6,2,0,COc1c(O)cc2c(c1O)C(=O)/C(=C/c1ccc(O)cc1)CO2
SANC00246,48,658.92,8.692,96.36,2,6,11,0,CC(=O)O[C@H]1CC(C)(C)C(=C=C/C(C)=C/C=C/C(C)=C/C=C/C=C(C)/C=C/C=C(\C)C(=O)C[C@@]23O[C@]2(C)C[C@@H](O)CC3(C)C)[C@](C)(O)C1
SANC00247,31,424.581,6.611,71.44,1,3,12,0,CC(C)=CCC/C(=C/CC/C(C)=C/CC/C(C)=C/CC1=CC(=O)C=C(C)C1=O)C(=O)O
SANC00248,30,408.582,6.726,51.21,0,3,12,0,CC(C)=CCC/C(C=O)=C/CC/C(C)=C/CC/C(C)=C/CC1=CC(=O)C=C(C)C1=O
SANC00250,31,426.597,7.159,77.76,3,3,12,0,CC(C)=CCC/C(=C/CC/C(C)=C/CC/C(C)=C/Cc1cc(O)cc(C)c1O)C(=O)O
SANC00251,23,319.317,-1.516,130.3,4,7,2,0,NC1=CC2=NCCc3cn([C@H]4O[C@H](CO)[C@@H](O)[C@H]4O)c(c32)C1=O
SANC00253,23,314.293,2.471,96.22,3,6,2,0,COc1c(O)cc(O)c2c1OC/C(=C/c1ccc(O)cc1)C2=O
SANC00255,14,253.556,3.655,17.07,0,1,5,0,C=C[C@](C)(Cl)[C@H](Cl)/C=C/C(C=O)=C\Cl
SANC00258,21,284.267,2.462,86.99,3,5,1,0,O=C1/C(=C\c2ccc(O)cc2)COc2cc(O)cc(O)c21
SANC00280,24,384.233,2.555,74.32,2,4,0,0,O=C1CC[C@@]2(C=CNC3=C2C2=NCCc4c[nH]c(c42)C3=O)C=C1Br
SANC00281,33,460.567,2.737,110.13,2,7,4,0,CC(=O)OCC1=C[C@H]2[C@@H]3C(C)(C)[C@]3(OC(=O)C(C)C)C[C@@H](C)[C@]2(O)[C@@H]2C=C(C)C(=O)[C@@]2(O)C1
SANC00282,34,474.594,3.127,110.13,2,7,5,0,CC[C@@H](C)C(=O)O[C@@]12C[C@@H](C)[C@@]3(O)[C@@H](C=C(COC(C)=O)C[C@]4(O)C(=O)C(C)=C[C@@H]34)[C@@H]1C2(C)C
SANC00283,40,558.668,3.227,136.43,2,9,7,0,C/C=C(/C)C(=O)OC[C@]1(C)[C@H]2[C@@H]3C=C(COC(C)=O)C[C@]4(O)C(=O)C(C)=C[C@H]4[C@@]3(O)[C@H](C)C[C@]21OC(=O)C(C)C
SANC00285,41,572.695,3.617,136.43,2,9,8,0,C/C=C(/C)C(=O)OC[C@]1(C)[C@H]2[C@@H]3C=C(COC(C)=O)C[C@]4(O)C(=O)C(C)=C[C@H]4[C@@]3(O)[C@H](C)C[C@]21OC(=O)[C@@H](C)CC
SANC00292,44,624.768,2.338,153.37,4,11,4,0,CO[C@H]1[C@H](O[C@@H]2C[C@@H]3C/C=C/C(=O)O[C@@H](CO)C[C@@H](O)[C@H]4C[C@@H](C)[C@@H](C/C=C\C=C\[C@H](C)C[C@H](C2)O3)O4)O[C@@H](C)[C@H](O)[C@H]1O
SANC00297,18,248.322,2.054,54.37,1,3,2,0,C=C1[C@@H](C)CC[C@@]2(C)[C@H]1CC=C(C=O)[C@]2(O)C=O
SANC00298,26,364.394,1.248,94.59,1,7,2,0,C=C(C)C(=O)O[C@H]1C[C@@]23O[C@@H]2CC/C(=C/[C@H]2OC(=O)[C@@H](C)[C@H]12)CO[C@@H]3O
SANC00299,26,360.362,0.85,99.13,1,7,4,0,C=C[C@@]12COC(=O)C(=C)[C@@H]1[C@H]1OC(=O)C(=C)[C@@H]1[C@@H](OC(=O)C(=C)CO)C2
SANC00300,26,362.378,1.169,94.59,1,7,2,0,C=C(C)C(=O)O[C@H]1C[C@@]23O[C@@H]2CC/C(=C/[C@H]2OC(=O)C(=C)[C@H]12)CO[C@@H]3O
SANC00308,24,330.424,2.291,63.6,1,4,0,0,C[C@@H]1C[C@H]2C(C)(C)[C@]23O[C@]2(C)C=C4C(=O)[C@@H](C)C[C@@]4(C1=O)[C@H]3[C@H]2O
SANC00314,27,380.437,0.904,113.29,3,7,1,0,C[C@@H]1C[C@@H](C(C)(C)O)[C@]2(O)OO[C@]3(C)C=C4C(=O)[C@@H](C)C[C@@]4(C1=O)[C@H]2[C@H]3O
SANC00341,28,392.404,0.458,119.36,2,8,6,0,C=C[C@@]12COC(=O)C(=C)[C@@H]1[C@@H](O)[C@H](C(=C)C(=O)OC)[C@@H](OC(=O)C(=C)CO)C2
SANC00349,18,248.278,1.494,63.6,1,4,0,0,CC1=C2C[C@H]3CC=CC(=O)[C@]3(C)C[C@]2(O)OC1=O
SANC00350,22,298.294,2.765,75.99,2,5,2,0,COc1ccc(/C=C2/COc3cc(O)cc(O)c3C2=O)cc1
SANC00353,17,232.279,2.174,43.37,0,3,0,0,CC1=C2C[C@H]3CC=CC(=O)[C@]3(C)C[C@@H]2OC1=O
SANC00354,17,230.263,2.299,43.37,0,3,0,0,CC1=C2C[C@H]3CC=CC(=O)[C@]3(C)C=C2OC1=O
SANC00364,28,390.476,3.042,100.9,2,6,2,0,CC(=O)O[C@H]1C2=C(C(=O)C(O)=C(C(C)C)C2=O)[C@@]2(C)CCCC(C)(C)[C@@H]2[C@@H]1O
SANC00365,27,376.449,2.652,100.9,2,6,3,0,CC(C)C1=C(O)C(=O)C2=C(C1=O)[C@H](OC=O)[C@@H](O)[C@H]1C(C)(C)CCC[C@]21C
SANC00367,32,434.532,5.588,83.83,2,5,3,0,CC(C)C1=CC2=CC=C3C(C)(C)C[C@H](OC(=O)c4ccc(O)cc4)C[C@]3(C)C2=C(O)C1=O
SANC00369,33,450.531,5.293,104.06,3,6,3,0,CC(C)C1=CC2=CC=C3C(C)(C)C[C@H](OC(=O)c4ccc(O)c(O)c4)C[C@]3(C)C2=C(O)C1=O
SANC00370,44,624.592,-1.016,245.29,9,15,10,0,C[C@@H]1O[C@@H](O[C@@H]2[C@@H](O)[C@H](OCCc3ccc(O)c(O)c3)O[C@H](CO)[C@H]2OC(=O)/C=C/c2ccc(O)c(O)c2)[C@H](O)[C@H](O)[C@H]1O
SANC00371,29,396.527,5.536,63.6,1,4,4,0,CC(C)=CC(=O)OC[C@@]1(C)CCC[C@@]2(C)C1=CC=C1C=C(C(C)C)C(=O)C(O)=C12
SANC00372,32,434.532,5.589,83.83,2,5,4,0,CC(C)C1=CC2=CC=C3[C@@](C)(COC(=O)c4ccc(O)cc4)CCC[C@]3(C)C2=C(O)C1=O
SANC00373,33,450.531,5.295,104.06,3,6,4,0,CC(C)C1=CC2=CC=C3[C@@](C)(COC(=O)c4ccc(O)c(O)c4)CCC[C@]3(C)C2=C(O)C1=O
SANC00377,22,297.354,2.266,49.77,1,4,1,0,COc1cc2c3c(c1O)C1(C=CC(=O)C=C1)C[C@@H]3N(C)CC2
SANC00378,23,311.381,2.569,38.77,0,4,2,0,COc1cc2c3c(c1OC)C1(C=CC(=O)C=C1)C[C@H]3N(C)CC2
SANC00379,24,327.38,1.938,59.0,1,5,2,0,COC1=C[C@]23CCN(C)[C@H](Cc4ccc(OC)c(O)c42)C3=CC1=O
SANC00382,21,283.327,1.924,58.56,2,4,1,0,COc1cc2c3c(c1O)C1(C=CC(=O)C=C1)C[C@@H]3NCC2
SANC00412,39,540.521,1.423,183.96,5,11,7,0,CC(=O)Cc1cc(=O)c2c(C)cc(O)c([C@@H]3O[C@@H](COC(=O)/C=C/c4ccc(O)cc4)[C@@H](O)[C@H](O)[C@H]3O)c2o1
SANC00430,30,420.458,1.525,119.36,2,8,5,0,C=C1C(=O)O[C@@H]2/C=C(/C)[C@@H](OC(C)=O)C/C=C(/C)C[C@@H](OC(=O)/C(=C/CO)CO)[C@@H]12
SANC00431,19,264.321,1.492,66.76,2,4,0,0,C=C1C(=O)O[C@H]2/C=C(/C)[C@@H](O)CC/C(C)=C/[C@@H](O)[C@H]12
SANC00432,19,264.321,1.182,66.76,2,4,0,0,C=C1C(=O)O[C@H]2C[C@@]3(C)[C@H](C(=C)CC[C@@H]3O)[C@@H](O)[C@H]12
SANC00433,25,344.451,3.583,52.6,0,4,1,0,C=C1C(=O)[C@@]23CC[C@@H]4[C@@]5(C)CCC[C@@]4(OC5=O)[C@@]2(C)CC[C@]1(OC)C3
SANC00434,28,374.348,3.112,108.74,2,6,1,0,Cc1cc(O)c2c(c1)C(=O)C(c1c(C)cc3c(c1O)C(=O)C=CC3=O)=CC2=O
SANC00435,28,374.348,3.252,108.74,2,6,1,0,Cc1cc2c(c(O)c1-c1c(C)cc(O)c3c1C(=O)C=CC3=O)C(=O)C=CC2=O
SANC00436,28,374.348,3.026,108.74,2,6,1,0,Cc1cc(O)c2c(c1)C(=O)C=C(C1=CC(=O)c3cc(C)cc(O)c3C1=O)C2=O
SANC00437,14,188.182,1.636,54.37,1,3,0,0,Cc1cc(O)c2c(c1)C(=O)C=CC2=O
SANC00438,28,374.348,3.112,108.74,2,6,1,0,Cc1cc(O)c2c(c1)C(=O)C=C(c1c(C)cc(O)c3c1C(=O)C=CC3=O)C2=O
SANC00454,62,879.094,4.694,187.13,3,15,12,0,C/C=C(\C)C(=O)O[C@@H]1C[C@H]2[C@@H](CC=C3C[C@@H](O[C@H]4C[C@H](OC)[C@H](O[C@H]5C[C@H](OC)[C@H](O[C@@H]6O[C@H](C)[C@@H](O)[C@H](OC)[C@H]6O)[C@@H](C)O5)[C@@H](C)O4)CC[C@@]32C)[C@@]2(O)CC[C@H](C(C)=O)[C@@]12C
SANC00455,72,1023.264,5.229,214.82,3,18,15,0,C/C=C(\C)C(=O)O[C@@H]1C[C@H]2[C@@H](CC=C3C[C@@H](O[C@H]4C[C@H](OC)[C@H](O[C@H]5C[C@H](OC)[C@H](O[C@@H]6O[C@H](C)[C@@H](O[C@H]7C[C@H](OC)[C@H](O)[C@@H](C)O7)[C@H](OC)[C@H]6O)[C@@H](C)O5)[C@@H](C)O4)CC[C@@]32C)[C@@]2(O)CC[C@H](C(C)=O)[C@@]12C
SANC00456,31,430.585,4.118,83.83,2,5,3,0,C/C=C(\C)C(=O)O[C@@H]1C[C@@H]2[C@@H]3CC[C@H](O)CC3=CC[C@@]2(C)[C@@]2(O)CC[C@H](C(C)=O)[C@@]12C
SANC00459,41,574.755,4.653,111.52,2,8,6,0,C/C=C(\C)C(=O)O[C@@H]1C[C@H]2[C@@H](CC=C3C[C@@H](O[C@H]4C[C@H](OC)[C@H](O)[C@@H](C)O4)CC[C@@]32C)[C@@]2(O)CC[C@H](C(C)=O)[C@@]12C
SANC00469,12,164.16,1.49,57.53,2,2,2,0,O=C(O)/C=C/c1ccc(O)cc1
SANC00518,44,602.9,10.003,55.76,1,4,5,0,C=C(C)[C@H]1CC[C@]2(C)CC[C@]3(C)[C@H](CC[C@@H]4[C@@]5(C)CC[C@H](OC(=O)/C=C/c6ccc(OC)c(O)c6)C(C)(C)[C@@H]5CC[C@]43C)[C@@H]12
SANC00519,21,286.283,2.708,86.99,3,5,4,0,COc1c(O)ccc(C(=O)/C=C/c2cccc(O)c2)c1O
SANC00521,19,256.257,2.7,77.76,3,4,3,0,O=C(/C=C/c1cccc(O)c1)c1ccc(O)cc1O
SANC00522,18,240.258,2.994,57.53,2,3,3,0,O=C(/C=C/c1ccccc1)c1ccc(O)cc1O
SANC00523,23,314.293,2.471,96.22,3,6,2,0,COc1c(O)cc(O)c2c1OC/C(=C\c1ccc(O)cc1)C2=O
SANC00529,24,330.292,2.176,116.45,4,7,2,0,COc1c(O)c(O)c(O)c2c1OC/C(=C/c1ccc(O)cc1)C2=O
SANC00530,32,438.52,4.062,100.9,2,6,8,0,CO[C@]1(CC=C(C)C)C(=O)[C@@](O)(C(=O)/C=C/c2ccccc2)C(=O)C(CC=C(C)C)=C1O
SANC00536,24,332.484,4.982,35.53,0,3,2,0,CO[C@@]1(C)/C=C/[C@@H](C(C)C)CCC2=C[C@H](C/C(C)=C/CC1)OC2=O
SANC00537,25,348.483,4.097,55.76,1,4,2,0,CO[C@@]1(C)/C=C/[C@@](O)(C(C)C)CCC2=C[C@H](C/C(C)=C/CC1)OC2=O
SANC00538,24,334.456,3.443,66.76,2,4,1,0,C/C1=C\CC[C@@](C)(O)/C=C/[C@@](O)(C(C)C)CCC2=C[C@H](C1)OC2=O
SANC00539,22,298.426,5.197,26.3,0,2,1,0,C=C(C)/C1=C\C=C(\C)CC/C=C(\C)C[C@H]2C=C(CC1)C(=O)O2
SANC00541,24,330.468,4.902,35.53,0,3,2,0,CO[C@@H]1C/C=C(\C)C[C@H]2C=C(CC/C(C(C)C)=C/C=C\1C)C(=O)O2
SANC00542,25,350.455,2.414,86.99,3,5,1,0,C=C1C[C@H]2C=C(CC[C@](O)(C(C)C)/C=C/[C@@](C)(O)CC[C@@H]1O)C(=O)O2
SANC00548,45,634.851,3.114,156.91,6,9,8,0,C[C@H](CC[C@H](O)C(C)(C)O[C@@H]1O[C@H](CO)[C@@H](O)[C@H](O)[C@H]1O)[C@H]1CC[C@@]2(C)[C@@H]3[C@@H](O)C[C@H]4C(C)(C)C=CC(=O)[C@@]45C[C@@]35CC[C@]12C
SANC00560,16,226.228,-0.053,75.99,2,5,2,0,COC(=O)C1=CO[C@@H](O)[C@@H]2C(CO)=CC[C@H]12
SANC00561,19,268.265,0.517,82.06,1,6,3,0,COC(=O)C1=CO[C@@H](O)[C@@H]2C(COC(C)=O)=CC[C@H]12
SANC00578,25,352.471,2.434,87.13,2,5,2,0,CC(C)/C1=C\[C@@H]2O[C@]2(C)CCC[C@@H](CO)C(=O)CC[C@@H](C)[C@H](O)C1=O
SANC00581,49,686.799,3.241,164.87,2,12,9,0,CC(=O)O[C@@H]1[C@H](OC[C@H]2C[C@H]3[C@H](C[C@@H](OC(=O)/C=C/c4cn(C)cn4)[C@@]4(C)C=C[C@]2(O)O4)C(C)=CC[C@H]3C(C)C)OC[C@H](O)[C@@H]1OC(C)=O
SANC00582,49,686.799,3.241,164.87,2,12,9,0,CC(=O)O[C@@H]1[C@H](OC[C@H]2C[C@H]3[C@H](C[C@@H](OC(=O)/C=C/c4cn(C)cn4)[C@@]4(C)C=C[C@]2(O)O4)C(C)=CC[C@@H]3C(C)C)OC[C@H](OC(C)=O)[C@@H]1O
SANC00583,36,498.62,3.816,99.88,1,7,5,0,COC(=O)[C@@H]1C[C@@H]2[C@@H](C(C)C)CC=C(C)[C@@H]2C[C@H](OC(=O)/C=C/c2cn(C)cn2)[C@]2(C)C=C[C@@]1(O)O2
SANC00603,28,383.62,5.865,20.31,0,2,1,0,C/C=C1/C(=O)C[C@@]2(C)[C@@H]3CC[C@H]4C(C)(C)[C@@H](N(C)C)CC[C@@]45C[C@@]35CC[C@]12C
SANC00606,17,234.299,1.26,75.35,3,3,6,0,NCCCCNC(=O)/C=C/c1ccc(O)cc1
SANC00612,21,284.267,2.462,86.99,3,5,1,0,O=C1/C(=C/c2ccc(O)cc2)COc2cc(O)cc(O)c21
SANC00616,62,869.058,4.415,207.74,5,14,13,0,CC(=O)O[C@H]1[C@H](O[C@H]2C[C@H]3[C@@H]4CC=C5C[C@@H](O)CC[C@]5(C)[C@H]4CC[C@]3(C)[C@@]2(O)[C@H](C)C(=O)CCC(C)C)OC[C@H](O)[C@@H]1O[C@@H]1OC[C@@H](O)[C@H](O)[C@H]1OC(=O)/C=C/c1ccccc1
SANC00618,73,1031.199,2.239,286.89,8,19,16,0,CC(=O)O[C@H]1[C@H](O[C@H]2C[C@H]3[C@@H]4CC=C5C[C@@H](O[C@@H]6O[C@H](CO)[C@@H](O)[C@H](O)[C@H]6O)CC[C@]5(C)[C@H]4CC[C@]3(C)[C@@]2(O)[C@H](C)C(=O)CCC(C)C)OC[C@H](O)[C@@H]1O[C@@H]1OC[C@@H](O)[C@H](O)[C@H]1OC(=O)/C=C/c1ccccc1
SANC00621,24,335.4,1.193,76.07,1,6,0,0,C/C=C1/C[C@@H](C)[C@@](C)(O)C(=O)OCC2=CCN3CC[C@@H](OC1=O)[C@@H]23
SANC00622,24,333.384,1.113,76.07,1,6,0,0,C=C1C/C(=C/C)C(=O)O[C@@H]2CCN3CC=C(COC(=O)[C@]1(C)O)[C@H]23
SANC00623,24,333.384,1.113,76.07,1,6,0,0,C=C1C/C(=C\C)C(=O)O[C@@H]2CCN3CC=C(COC(=O)[C@@]1(C)O)[C@H]23
SANC00624,25,353.415,0.244,96.3,2,7,0,0,C/C=C1\C[C@@H](C)[C@@](C)(O)C(=O)OC[C@@H]2[C@@H]3[C@@H](CCN3C[C@H]2O)OC1=O
SANC00625,27,375.421,1.684,82.14,0,7,1,0,C=C1C/C(=C/C)C(=O)O[C@@H]2CCN3CC=C(COC(=O)[C@]1(C)OC(C)=O)[C@H]23
SANC00648,18,248.322,2.213,46.53,1,3,0,0,C=C1[C@@H](C)CC[C@@]2(C)[C@H]1CC=C1C(=O)OC[C@@]12O
SANC00650,17,234.339,3.163,34.14,0,2,2,0,CC1(C)CCC[C@]2(C)[C@@H](C=O)C(C=O)=CC[C@@H]12
SANC00651,18,250.338,2.278,54.37,1,3,2,0,CC1(C)CCC[C@@]2(C)[C@H]1CC=C(C=O)[C@]2(O)C=O
SANC00652,19,266.337,1.249,74.6,2,4,2,0,CC1(C)CCC[C@@]2(C)[C@H]1[C@@H](O)C=C(C=O)[C@]2(O)C=O
SANC00657,20,278.304,0.673,83.83,2,5,2,0,C=C1C(=O)O[C@@H]2/C=C(/CO)CC/C=C(/C=O)C[C@H](O)[C@@H]12
SANC00658,20,280.32,0.753,83.83,2,5,2,0,C[C@@H]1C(=O)O[C@@H]2/C=C(\CO)CC/C=C(/C=O)C[C@H](O)[C@@H]12
SANC00659,25,348.395,2.637,78.9,0,6,4,0,C=C1C(=O)O[C@@H]2/C=C(/COC(C)=O)CC/C=C(/COC(C)=O)CC[C@@H]12
SANC00660,22,306.358,2.066,72.83,1,5,3,0,C=C1C(=O)O[C@@H]2/C=C(/CO)CC/C=C(/COC(C)=O)CC[C@@H]12
SANC00661,22,304.342,2.273,69.67,0,5,3,0,C=C1C(=O)O[C@@H]2/C=C(/COC(C)=O)CC/C=C(/C=O)CC[C@@H]12
SANC00662,19,262.305,1.702,63.6,1,4,2,0,C=C1C(=O)O[C@@H]2/C=C(/CO)CC/C=C(/C=O)CC[C@@H]12
SANC00691,21,284.399,4.49,37.3,1,2,0,0,CC1=C2CC[C@@]34C=C[C@@](C)(CC[C@H]3[C@]2(C)C=C(O)C1=O)C4
SANC00697,24,334.456,3.443,66.76,2,4,1,0,C/C1=C\CC[C@](C)(O)/C=C/[C@@](O)(C(C)C)CCC2=C[C@H](C1)OC2=O
SANC00698,25,350.455,2.414,86.99,3,5,1,0,C=C1C[C@H]2C=C(CC[C@](O)(C(C)C)/C=C/[C@@](C)(O)CC[C@H]1O)C(=O)O2
SANC00699,25,350.455,2.414,86.99,3,5,1,0,CC(C)[C@]1(O)/C=C/[C@](C)(O)C/C=C/[C@](C)(O)C[C@H]2C=C(CC1)C(=O)O2
SANC00701,22,300.442,5.133,26.3,0,2,1,0,CC1=C/C/C=C(\C)C[C@H]2C=C(CC[C@H](C(C)C)/C=C\1)C(=O)O2
SANC00702,23,318.457,4.328,46.53,1,3,1,0,C/C1=C\CC[C@](C)(O)/C=C/[C@@H](C(C)C)CCC2=C[C@H](C1)OC2=O
SANC00706,38,526.722,4.089,103.67,3,4,10,0,CN[C@H](C(=O)N[C@H](C(=O)N(C)[C@H](/C=C(\C)C(=O)O)C(C)C)C(C)(C)C)C(C)(C)c1cn(C)c2ccccc12
SANC00711,39,540.521,1.423,183.96,5,11,7,0,CC(=O)Cc1cc(=O)c2c(C)cc(O)c([C@@H]3O[C@H](CO)[C@@H](O)[C@H](O)[C@H]3OC(=O)/C=C/c3ccc(O)cc3)c2o1
SANC00716,25,342.479,5.079,51.21,0,3,9,0,CC1=CC(=O)C(C/C=C(\C)CC/C=C(\C)CC(=O)CC(C)C)=CC1=O
SANC00720,24,323.396,2.607,73.99,3,2,3,0,C=CC(C)(C)c1[nH]c2ccccc2c1/C=C1\NC(=O)[C@H](C)NC1=O
SANC00724,25,342.479,5.079,51.21,0,3,9,0,CC1=CC(=O)C(C/C=C(\C)CCC/C(C)=C\C(=O)CC(C)C)=CC1=O
SANC00736,28,382.544,7.078,39.44,0,3,11,0,CC1=C/C(=C/[C@H](C)CCC/C(C)=C/CC/C(C)=C/CCc2ccoc2)OC1=O
SANC00737,29,398.543,6.051,59.67,1,4,12,0,C/C(=C/CC/C(C)=C/CCc1ccoc1)CCC[C@@H](C)/C=C1\C=C(CO)C(=O)O1
SANC00771,24,335.4,1.193,76.07,1,6,0,0,C/C=C1\C[C@@H](C)[C@@](C)(O)C(=O)OCC2=CCN3CC[C@@H](OC1=O)[C@@H]23
SANC00774,26,365.426,1.009,93.14,1,7,0,0,C/C=C1\C[C@@H](C)[C@@](C)(O)C(=O)OC/C2=C/CN(C)CC[C@@H](OC1=O)C2=O
SANC00781,27,381.425,0.221,105.67,1,8,0,0,C[C@@H]1C[C@@]2(O[C@H]2C)C(=O)O[C@@H]2CCN(C)C/C=C(/COC(=O)[C@]1(C)O)C2=O
SANC00782,30,423.462,0.792,111.74,0,9,1,0,CC(=O)O[C@@]1(C)C(=O)OC/C2=C/CN(C)CC[C@@H](OC(=O)[C@@]3(C[C@H]1C)O[C@H]3C)C2=O
SANC00783,31,441.477,-0.254,139.67,2,10,2,0,CC(=O)O[C@]1(C)C(=O)OC/C2=C/CN(C)CC[C@H](OC(=O)[C@](O)([C@@H](C)O)C[C@H]1C)C2=O
SANC00784,25,349.383,0.085,96.3,2,7,1,0,C=C1C/C(=C/C)C(=O)O[C@@H]2CCN3CC=C(COC(=O)[C@@]1(O)CO)[C@H]23
SANC00787,28,399.44,-0.825,133.6,3,9,1,0,C[C@@H]1C[C@@](O)([C@H](C)O)C(=O)O[C@@H]2CCN(C)C/C=C(/COC(=O)[C@@]1(C)O)C2=O
SANC00788,31,459.923,0.992,119.44,1,9,2,0,CC(=O)O[C@]1(C)C(=O)OC/C2=C/CN(C)CC[C@@H](OC(=O)[C@](O)([C@H](C)Cl)C[C@@H]1C)C2=O
SANC00789,24,335.4,1.049,76.07,1,6,0,0,C=C1C(=O)O[C@@H]2CCN3CC=C(COC(=O)[C@@](C)(O)[C@@H](C)[C@H]1C)[C@H]23
SANC00793,28,417.886,0.422,113.37,2,8,1,0,C[C@@H]1C[C@@](O)([C@@H](C)Cl)C(=O)O[C@@H]2CCN(C)C/C=C(/COC(=O)[C@@]1(C)O)C2=O
SANC00796,26,367.442,1.089,93.14,1,7,0,0,C/C=C1\C[C@@H](C)[C@@](C)(O)C(=O)OC[C@H]2CCN(C)CC[C@@H](OC1=O)C2=O
SANC00797,25,351.399,0.165,96.3,2,7,1,0,C[C@@H]1C/C(=C\CO)C(=O)O[C@@H]2CCN3CC=C(COC(=O)[C@]1(C)O)[C@H]23
SANC00799,27,375.421,1.684,82.14,0,7,1,0,C=C1C/C(=C/C)C(=O)O[C@@H]2CCN3CC=C(COC(=O)[C@@]1(C)OC(C)=O)[C@H]23
SANC00807,39,538.637,5.1,109.11,0,8,6,0,C=C1C2=CC[C@@H](c3ccoc3)[C@]2(C)[C@@H](OC(C)=O)[C@H](OC(C)=O)[C@@H]1[C@@]1(C)C=CC(=O)C(C)(C)[C@@H]1CC(=O)OC
SANC00808,36,496.6,4.529,103.04,1,7,5,0,C=C1C2=CC[C@@H](c3ccoc3)[C@]2(C)[C@@H](O)[C@H](OC(C)=O)[C@@H]1[C@@]1(C)C=CC(=O)C(C)(C)[C@@H]1CC(=O)OC
SANC00809,41,570.635,3.141,142.5,1,10,6,0,C=C1C2=CC[C@H](C3=C[C@H](O)OC3=O)[C@]2(C)[C@@H](OC(C)=O)[C@H](OC(C)=O)[C@@H]1[C@@]1(C)C=CC(=O)C(C)(C)[C@@H]1CC(=O)OC
SANC00810,41,570.635,3.141,142.5,1,10,6,0,C=C1C2=CC[C@H](C3=CC(=O)O[C@@H]3O)[C@]2(C)[C@@H](OC(C)=O)[C@H](OC(C)=O)[C@@H]1[C@@]1(C)C=CC(=O)C(C)(C)[C@@H]1CC(=O)OC
SANC00811,37,512.599,3.252,116.2,1,8,5,0,C=C1C2=CC[C@H](C3=CCOC3=O)[C@]2(C)[C@@H](O)[C@H](OC(C)=O)[C@@H]1[C@@]1(C)C=CC(=O)C(C)(C)[C@@H]1CC(=O)OC
SANC00852,14,194.186,1.284,66.76,2,4,2,0,COC(=O)/C=C/c1ccc(O)c(O)c1
SANC00853,26,360.318,1.761,144.52,5,7,6,0,O=C(/C=C/c1ccc(O)c(O)c1)O[C@H](Cc1ccc(O)c(O)c1)C(=O)O
SANC00867,43,594.525,1.725,216.58,7,13,7,0,O=C(/C=C/c1ccc(O)cc1)OC[C@H]1O[C@@H](Oc2c(-c3ccc(O)cc3)oc3cc(O)cc(O)c3c2=O)[C@H](O)[C@@H](O)[C@@H]1O
SANC00871,18,248.322,2.211,46.53,1,3,0,0,C=C1C[C@@H](O)C[C@@]2(C)C[C@@H]3OC(=O)C(=C)[C@@H]3C[C@H]12
SANC00891,38,540.518,-0.634,201.67,6,13,9,0,C/C=C1/[C@H](O[C@@H]2O[C@H](CO)[C@@H](O)[C@H](O)[C@H]2O)OC=C(C(=O)OC)[C@H]1CC(=O)OCCc1ccc(O)c(O)c1
SANC00893,40,554.548,1.726,172.96,4,11,8,0,COc1cc(C)c2c(=O)cc(CC(C)=O)oc2c1[C@@H]1O[C@H](CO)[C@@H](O)[C@H](O)[C@H]1OC(=O)/C=C/c1ccc(O)cc1
SANC00928,14,192.302,3.514,17.07,0,1,2,0,CC(=O)/C=C/[C@H]1C(C)=CCCC1(C)C
SANC00930,14,192.302,3.514,17.07,0,1,2,0,C/C=C/C(=O)[C@H]1C(C)=CCCC1(C)C
SANC00953,14,194.186,1.499,66.76,2,3,3,0,COc1cc(/C=C/C(=O)O)ccc1O
SANC00962,22,306.358,1.753,72.83,1,5,1,0,C=C1C(=O)O[C@@H]2[C@H]3C(C)=CC[C@H]3[C@](C)(O)C[C@H](OC(C)=O)[C@@H]12
SANC00964,49,686.663,-0.809,242.88,7,15,10,0,CC(=O)Cc1cc(=O)c2c(C)cc(O[C@@H]3O[C@H](CO)[C@@H](O)[C@H](O)[C@H]3O)c([C@@H]3O[C@H](CO)[C@@H](O)[C@H](O)[C@H]3OC(=O)/C=C/c3ccccc3)c2o1
SANC00965,38,524.522,1.718,163.73,4,10,7,0,CC(=O)Cc1cc(=O)c2c(C)cc(O)c([C@@H]3O[C@H](CO)[C@@H](O)[C@H](O)[C@H]3OC(=O)/C=C/c3ccccc3)c2o1
SANC00984,13,180.159,1.196,77.76,3,3,2,0,O=C(O)/C=C/c1ccc(O)c(O)c1
SANC00994,19,264.321,1.492,66.76,2,4,0,0,C=C1C(=O)O[C@H]2CC(=C)[C@@H](O)CC/C(C)=C\[C@@H](O)[C@@H]12
SANC00995,23,316.441,5.076,50.44,1,2,4,0,C[C@@H]1CC[C@@]2(C)C(C(=O)O)=CCC[C@@H]2[C@@]1(C)CCc1ccoc1
SANC00999,25,351.399,0.164,96.3,2,7,0,0,C/C=C1\C[C@@H](C)[C@@](C)(O)C(=O)OCC2=CCN3C[C@@H](OC1=O)[C@@H](O)[C@H]23
SANC01001,35,494.493,-1.2,175.37,6,11,6,0,C[C@]1(OC(=O)/C=C/c2ccccc2)C[C@@H](O)[C@]2(O)C=CO[C@@H](O[C@@H]3O[C@H](CO)[C@@H](O)[C@H](O)[C@H]3O)[C@@H]21
SANC01010,14,192.302,3.658,17.07,0,1,2,0,CC(=O)/C=C/C1=C(C)CCCC1(C)C
SANC01026,14,190.242,2.367,34.14,0,2,2,0,CC(C)=CCC1=CC(=O)C=C(C)C1=O
SANC01036,21,287.359,2.175,38.77,0,4,3,0,COc1ccc([C@@]23C=CC(=O)C[C@@H]2N(C)CC3)cc1OC
SANC01040,12,162.188,1.873,26.3,0,2,2,0,COC(=O)/C=C/c1ccccc1
SANC01049,50,702.662,-1.104,263.11,8,16,10,0,CC(=O)Cc1cc(=O)c2c(C)cc(O[C@@H]3O[C@H](CO)[C@@H](O)[C@H](O)[C@H]3O)c([C@@H]3O[C@H](CO)[C@@H](O)[C@H](O)[C@H]3OC(=O)/C=C/c3ccc(O)cc3)c2o1
SANC01055,11,150.221,2.488,17.07,0,1,1,0,C=C(C)[C@H]1CC=C(C)C(=O)C1
SANC01056,11,150.221,2.488,17.07,0,1,1,0,C=C(C)[C@@H]1CC=C(C)C(=O)C1
SANC01067,46,652.646,-0.41,223.29,7,15,12,0,COc1ccc(CCO[C@@H]2O[C@H](CO)[C@@H](OC(=O)/C=C/c3ccc(O)c(OC)c3)[C@H](O[C@@H]3O[C@@H](C)[C@H](O)[C@@H](O)[C@H]3O)[C@H]2O)cc1O
SANC01074,42,586.942,12.12,55.76,1,4,30,0,CCCCCCCCCCCCCCCCCCCCCCCCCCCCOC(=O)/C=C/c1ccc(O)c(OC)c1
SANC01075,27,374.389,1.526,99.13,1,7,3,0,C=C1C(=O)O[C@@H]2/C=C(/CO)C3=CC(=O)[C@@](C)(C[C@H](OC(=O)/C(C)=C\C)[C@@H]12)O3
SANC01076,27,374.389,1.525,99.13,1,7,2,0,C=C1C(=O)O[C@H]2[C@H]1[C@@H](OC(=O)/C(C)=C\C)C[C@@]1(C)OC(=CC1=O)C(=C)[C@H]2O
SANC01082,16,223.36,3.451,29.1,1,1,8,0,CCCCC/C=C/C=C/C(=O)NCC(C)C
SANC01090,25,354.311,-0.646,164.75,6,8,4,0,O=C(/C=C/c1ccc(O)c(O)c1)O[C@@H]1C[C@](O)(C(=O)O)C[C@@H](O)[C@H]1O
SANC01112,24,322.364,2.951,85.35,4,3,5,0,O=C(/C=C/c1ccc(O)cc1)NCCc1c[nH]c2ccc(O)cc12
SANC01123,48,671.104,14.46,55.76,1,4,36,0,CCCCCCCCCCCCCCCCCCCCCCCCCCCCCCCCCCOC(=O)/C=C/c1ccc(O)c(OC)c1
SANC01126,21,288.343,2.558,52.6,0,4,1,0,C=C1[C@@H]2[C@H]3OC(=O)C(=C)[C@@H]3CCC(=C)[C@@H]2C[C@@H]1OC(C)=O
SANC01130,17,230.307,3.017,26.3,0,2,0,0,C=C1CC[C@H]2C(=C)CC[C@@H]3C(=C)C(=O)O[C@@H]3[C@@H]12
