record,source_id,site_atoms,site_elements,beta_rule_pass,motifs
4,SANC00104,"12,13","C,C",True,ab_unsat_carbonyl
8,SANC00108,"16,18","C,C",True,ab_unsat_carbonyl
9,SANC00109,"16,18","C,C",True,ab_unsat_carbonyl
10,SANC00110,"16,18","C,C",True,ab_unsat_carbonyl
11,SANC00111,"15,17","C,C",True,ab_unsat_carbonyl
13,SANC00113,"13,15","C,C",True,ab_unsat_carbonyl
16,SANC00116,"8,9","C,C",True,ab_unsat_carbonyl
16,SANC00116,"22,24","C,C",True,ab_unsat_carbonyl
17,SANC00117,"8,9","C,C",True,ab_unsat_carbonyl
17,SANC00117,"23,25","C,C",True,ab_unsat_carbonyl
18,SANC00118,"13,14","C,C",True,ab_unsat_carbonyl
19,SANC00119,"2,4","C,C",True,ab_unsat_carbonyl
19,SANC00119,"6,7","C,C",True,ab_unsat_carbonyl
19,SANC00119,"12,13","C,C",False,ab_unsat_carbonyl
20,SANC00120,"11,12","C,C",False,ab_unsat_carbonyl
21,SANC00121,"2,15","C,C",False,ab_unsat_carbonyl
22,SANC00122,"2,15","C,C",False,ab_unsat_carbonyl
23,SANC00123,"2,15","C,C",False,ab_unsat_carbonyl
28,SANC00128,"10,12","C,C",True,ab_unsat_carbonyl
29,SANC00129,"13,14","C,C",False,ab_unsat_carbonyl
31,SANC00131,"2,3","C,C",True,ab_unsat_carbonyl
31,SANC00131,"8,9","C,C",False,ab_unsat_carbonyl
31,SANC00131,"23,24","C,C",False,ab_unsat_carbonyl
32,SANC00132,"4,16","C,C",False,ab_unsat_carbonyl
33,SANC00133,"4,13","C,C",False,ab_unsat_carbonyl
34,SANC00134,"6,16","C,C",False,ab_unsat_carbonyl
35,SANC00135,"7,8","C,C",False,ab_unsat_carbonyl
40,SANC00140,"5,15","C,C",True,ab_unsat_carbonyl
40,SANC00140,"18,19","C,C",False,ab_unsat_carbonyl
41,SANC00141,"3,13","C,C",False,ab_unsat_carbonyl
46,SANC00146,"13,14","C,C",True,ab_unsat_carbonyl
47,SANC00147,"19,20","C,C",True,ab_unsat_carbonyl
51,SANC00151,"24,25","C,C",True,ab_unsat_carbonyl
51,SANC00151,"28,29","C,C",True,ab_unsat_carbonyl
52,SANC00152,"14,22","C,C",True,ab_unsat_carbonyl
58,SANC00158,"17,18","C,C",True,ab_unsat_carbonyl
59,SANC00159,"24,25","C,C",False,ab_unsat_carbonyl
60,SANC00160,"27,28","C,C",False,ab_unsat_carbonyl
61,SANC00161,"22,23","C,C",False,ab_unsat_carbonyl
62,SANC00162,"17,18","C,C",False,ab_unsat_carbonyl
63,SANC00163,"17,18","C,C",False,ab_unsat_carbonyl
64,SANC00164,"16,18","C,C",False,ab_unsat_carbonyl
65,SANC00165,"18,20","C,C",False,ab_unsat_carbonyl
66,SANC00166,"14,15","C,C",True,ab_unsat_carbonyl
76,SANC00176,"1,2","C,C",False,ab_unsat_carbonyl
80,SANC00180,"1,2","C,C",False,ab_unsat_carbonyl
83,SANC00183,"24,25","C,C",False,ab_unsat_carbonyl
84,SANC00184,"24,26","C,C",False,ab_unsat_carbonyl
87,SANC00187,"19,22","C,C",True,ab_unsat_carbonyl
88,SANC00188,"16,17","C,C",False,ab_unsat_carbonyl;ab_unsat_carbonyl
89,SANC00189,"25,30","C,C",False,ab_unsat_carbonyl
90,SANC00190,"2,3","C,C",True,ab_unsat_carbonyl;exo_methylene_carbonyl
91,SANC00191,"9,15","C,C",False,ab_unsat_carbonyl
95,SANC00195,"7,10","C,C",False,ab_unsat_carbonyl
100,SANC00200,"2,3","C,C",True,ab_unsat_carbonyl
100,SANC00200,"21,22","C,C",True,ab_unsat_carbonyl;exo_methylene_carbonyl
100,SANC00200,"27,28","C,C",True,ab_unsat_carbonyl;exo_methylene_carbonyl
101,SANC00201,"5,6","C,C",True,ab_unsat_carbonyl;exo_methylene_carbonyl
101,SANC00201,"14,15","C,C",True,ab_unsat_carbonyl;exo_methylene_carbonyl
101,SANC00201,"29,30","C,C",True,ab_unsat_carbonyl;exo_methylene_carbonyl
102,SANC00202,"8,10","C,C",False,ab_unsat_carbonyl
103,SANC00203,"6,8","C,C",False,ab_unsat_carbonyl
104,SANC00204,"1,2","C,C",False,ab_unsat_carbonyl
105,SANC00205,"6,8","C,C",False,ab_unsat_carbonyl
118,SANC00218,"7,21","C,C",False,ab_unsat_carbonyl
133,SANC00233,"20,21","C,C",True,ab_unsat_carbonyl;ab_unsat_carbonyl
133,SANC00233,"24,25","C,C",True,ab_unsat_carbonyl
135,SANC00235,"1,2","C,C",False,ab_unsat_carbonyl
135,SANC00235,"9,10","C,C",False,ab_unsat_carbonyl
138,SANC00238,"3,4","C,C",False,ab_unsat_carbonyl
139,SANC00239,"1,2","C,C",True,ab_unsat_carbonyl
141,SANC00241,"6,7","C,C",True,ab_unsat_carbonyl
143,SANC00243,"6,7","C,C",True,ab_unsat_carbonyl
144,SANC00244,"9,10","C,C",True,ab_unsat_carbonyl
146,SANC00246,"33,34","C,C",True,ab_unsat_carbonyl
147,SANC00247,"6,7","C,C",True,ab_unsat_carbonyl
147,SANC00247,"19,20","C,C",True,ab_unsat_carbonyl;ab_unsat_carbonyl;para_quinone
147,SANC00247,"23,24","C,C",True,ab_unsat_carbonyl;ab_unsat_carbonyl;para_quinone
148,SANC00248,"6,9","C,C",True,ab_unsat_carbonyl
148,SANC00248,"21,22","C,C",True,ab_unsat_carbonyl;ab_unsat_carbonyl;para_quinone
148,SANC00248,"25,26","C,C",True,ab_unsat_carbonyl;ab_unsat_carbonyl;para_quinone
149,SANC00249,"2,3","C,C",False,ab_unsat_carbonyl
150,SANC00250,"6,7","C,C",True,ab_unsat_carbonyl
151,SANC00251,"1,2","C,C",True,ab_unsat_carbonyl
153,SANC00253,"11,12","C,C",True,ab_unsat_carbonyl
155,SANC00255,"10,13","C,C",True,ab_unsat_carbonyl
157,SANC00257,"19,21","C,C",False,ab_unsat_carbonyl
157,SANC00257,"25,26","C,C",False,ab_unsat_carbonyl
158,SANC00258,"2,3","C,C",True,ab_unsat_carbonyl
164,SANC00264,"19,21","C,C",False,ab_unsat_carbonyl
164,SANC00264,"25,26","C,C",False,ab_unsat_carbonyl
165,SANC00265,"21,23","C,C",False,ab_unsat_carbonyl
165,SANC00265,"27,28","C,C",False,ab_unsat_carbonyl
178,SANC00279,"14,15","C,C",False,ab_unsat_carbonyl
179,SANC00280,"8,9","C,C",False,ab_unsat_carbonyl
179,SANC00280,"22,23","C,C",True,ab_unsat_carbonyl
180,SANC00281,"15,16","C,C",True,ab_unsat_carbonyl
181,SANC00282,"25,26","C,C",True,ab_unsat_carbonyl
182,SANC00283,"14,16","C,C",True,ab_unsat_carbonyl
182,SANC00283,"38,40","C,C",True,ab_unsat_carbonyl
184,SANC00285,"14,16","C,C",True,ab_unsat_carbonyl
184,SANC00285,"39,41","C,C",True,ab_unsat_carbonyl
191,SANC00292,"3,4","C,C",True,ab_unsat_carbonyl
196,SANC00297,"3,4","C,C",True,ab_unsat_carbonyl
197,SANC00298,"16,17","C,C",True,ab_unsat_carbonyl;exo_methylene_carbonyl
198,SANC00299,"2,3","C,C",True,ab_unsat_carbonyl;exo_methylene_carbonyl
198,SANC00299,"11,12","C,C",True,ab_unsat_carbonyl;exo_methylene_carbonyl
198,SANC00299,"26,27","C,C",True,ab_unsat_carbonyl;exo_methylene_carbonyl
199,SANC00300,"16,17","C,C",True,ab_unsat_carbonyl;exo_methylene_carbonyl
199,SANC00300,"21,22","C,C",True,ab_unsat_carbonyl;exo_methylene_carbonyl
204,SANC00306,"10,11","C,C",False,ab_unsat_carbonyl
205,SANC00307,"2,3","C,C",False,ab_unsat_carbonyl
206,SANC00308,"12,13","C,C",True,ab_unsat_carbonyl
207,SANC00309,"11,12","C,C",False,ab_unsat_carbonyl
210,SANC00312,"2,3","C,C",False,ab_unsat_carbonyl
211,SANC00313,"2,3","C,C",False,ab_unsat_carbonyl
212,SANC00314,"7,8","C,C",True,ab_unsat_carbonyl
213,SANC00315,"11,12","C,C",False,ab_unsat_carbonyl
239,SANC00341,"2,3","C,C",True,ab_unsat_carbonyl;exo_methylene_carbonyl
239,SANC00341,"17,18","C,C",True,ab_unsat_carbonyl;exo_methylene_carbonyl
239,SANC00341,"23,24","C,C",True,ab_unsat_carbonyl;exo_methylene_carbonyl
243,SANC00345,"3,6","C,C",False,ab_unsat_carbonyl
247,SANC00349,"3,4","C,C",True,ab_unsat_carbonyl
247,SANC00349,"15,17","C,C",False,ab_unsat_carbonyl
248,SANC00350,"6,7","C,C",True,ab_unsat_carbonyl
251,SANC00353,"3,4","C,C",True,ab_unsat_carbonyl
251,SANC00353,"15,17","C,C",False,ab_unsat_carbonyl
252,SANC00354,"3,4","C,C",True,ab_unsat_carbonyl
252,SANC00354,"14,16","C,C",False,ab_unsat_carbonyl
262,SANC00364,"17,18","C,C",True,ab_unsat_carbonyl;ab_unsat_carbonyl;para_quinone
262,SANC00364,"19,20","C,C",True,ab_unsat_carbonyl;ab_unsat_carbonyl;para_quinone
263,SANC00365,"16,17","C,C",True,ab_unsat_carbonyl;ab_unsat_carbonyl;para_quinone
263,SANC00365,"18,19","C,C",True,ab_unsat_carbonyl;ab_unsat_carbonyl;para_quinone
265,SANC00367,"3,4","C,C",True,ab_unsat_carbonyl
265,SANC00367,"28,29","C,C",False,ab_unsat_carbonyl
267,SANC00369,"3,4","C,C",True,ab_unsat_carbonyl
267,SANC00369,"29,30","C,C",False,ab_unsat_carbonyl
268,SANC00370,"31,32","C,C",True,ab_unsat_carbonyl
269,SANC00371,"1,3","C,C",False,ab_unsat_carbonyl
269,SANC00371,"19,20","C,C",True,ab_unsat_carbonyl
269,SANC00371,"26,28","C,C",False,ab_unsat_carbonyl
270,SANC00372,"3,4","C,C",True,ab_unsat_carbonyl
270,SANC00372,"27,28","C,C",False,ab_unsat_carbonyl
271,SANC00373,"3,4","C,C",True,ab_unsat_carbonyl
271,SANC00373,"28,29","C,C",False,ab_unsat_carbonyl
275,SANC00377,"4,5","C,C",True,ab_unsat_carbonyl
275,SANC00377,"8,9","C,C",True,ab_unsat_carbonyl
276,SANC00378,"4,5","C,C",True,ab_unsat_carbonyl
276,SANC00378,"8,9","C,C",True,ab_unsat_carbonyl
277,SANC00379,"2,3","C,C",True,ab_unsat_carbonyl
277,SANC00379,"21,22","C,C",False,ab_unsat_carbonyl
280,SANC00382,"4,5","C,C",True,ab_unsat_carbonyl
280,SANC00382,"8,9","C,C",True,ab_unsat_carbonyl
310,SANC00412,"23,24","C,C",True,ab_unsat_carbonyl
319,SANC00421,"14,16","C,C",False,ab_unsat_carbonyl
328,SANC00430,"21,22","C,C",True,ab_unsat_carbonyl
328,SANC00430,"29,30","C,C",True,ab_unsat_carbonyl;exo_methylene_carbonyl
329,SANC00431,"18,19","C,C",True,ab_unsat_carbonyl;exo_methylene_carbonyl
330,SANC00432,"19,20","C,C",True,ab_unsat_carbonyl;exo_methylene_carbonyl
331,SANC00433,"16,17","C,C",True,ab_unsat_carbonyl;exo_methylene_carbonyl
332,SANC00434,"10,11","C,C",True,ab_unsat_carbonyl;ab_unsat_carbonyl
332,SANC00434,"23,24","C,C",True,ab_unsat_carbonyl;ab_unsat_carbonyl
333,SANC00435,"7,8","C,C",True,ab_unsat_carbonyl;ab_unsat_carbonyl
333,SANC00435,"17,18","C,C",True,ab_unsat_carbonyl;ab_unsat_carbonyl
334,SANC00436,"2,3","C,C",True,ab_unsat_carbonyl;ab_unsat_carbonyl
334,SANC00436,"4,5","C,C",True,ab_unsat_carbonyl;ab_unsat_carbonyl
335,SANC00437,"7,8","C,C",True,ab_unsat_carbonyl;ab_unsat_carbonyl
336,SANC00438,"8,9","C,C",True,ab_unsat_carbonyl;ab_unsat_carbonyl
336,SANC00438,"12,18","C,C",True,ab_unsat_carbonyl;ab_unsat_carbonyl
352,SANC00454,"22,24","C,C",True,ab_unsat_carbonyl
353,SANC00455,"22,24","C,C",True,ab_unsat_carbonyl
354,SANC00456,"8,10","C,C",True,ab_unsat_carbonyl
357,SANC00459,"22,24","C,C",True,ab_unsat_carbonyl
367,SANC00469,"3,4","C,C",True,ab_unsat_carbonyl
386,SANC00488,"53,54","C,C",False,ab_unsat_carbonyl
387,SANC00489,"16,40","C,C",False,ab_unsat_carbonyl
415,SANC00518,"35,36","C,C",True,ab_unsat_carbonyl
416,SANC00519,"10,11","C,C",True,ab_unsat_carbonyl
418,SANC00521,"2,3","C,C",True,ab_unsat_carbonyl
419,SANC00522,"2,3","C,C",True,ab_unsat_carbonyl
420,SANC00523,"11,12","C,C",True,ab_unsat_carbonyl
421,SANC00524,"1,2","C,C",False,ab_unsat_carbonyl
423,SANC00526,"1,2","C,C",False,ab_unsat_carbonyl
426,SANC00529,"12,13","C,C",True,ab_unsat_carbonyl
427,SANC00530,"14,15","C,C",True,ab_unsat_carbonyl
427,SANC00530,"24,30","C,C",False,ab_unsat_carbonyl
433,SANC00536,"13,14","C,C",True,ab_unsat_carbonyl
434,SANC00537,"13,14","C,C",True,ab_unsat_carbonyl
435,SANC00538,"17,18","C,C",True,ab_unsat_carbonyl
436,SANC00539,"15,16","C,C",True,ab_unsat_carbonyl
438,SANC00541,"11,12","C,C",True,ab_unsat_carbonyl
439,SANC00542,"5,6","C,C",True,ab_unsat_carbonyl
445,SANC00548,"43,44","C,C",True,ab_unsat_carbonyl
447,SANC00551,"7,21","C,C",False,ab_unsat_carbonyl
452,SANC00556,"12,14","C,C",False,ab_unsat_carbonyl
456,SANC00560,"13,14","C,C",True,ab_unsat_carbonyl
457,SANC00561,"16,17","C,C",True,ab_unsat_carbonyl
474,SANC00578,"3,4","C,C",True,ab_unsat_carbonyl
477,SANC00581,"21,22","C,C",True,ab_unsat_carbonyl
478,SANC00582,"19,20","C,C",True,ab_unsat_carbonyl
479,SANC00583,"20,21","C,C",True,ab_unsat_carbonyl
484,SANC00588,"9,10","C,C",False,ab_unsat_carbonyl
484,SANC00588,"14,16","C,C",False,ab_unsat_carbonyl
487,SANC00591,"17,18","C,C",False,ab_unsat_carbonyl
487,SANC00591,"22,24","C,C",False,ab_unsat_carbonyl
490,SANC00594,"11,12","C,C",False,ab_unsat_carbonyl
490,SANC00594,"16,18","C,C",False,ab_unsat_carbonyl
499,SANC00603,"11,12","C,C",True,ab_unsat_carbonyl
502,SANC00606,"8,9","C,C",True,ab_unsat_carbonyl
508,SANC00612,"2,3","C,C",True,ab_unsat_carbonyl
512,SANC00616,"62,63","C,C",True,ab_unsat_carbonyl
514,SANC00618,"78,79","C,C",True,ab_unsat_carbonyl
517,SANC00621,"1,2","C,C",True,ab_unsat_carbonyl
518,SANC00622,"1,2","C,C",True,ab_unsat_carbonyl
519,SANC00623,"1,2","C,C",True,ab_unsat_carbonyl
520,SANC00624,"1,2","C,C",True,ab_unsat_carbonyl
521,SANC00625,"1,2","C,C",True,ab_unsat_carbonyl
544,SANC00648,"11,12","C,C",True,ab_unsat_carbonyl
545,SANC00649,"9,10","C,C",False,ab_unsat_carbonyl;ab_unsat_carbonyl
546,SANC00650,"9,10","C,C",True,ab_unsat_carbonyl
547,SANC00651,"9,10","C,C",True,ab_unsat_carbonyl
548,SANC00652,"10,11","C,C",True,ab_unsat_carbonyl
553,SANC00657,"2,17","C,C",True,ab_unsat_carbonyl;exo_methylene_carbonyl
553,SANC00657,"8,15","C,C",True,ab_unsat_carbonyl
554,SANC00658,"13,14","C,C",True,ab_unsat_carbonyl
555,SANC00659,"22,23","C,C",True,ab_unsat_carbonyl;exo_methylene_carbonyl
556,SANC00660,"19,20","C,C",True,ab_unsat_carbonyl;exo_methylene_carbonyl
557,SANC00661,"11,12","C,C",True,ab_unsat_carbonyl
557,SANC00661,"19,20","C,C",True,ab_unsat_carbonyl;exo_methylene_carbonyl
558,SANC00662,"8,9","C,C",True,ab_unsat_carbonyl
558,SANC00662,"16,17","C,C",True,ab_unsat_carbonyl;exo_methylene_carbonyl
587,SANC00691,"11,12","C,C",False,ab_unsat_carbonyl
587,SANC00691,"16,18","C,C",True,ab_unsat_carbonyl
593,SANC00697,"17,18","C,C",True,ab_unsat_carbonyl
594,SANC00698,"5,6","C,C",True,ab_unsat_carbonyl
595,SANC00699,"18,19","C,C",True,ab_unsat_carbonyl
597,SANC00701,"10,11","C,C",True,ab_unsat_carbonyl
598,SANC00702,"17,18","C,C",True,ab_unsat_carbonyl
599,SANC00703,"21,22","C,C",False,ab_unsat_carbonyl
602,SANC00706,"1,2","C,C",True,ab_unsat_carbonyl
607,SANC00711,"33,34","C,C",True,ab_unsat_carbonyl
610,SANC00714,"42,43","C,C",False,ab_unsat_carbonyl
611,SANC00715,"14,15","C,C",False,ab_unsat_carbonyl
612,SANC00716,"4,5","C,C",True,ab_unsat_carbonyl;ab_unsat_carbonyl;para_quinone
612,SANC00716,"8,10","C,C",True,ab_unsat_carbonyl;ab_unsat_carbonyl;para_quinone
616,SANC00720,"15,16","C,C",True,ab_unsat_carbonyl
620,SANC00724,"4,5","C,C",True,ab_unsat_carbonyl;ab_unsat_carbonyl;para_quinone
620,SANC00724,"8,10","C,C",True,ab_unsat_carbonyl;ab_unsat_carbonyl;para_quinone
620,SANC00724,"16,18","C,C",False,ab_unsat_carbonyl
621,SANC00725,"16,18","C,C",False,ab_unsat_carbonyl
623,SANC00727,"19,21","C,C",False,ab_unsat_carbonyl
629,SANC00733,"1,3","C,C",False,ab_unsat_carbonyl
629,SANC00733,"10,12","C,C",False,ab_unsat_carbonyl
630,SANC00734,"1,2","C,C",False,ab_unsat_carbonyl
632,SANC00736,"22,23","C,C",True,ab_unsat_carbonyl
633,SANC00737,"22,23","C,C",True,ab_unsat_carbonyl
647,SANC00751,"17,18","C,C",False,ab_unsat_carbonyl
667,SANC00771,"1,2","C,C",True,ab_unsat_carbonyl
670,SANC00774,"1,2","C,C",True,ab_unsat_carbonyl
670,SANC00774,"13,14","C,C",True,ab_unsat_carbonyl
677,SANC00781,"19,20","C,C",True,ab_unsat_carbonyl
678,SANC00782,"19,20","C,C",True,ab_unsat_carbonyl
679,SANC00783,"17,18","C,C",True,ab_unsat_carbonyl
680,SANC00784,"1,2","C,C",True,ab_unsat_carbonyl
683,SANC00787,"17,18","C,C",True,ab_unsat_carbonyl
684,SANC00788,"17,18","C,C",True,ab_unsat_carbonyl
685,SANC00789,"0,1","C,C",True,ab_unsat_carbonyl;exo_methylene_carbonyl
689,SANC00793,"17,18","C,C",True,ab_unsat_carbonyl
692,SANC00796,"1,2","C,C",True,ab_unsat_carbonyl
693,SANC00797,"2,3","C,C",True,ab_unsat_carbonyl
695,SANC00799,"1,2","C,C",True,ab_unsat_carbonyl
703,SANC00807,"8,9","C,C",True,ab_unsat_carbonyl
704,SANC00808,"8,9","C,C",True,ab_unsat_carbonyl
705,SANC00809,"8,9","C,C",True,ab_unsat_carbonyl
705,SANC00809,"31,32","C,C",True,ab_unsat_carbonyl
706,SANC00810,"8,9","C,C",True,ab_unsat_carbonyl
706,SANC00810,"31,32","C,C",False,ab_unsat_carbonyl
707,SANC00811,"8,9","C,C",True,ab_unsat_carbonyl
707,SANC00811,"28,29","C,C",True,ab_unsat_carbonyl
718,SANC00822,"4,5","C,C",False,ab_unsat_carbonyl
722,SANC00830,"1,2","C,C",False,ab_unsat_carbonyl;ab_unsat_carbonyl
728,SANC00837,"18,19","C,C",False,ab_unsat_carbonyl
743,SANC00852,"4,5","C,C",True,ab_unsat_carbonyl
744,SANC00853,"14,15","C,C",True,ab_unsat_carbonyl
757,SANC00867,"6,7","C,C",True,ab_unsat_carbonyl
760,SANC00871,"15,16","C,C",True,ab_unsat_carbonyl;exo_methylene_carbonyl
761,SANC00872,"11,12","C,C",False,ab_unsat_carbonyl
762,SANC00873,"1,2","C,C",False,ab_unsat_carbonyl
763,SANC00874,"3,4","C,C",False,ab_unsat_carbonyl
767,SANC00878,"6,7","C,C",False,ab_unsat_carbonyl
779,SANC00891,"4,5","C,C",True,ab_unsat_carbonyl
781,SANC00893,"29,30","C,C",True,ab_unsat_carbonyl
791,SANC00903,"1,2","C,C",False,ab_unsat_carbonyl
792,SANC00904,"18,19","C,C",False,ab_unsat_carbonyl
793,SANC00905,"18,19","C,C",False,ab_unsat_carbonyl
794,SANC00906,"18,19","C,C",False,ab_unsat_carbonyl
795,SANC00907,"18,19","C,C",False,ab_unsat_carbonyl
816,SANC00928,"7,8","C,C",True,ab_unsat_carbonyl
817,SANC00929,"1,2","C,C",False,ab_unsat_carbonyl
818,SANC00930,"1,2","C,C",True,ab_unsat_carbonyl
819,SANC00931,"1,2","C,C",False,ab_unsat_carbonyl
820,SANC00932,"1,2","C,C",False,ab_unsat_carbonyl
840,SANC00953,"8,9","C,C",True,ab_unsat_carbonyl
849,SANC00962,"17,18","C,C",True,ab_unsat_carbonyl;exo_methylene_carbonyl
851,SANC00964,"29,30","C,C",True,ab_unsat_carbonyl
852,SANC00965,"29,30","C,C",True,ab_unsat_carbonyl
871,SANC00984,"6,7","C,C",True,ab_unsat_carbonyl
878,SANC00994,"16,17","C,C",True,ab_unsat_carbonyl;exo_methylene_carbonyl
879,SANC00995,"17,18","C,C",True,ab_unsat_carbonyl
883,SANC00999,"1,2","C,C",True,ab_unsat_carbonyl
884,SANC01000,"3,4","C,C",False,ab_unsat_carbonyl
885,SANC01001,"27,28","C,C",True,ab_unsat_carbonyl
894,SANC01010,"9,10","C,C",True,ab_unsat_carbonyl
895,SANC01011,"6,7","C,C",False,ab_unsat_carbonyl
909,SANC01026,"1,2","C,C",True,ab_unsat_carbonyl;ab_unsat_carbonyl;para_quinone
909,SANC01026,"5,6","C,C",True,ab_unsat_carbonyl;ab_unsat_carbonyl;para_quinone
919,SANC01036,"9,10","C,C",True,ab_unsat_carbonyl
923,SANC01040,"4,5","C,C",True,ab_unsat_carbonyl
932,SANC01049,"29,30","C,C",True,ab_unsat_carbonyl
938,SANC01055,"1,2","C,C",True,ab_unsat_carbonyl
939,SANC01056,"1,2","C,C",True,ab_unsat_carbonyl
940,SANC01057,"9,10","C,C",False,ab_unsat_carbonyl;ab_unsat_carbonyl
950,SANC01067,"17,18","C,C",True,ab_unsat_carbonyl
954,SANC01074,"31,32","C,C",True,ab_unsat_carbonyl
955,SANC01075,"1,2","C,C",True,ab_unsat_carbonyl
955,SANC01075,"12,13","C,C",False,ab_unsat_carbonyl
955,SANC01075,"19,20","C,C",True,ab_unsat_carbonyl;exo_methylene_carbonyl
956,SANC01076,"1,2","C,C",True,ab_unsat_carbonyl
956,SANC01076,"12,13","C,C",False,ab_unsat_carbonyl
956,SANC01076,"20,21","C,C",True,ab_unsat_carbonyl;exo_methylene_carbonyl
962,SANC01082,"7,8","C,C",True,ab_unsat_carbonyl
970,SANC01090,"13,14","C,C",True,ab_unsat_carbonyl
983,SANC01104,"1,2","C,C",False,ab_unsat_carbonyl
983,SANC01104,"5,6","C,C",False,ab_unsat_carbonyl
991,SANC01112,"6,7","C,C",True,ab_unsat_carbonyl
1001,SANC01123,"37,38","C,C",True,ab_unsat_carbonyl
1004,SANC01126,"16,17","C,C",True,ab_unsat_carbonyl;exo_methylene_carbonyl
1008,SANC01130,"12,13","C,C",True,ab_unsat_carbonyl;exo_methylene_carbonyl
