target,pose_record,title,variant,architecture,para_group,probe,probe_atom,DockingScore,GlideScore,near1_residue,near1_atom,near1_distance_A,near1_C_X_angle_deg,near1_is_polar,near2_residue,near2_atom,near2_distance_A,near2_C_X_angle_deg,near2_is_polar,near3_residue,near3_atom,near3_distance_A,near3_C_X_angle_deg,near3_is_polar
FP2,2,AnalogueA,AnalogueA-1,glycosylated,Cl,Cl,Cl9,-7.95608278000059,-7.98468278000059,A:ASP234,OD2,3.749,125.84,True,A:ILE85,CD1,3.918,114.76,False,A:ILE85,CG1,4.044,107.21,False
FP2,3,Parent_SANC00867,Parent_SANC00867-2,glycosylated,OH,OH,O9,-6.28569490821589,-8.20679490821589,A:GLY83,O,3.108,154.55,True,A:GLY83,N,3.245,116.56,True,A:GLY82,CA,3.455,76.29,False
FP2,4,AnalogueA,AnalogueA-2,glycosylated,Cl,Cl,Cl9,-5.04943891299087,-6.97053891299087,A:TRP206,O,4.465,104.65,True,A:TRP206,CB,4.563,69.77,False,A:ASP35,OD2,4.584,98.22,True
FP2,5,AnalogueB,AnalogueB-1,aglycone_ester,OH,OH,O13,-4.56952992286149,-4.73802992286149,A:TRP206,O,3.59,83.43,True,A:GLN209,NE2,3.756,114.2,True,A:TRP210,CB,3.989,108.29,False
FP2,6,OPT1,OPT1-1,aglycone_ester,Cl,Cl,Cl13,-4.31763248660165,-4.38163248660165,A:LYS160,NZ,3.354,129.09,True,A:PHE158,CD1,3.999,78.29,False,A:PHE158,CE1,4.385,74.7,False
FP2,7,AnalogueB,AnalogueB-3,aglycone_ester,OH,OH,O13,-4.24160309017226,-5.80910309017226,A:ASN173,O,2.966,110.64,True,A:CYS42,SG,3.954,99.08,True,A:ASN173,C,4.165,110.23,False
FP2,8,Parent_SANC00867,Parent_SANC00867-1,glycosylated,OH,OH,O9,-3.93786324402613,-3.96646324402613,A:ASP35,OD2,2.783,110.69,True,A:ASP35,OD1,3.264,152.7,True,A:GLN209,NE2,3.278,135.93,True
FP2,11,AnalogueB,AnalogueB-4,aglycone_ester,OH,OH,O13,-1.68733048705985,-4.18023048705985,A:ASN173,O,2.944,112.15,True,A:CYS42,SG,3.842,102.47,True,A:ASN173,C,4.13,111.29,False
FP2,12,OPT1,OPT1-3,aglycone_ester,Cl,Cl,Cl13,-1.37203568760631,-3.76043568760631,A:LYS160,NZ,3.389,120.76,True,A:PHE158,CD1,4.045,67.4,False,A:PHE158,CE1,4.332,62.02,False
FP2,13,OPT1,OPT1-2,aglycone_ester,Cl,Cl,Cl13,-0.839320953160998,-2.302320953161,A:GLN171,CB,6.364,50.68,False,A:LEU172,CD1,6.407,55.54,False,A:LEU172,N,6.736,47.08,True
FP3,2,AnalogueA,AnalogueA-1,glycosylated,Cl,Cl,Cl9,-7.29864451092638,-7.32724451092638,A:TYR90,O,3.803,82.73,True,A:TYR90,CB,4.274,76.09,False,A:TYR90,C,4.406,68.65,False
FP3,3,Parent_SANC00867,Parent_SANC00867-1,glycosylated,OH,OH,O9,-6.53230846593447,-6.56090846593447,A:GLY92,O,2.721,110.45,True,A:TYR93,CE2,3.249,133.37,False,A:TYR93,CD2,3.33,157.93,False
FP3,4,AnalogueB,AnalogueB-1,aglycone_ester,OH,OH,O13,-5.90479959350347,-6.07329959350347,A:GLY49,CA,4.346,56.41,False,A:GLY49,N,4.746,73.83,True,A:GLN45,NE2,4.912,76.04,True
FP3,5,OPT1,OPT1-1,aglycone_ester,Cl,Cl,Cl13,-5.47008942164027,-5.53408942164027,A:TRP215,O,3.444,94.9,True,A:TRP215,CB,4.255,60.58,False,A:TRP215,C,4.436,84.38,False
FP3,6,AnalogueA,AnalogueA-2,glycosylated,Cl,Cl,Cl9,-5.07718104596801,-6.99828104596801,A:TYR90,O,4.167,65.29,True,A:TYR90,C,5.097,55.26,False,A:TYR90,CB,5.235,54.21,False
FP3,7,AnalogueB,AnalogueB-3,aglycone_ester,OH,OH,O13,-4.36381665280359,-5.93131665280359,A:GLY49,CA,4.307,56.59,False,A:GLY49,N,4.663,74.27,True,A:CYS48,C,5.057,85.75,False
FP3,8,OPT1,OPT1-2,aglycone_ester,Cl,Cl,Cl13,-4.09581162300678,-5.55881162300678,A:GLY49,CA,4.603,53.01,False,A:GLY49,N,4.841,70.14,True,A:CYS48,C,5.139,81.61,False
FP3,10,OPT1,OPT1-3,aglycone_ester,Cl,Cl,Cl13,-3.0596343287262,-5.4480343287262,A:GLY49,CA,4.507,53.84,False,A:GLY49,N,4.792,71.09,True,A:CYS48,C,5.115,82.65,False
FP3,11,AnalogueB,AnalogueB-4,aglycone_ester,OH,OH,O13,-2.49985663399313,-4.99275663399313,A:GLY49,CA,4.5,56.82,False,A:GLY49,N,4.917,73.5,True,A:GLN45,NE2,4.949,76.7,True
FP3,12,Parent_SANC00867,Parent_SANC00867-2,glycosylated,OH,OH,O9,-2.44742033498856,-4.36852033498856,A:GLY92,O,2.825,117.56,True,A:TYR93,CE2,3.334,142.22,False,A:TYR93,CD2,3.531,164.58,False
