target,pose_record,title,variant,architecture,para_group,DockingScore,GlideScore,formal_charge,core_atoms_found,contact_residues_4A,n_contact_residues_4A,polar_contacts_3p5A,n_polar_contacts_3p5A
FP2,2,AnalogueA,AnalogueA-1,glycosylated,Cl,-7.95608278000059,-7.98468278000059,0,12,A:ASP154(2.63);A:LYS37(2.97);A:ASN173(2.97);A:GLY83(3.09);A:GLY40(3.13);A:GLN36(3.35);A:CYS42(3.38);A:GLY82(3.38);A:SER153(3.46);A:TRP206(3.49);A:VAL152(3.53);A:HIE174(3.74);A:ASP234(3.75);A:ILE85(3.92);A:ALA175(3.92);A:TRP43(3.95),16,A:ASP154|O24-OD2|2.626;A:LYS37|O34-O|2.967;A:ASN173|O43-O|2.969;A:GLY40|O1-O|3.131;A:ASN173|O12-O|3.311;A:ASP154|O24-N|3.314;A:GLN36|O34-NE2|3.349,7
FP2,3,Parent_SANC00867,Parent_SANC00867-2,glycosylated,OH,-6.28569490821589,-8.20679490821589,-1,12,A:CYS39(2.88);A:LYS37(2.90);A:GLN36(3.11);A:GLY83(3.11);A:ASN38(3.24);A:ASN173(3.33);A:TRP206(3.37);A:GLY82(3.40);A:CYS42(3.55);A:VAL152(3.57);A:HIE174(3.73);A:SER153(3.89),12,A:CYS39|O41-O|2.877;A:LYS37|O41-O|2.901;A:CYS39|O41-N|3.074;A:GLN36|O41-NE2|3.107;A:GLY83|O9-O|3.108;A:ASN38|O43-OD1|3.238;A:GLY83|O9-N|3.245;A:ASN173|O34-O|3.363;A:TRP206|O17-NE1|3.374;A:LYS37|O39-O|3.404,10
FP2,4,AnalogueA,AnalogueA-2,glycosylated,Cl,-5.04943891299087,-6.97053891299087,-1,12,A:GLY83(2.80);A:ASN81(3.04);A:GLY82(3.11);A:ASN173(3.13);A:TRP206(3.16);A:LYS37(3.25);A:CYS42(3.26);A:ASP234(3.32);A:LEU172(3.33);A:SER149(3.38);A:HIE174(3.38);A:TRP43(3.39);A:GLN36(3.43);A:GLY40(3.77);A:ALA175(3.95);A:LEU84(3.98),16,A:GLY83|O34-O|2.802;A:ASN81|O39-O|3.036;A:GLY83|O37-O|3.123;A:ASN173|O27-O|3.13;A:CYS42|O37-SG|3.265;A:ASP234|O31-OD2|3.322;A:HIE174|O12-ND1|3.384;A:GLY82|O39-N|3.486,8
FP2,5,AnalogueB,AnalogueB-1,aglycone_ester,OH,-4.56952992286149,-4.73802992286149,0,12,A:ASP154(2.84);A:TRP206(3.03);A:ASN173(3.03);A:GLN36(3.08);A:CYS42(3.37);A:SER153(3.41);A:HIE174(3.44);A:GLY40(3.57);A:GLN209(3.76);A:VAL152(3.77);A:SER41(3.87);A:TRP210(3.88),12,A:ASP154|O21-OD2|2.84;A:GLN36|O1-NE2|3.077;A:GLN36|O31-NE2|3.129;A:ASP154|O21-N|3.319;A:CYS42|O31-SG|3.366;A:TRP206|O1-NE1|3.383;A:HIE174|O1-ND1|3.439;A:TRP206|O4-NE1|3.481,8
FP2,6,OPT1,OPT1-1,aglycone_ester,Cl,-4.31763248660165,-4.38163248660165,0,12,A:ASP35(2.66);A:LYS37(2.99);A:ALA157(3.12);A:TRP206(3.18);A:GLN36(3.27);A:LYS160(3.35);A:VAL152(3.51);A:GLN209(3.54);A:HIE174(3.63);A:PHE158(3.83);A:CYS42(3.90);A:TRP210(3.90),12,A:ASP35|O21-OD2|2.659;A:TRP206|O24-NE1|3.184;A:ASP35|O21-OD1|3.256,3
FP2,7,AnalogueB,AnalogueB-3,aglycone_ester,OH,-4.24160309017226,-5.80910309017226,-1,12,A:ASP154(2.62);A:TRP206(2.81);A:ASN173(2.97);A:HIE174(3.26);A:GLN209(3.29);A:ALA157(3.45);A:SER153(3.56);A:GLN36(3.66);A:TRP210(3.81);A:CYS42(3.95),10,A:ASP154|O21-OD2|2.624;A:TRP206|O31-O|2.809;A:ASN173|O13-O|2.966;A:GLN209|O31-NE2|3.292;A:ASP154|O21-N|3.452,5
FP2,8,Parent_SANC00867,Parent_SANC00867-1,glycosylated,OH,-3.93786324402613,-3.96646324402613,0,12,A:ASP35(2.78);A:ASP154(2.80);A:ASN173(2.83);A:GLN36(2.86);A:HIE174(3.05);A:GLN209(3.28);A:VAL152(3.29);A:TRP206(3.31);A:CYS42(3.44);A:LYS37(3.50);A:GLY40(3.62);A:SER153(3.68),12,A:ASP35|O9-OD2|2.783;A:ASP154|O31-OD2|2.796;A:ASN173|O39-O|2.83;A:GLN36|O43-NE2|2.86;A:HIE174|O43-ND1|3.048;A:ASP35|O9-OD1|3.264;A:GLN209|O9-NE2|3.278;A:VAL152|O34-O|3.291;A:TRP206|O9-O|3.309;A:ASN173|O37-ND2|3.453,10
FP2,9,AnalogueB,AnalogueB-2,aglycone_ester,OH,-3.23930600563219,-4.37210600563219,-1,0,A:ASP154(2.69);A:TRP206(2.96);A:GLN209(3.02);A:ASN173(3.08);A:GLN36(3.18);A:HIE174(3.42);A:CYS42(3.44);A:ASP35(3.65);A:VAL152(3.73),9,A:ASP154|O21-OD2|2.685;A:TRP206|O1-NE1|2.962;A:GLN209|O13-NE2|3.019;A:GLN36|O1-NE2|3.182;A:ASN173|O28-O|3.207;A:TRP206|O4-NE1|3.291;A:GLN36|O31-NE2|3.323;A:HIE174|O1-ND1|3.415;A:CYS42|O31-SG|3.439,9
FP2,10,AnalogueB,AnalogueB-5,aglycone_ester,OH,-2.21505687303982,-4.74685687303982,-2,0,A:ASP35(2.82);A:LYS160(2.83);A:GLN209(2.90);A:GLN36(3.01);A:LYS37(3.35);A:TRP206(3.39);A:ALA157(3.48);A:VAL152(3.70);A:PHE158(3.80),9,A:LYS160|O13-NZ|2.825;A:ASP35|O21-OD1|2.866;A:GLN209|O21-NE2|2.902;A:ASP35|O21-OD2|3.01;A:GLN36|O28-NE2|3.01,5
FP2,11,AnalogueB,AnalogueB-4,aglycone_ester,OH,-1.68733048705985,-4.18023048705985,-1,12,A:ASP154(2.71);A:ASN173(2.94);A:TRP206(3.15);A:HIE174(3.35);A:GLN36(3.49);A:ALA157(3.56);A:GLN209(3.64);A:CYS42(3.84);A:TRP210(3.88),9,A:ASP154|O21-OD2|2.706;A:ASN173|O13-O|2.944;A:TRP206|O31-O|3.151,3
FP2,12,OPT1,OPT1-3,aglycone_ester,Cl,-1.37203568760631,-3.76043568760631,-1,12,A:ASP35(2.78);A:LYS37(3.24);A:GLN209(3.28);A:ALA157(3.29);A:TRP206(3.30);A:VAL152(3.30);A:GLN36(3.37);A:LYS160(3.39);A:HIE174(3.49);A:PHE158(3.74),10,A:ASP35|O21-OD2|2.778;A:ASP35|O21-OD1|3.265;A:GLN209|O21-NE2|3.28;A:TRP206|O21-O|3.302;A:TRP206|O24-NE1|3.442;A:HIE174|O28-ND1|3.494,6
FP2,13,OPT1,OPT1-2,aglycone_ester,Cl,-0.839320953160998,-2.302320953161,-1,12,A:ASP234(2.86);A:LEU172(3.15);A:GLN171(3.20);A:GLY40(3.25);A:GLY83(3.25);A:ASN173(3.42);A:LEU84(3.43);A:CYS42(3.56);A:SER149(3.69);A:ILE85(3.78),10,A:ASP234|O21-OD2|2.858;A:LEU172|O4-O|3.152;A:GLN171|O1-NE2|3.201;A:GLY40|O28-O|3.453,4
FP3,2,AnalogueA,AnalogueA-1,glycosylated,Cl,-7.29864451092638,-7.32724451092638,0,12,A:ASP163(2.57);A:GLN45(2.83);A:GLY49(2.95);A:ALA46(2.96);A:CYS51(3.00);A:TRP215(3.17);A:ASN182(3.21);A:CYS48(3.24);A:HIE183(3.29);A:LEU47(3.36);A:SER162(3.49);A:TYR90(3.59);A:CYS89(3.63);A:GLY91(3.95);A:SER50(3.97),15,A:ASP163|O24-OD2|2.572;A:GLN45|O37-NE2|2.834;A:GLY49|O34-O|2.951;A:ALA46|O43-O|2.958;A:CYS51|O34-SG|3.002;A:HIE183|O37-ND1|3.286;A:GLY49|O12-N|3.33;A:SER162|O24-O|3.494,8
FP3,3,Parent_SANC00867,Parent_SANC00867-1,glycosylated,OH,-6.53230846593447,-6.56090846593447,0,12,A:GLY92(2.72);A:ALA46(2.76);A:GLN45(2.80);A:ASP163(2.83);A:TYR93(3.25);A:TRP215(3.31);A:ASN182(3.32);A:SER162(3.32);A:HIE183(3.34);A:GLY49(3.57);A:CYS51(3.67);A:ALA161(3.94),12,A:GLY92|O9-O|2.721;A:ALA46|O34-O|2.757;A:GLN45|O37-NE2|2.801;A:ASP163|O24-OD2|2.832;A:GLN45|O39-NE2|3.104;A:TRP215|O37-NE1|3.315;A:HIE183|O39-ND1|3.341;A:ASP163|O24-N|3.374;A:GLN45|O34-NE2|3.44,9
FP3,4,AnalogueB,AnalogueB-1,aglycone_ester,OH,-5.90479959350347,-6.07329959350347,0,12,A:ASN87(2.99);A:GLY92(3.00);A:SER158(3.04);A:TYR90(3.06);A:ASN182(3.25);A:HIE183(3.27);A:CYS51(3.27);A:GLU243(3.40);A:GLY91(3.42);A:TRP52(3.51);A:TYR93(3.56);A:GLY49(3.74);A:GLN45(3.88),13,A:ASN87|O21-OD1|2.989;A:GLY92|O6-N|3.002;A:TYR90|O21-O|3.06;A:GLY92|O6-O|3.062;A:HIE183|O1-N|3.267;A:GLY92|O24-O|3.316;A:ASN182|O1-O|3.406;A:HIE183|O31-O|3.407,8
FP3,5,OPT1,OPT1-1,aglycone_ester,Cl,-5.47008942164027,-5.53408942164027,0,12,A:GLY49(2.83);A:SER162(2.91);A:TRP215(3.01);A:GLN45(3.01);A:ASN182(3.13);A:ALA46(3.27);A:ASP44(3.31);A:HIE183(3.33);A:CYS51(3.38);A:ASP163(3.70);A:ALA161(3.74);A:GLY91(3.98),12,A:GLY49|O31-O|2.831;A:SER162|O21-O|2.908;A:GLN45|O1-NE2|3.012;A:GLN45|O6-NE2|3.313;A:HIE183|O1-ND1|3.33;A:CYS51|O1-SG|3.379;A:CYS51|O31-SG|3.431,7
FP3,6,AnalogueA,AnalogueA-2,glycosylated,Cl,-5.07718104596801,-6.99828104596801,-1,12,A:TRP215(2.87);A:SER162(2.91);A:ASN182(3.08);A:LEU47(3.08);A:GLN45(3.14);A:ALA46(3.24);A:TYR90(3.34);A:HIE183(3.45);A:GLY49(3.47);A:CYS89(3.55);A:CYS48(3.59);A:ALA166(3.66);A:ALA161(3.73);A:CYS51(3.76);A:ASP163(3.79);A:PHE165(3.88),16,A:SER162|O24-O|2.911;A:TRP215|O39-NE1|3.084;A:GLN45|O37-NE2|3.144;A:ALA46|O43-O|3.393;A:TRP215|O17-NE1|3.476;A:GLY49|O34-O|3.476;A:HIE183|O37-ND1|3.495;A:GLY49|O12-N|3.496,8
FP3,7,AnalogueB,AnalogueB-3,aglycone_ester,OH,-4.36381665280359,-5.93131665280359,-1,12,A:GLY92(2.97);A:ASN87(2.98);A:TYR90(3.06);A:SER158(3.08);A:HIE183(3.22);A:ASN182(3.26);A:GLU243(3.39);A:GLY91(3.40);A:CYS51(3.40);A:TYR93(3.52);A:GLY49(3.53);A:TRP52(3.53),12,A:ASN87|O21-OD1|2.984;A:GLY92|O6-N|3.023;A:TYR90|O21-O|3.06;A:GLY92|O6-O|3.103;A:GLY92|O24-O|3.205;A:HIE183|O31-O|3.223;A:HIE183|O1-N|3.283;A:ASN182|O1-O|3.403,8
FP3,8,OPT1,OPT1-2,aglycone_ester,Cl,-4.09581162300678,-5.55881162300678,-1,12,A:TYR90(3.05);A:ASN87(3.05);A:GLY92(3.09);A:SER158(3.13);A:ASN182(3.31);A:HIE183(3.35);A:CYS51(3.38);A:GLY91(3.40);A:GLY49(3.49);A:TRP52(3.53);A:TYR93(3.58);A:GLU243(3.80),12,A:TYR90|O21-O|3.047;A:ASN87|O21-OD1|3.048;A:GLY92|O6-N|3.101;A:GLY92|O6-O|3.226;A:GLY92|O24-O|3.341;A:HIE183|O1-N|3.35;A:HIE183|O31-O|3.428;A:ASN182|O1-O|3.435,8
FP3,9,AnalogueB,AnalogueB-2,aglycone_ester,OH,-3.42333176173442,-4.55613176173442,-1,0,A:ASN87(2.96);A:GLN45(3.13);A:GLY92(3.13);A:ASN182(3.21);A:SER158(3.33);A:HIE183(3.34);A:TYR90(3.50);A:TYR93(3.55);A:GLY91(3.56);A:CYS51(3.61);A:GLY49(3.62);A:GLU243(3.78);A:CYS48(3.89),13,A:ASN87|O21-OD1|2.962;A:GLN45|O13-NE2|3.13;A:HIE183|O31-O|3.341;A:ASN182|O6-O|3.39;A:GLY92|O24-O|3.453;A:TYR90|O21-O|3.496,6
FP3,10,OPT1,OPT1-3,aglycone_ester,Cl,-3.0596343287262,-5.4480343287262,-1,12,A:GLY92(2.96);A:ASN87(2.99);A:SER158(3.01);A:TYR90(3.06);A:ASN182(3.30);A:HIE183(3.34);A:GLY91(3.37);A:CYS51(3.39);A:GLU243(3.43);A:TRP52(3.48);A:TYR93(3.52);A:GLY49(3.52),12,A:GLY92|O6-N|2.958;A:ASN87|O21-OD1|2.995;A:GLY92|O6-O|3.043;A:TYR90|O21-O|3.058;A:GLY92|O24-O|3.338;A:HIE183|O1-N|3.339;A:ASN182|O1-O|3.435;A:HIE183|O31-O|3.47,8
FP3,11,AnalogueB,AnalogueB-4,aglycone_ester,OH,-2.49985663399313,-4.99275663399313,-1,12,A:GLY92(2.92);A:ASN87(3.00);A:SER158(3.03);A:TYR90(3.06);A:ASN182(3.29);A:HIE183(3.32);A:CYS51(3.32);A:GLY91(3.36);A:GLU243(3.42);A:TRP52(3.46);A:TYR93(3.57);A:GLY49(3.73);A:GLN45(3.85),13,A:GLY92|O6-N|2.922;A:ASN87|O21-OD1|2.997;A:TYR90|O21-O|3.059;A:GLY92|O6-O|3.086;A:GLY92|O24-O|3.306;A:HIE183|O1-N|3.321;A:HIE183|O31-O|3.409;A:ASN182|O1-O|3.413,8
FP3,12,Parent_SANC00867,Parent_SANC00867-2,glycosylated,OH,-2.44742033498856,-4.36852033498856,-1,12,A:ALA46(2.69);A:GLY92(2.82);A:ASP163(2.85);A:GLN45(2.93);A:TRP215(3.06);A:HIE183(3.14);A:CYS51(3.25);A:SER162(3.32);A:TYR93(3.33);A:ASN182(3.47);A:PRO181(3.57);A:ALA161(3.96),12,A:ALA46|O34-O|2.687;A:GLY92|O9-O|2.825;A:ASP163|O24-OD2|2.852;A:GLN45|O37-NE2|2.926;A:TRP215|O37-NE1|3.058;A:GLN45|O39-NE2|3.104;A:HIE183|O39-ND1|3.139;A:CYS51|O41-SG|3.254;A:ASP163|O24-N|3.376;A:ASN182|O41-O|3.492,10
FP3,13,AnalogueB,AnalogueB-5,aglycone_ester,OH,-2.06792116273482,-4.59972116273482,-2,0,A:ASN87(2.84);A:GLN45(3.13);A:GLY92(3.15);A:ASN182(3.30);A:HIE183(3.36);A:SER158(3.47);A:GLY91(3.50);A:TYR90(3.52);A:TYR93(3.56);A:GLY49(3.61);A:CYS51(3.62);A:PRO181(3.83);A:CYS48(3.90),13,A:ASN87|O21-OD1|2.844;A:GLN45|O13-NE2|3.129;A:HIE183|O31-O|3.362;A:GLY92|O24-O|3.489,4
