target,architecture,OH_cluster,OH_poses,Cl_cluster,Cl_poses,centroid_core_rmsd_A,OH_best_DockingScore,Cl_best_DockingScore
FP2,glycosylated,1,10,1,5,8.92,-6.06489405760556,-3.08175039173733
FP2,glycosylated,1,10,2,4,13.908,-6.06489405760556,-7.95608278000059
FP2,glycosylated,1,10,3,4,2.578,-6.06489405760556,-5.04943891299087
FP2,glycosylated,1,10,4,3,13.111,-6.06489405760556,-5.12810591942105
FP2,glycosylated,1,10,5,2,3.743,-6.06489405760556,-4.54228312685693
FP2,glycosylated,1,10,6,2,3.624,-6.06489405760556,-4.34664534120663
FP2,glycosylated,1,10,7,2,18.506,-6.06489405760556,-3.98271412388682
FP2,glycosylated,1,10,8,2,10.455,-6.06489405760556,-0.709447979994968
FP2,glycosylated,1,10,9,2,9.22,-6.06489405760556,-4.48788688819203
FP2,glycosylated,1,10,10,2,8.648,-6.06489405760556,-3.03848573319106
FP2,glycosylated,1,10,11,1,12.096,-6.06489405760556,-6.08674346035958
FP2,glycosylated,1,10,12,1,3.298,-6.06489405760556,-5.79049941228877
FP2,glycosylated,1,10,13,1,11.601,-6.06489405760556,-4.88622347756087
FP2,glycosylated,1,10,14,1,14.097,-6.06489405760556,-0.600921476863953
FP2,glycosylated,1,10,15,1,11.988,-6.06489405760556,-6.32591767913286
FP2,glycosylated,1,10,16,1,10.577,-6.06489405760556,-4.94839533836215
FP2,glycosylated,1,10,17,1,10.258,-6.06489405760556,-4.89386694592736
FP2,glycosylated,1,10,18,1,7.293,-6.06489405760556,-4.288688114279
FP2,glycosylated,1,10,19,1,6.314,-6.06489405760556,-3.72474447443437
FP2,glycosylated,2,7,1,5,9.276,-6.50641071515583,-3.08175039173733
FP2,glycosylated,2,7,2,4,5.369,-6.50641071515583,-7.95608278000059
FP2,glycosylated,2,7,3,4,9.703,-6.50641071515583,-5.04943891299087
FP2,glycosylated,2,7,4,3,5.119,-6.50641071515583,-5.12810591942105
FP2,glycosylated,2,7,5,2,9.399,-6.50641071515583,-4.54228312685693
FP2,glycosylated,2,7,6,2,12.018,-6.50641071515583,-4.34664534120663
FP2,glycosylated,2,7,7,2,9.464,-6.50641071515583,-3.98271412388682
FP2,glycosylated,2,7,8,2,4.13,-6.50641071515583,-0.709447979994968
FP2,glycosylated,2,7,9,2,5.972,-6.50641071515583,-4.48788688819203
FP2,glycosylated,2,7,10,2,9.884,-6.50641071515583,-3.03848573319106
FP2,glycosylated,2,7,11,1,3.316,-6.50641071515583,-6.08674346035958
FP2,glycosylated,2,7,12,1,13.09,-6.50641071515583,-5.79049941228877
FP2,glycosylated,2,7,13,1,8.574,-6.50641071515583,-4.88622347756087
FP2,glycosylated,2,7,14,1,4.385,-6.50641071515583,-0.600921476863953
FP2,glycosylated,2,7,15,1,2.893,-6.50641071515583,-6.32591767913286
FP2,glycosylated,2,7,16,1,7.198,-6.50641071515583,-4.94839533836215
FP2,glycosylated,2,7,17,1,7.016,-6.50641071515583,-4.89386694592736
FP2,glycosylated,2,7,18,1,12.548,-6.50641071515583,-4.288688114279
FP2,glycosylated,2,7,19,1,12.415,-6.50641071515583,-3.72474447443437
FP2,glycosylated,3,6,1,5,7.606,-4.19887523539663,-3.08175039173733
FP2,glycosylated,3,6,2,4,10.709,-4.19887523539663,-7.95608278000059
FP2,glycosylated,3,6,3,4,7.93,-4.19887523539663,-5.04943891299087
FP2,glycosylated,3,6,4,3,5.491,-4.19887523539663,-5.12810591942105
FP2,glycosylated,3,6,5,2,7.472,-4.19887523539663,-4.54228312685693
FP2,glycosylated,3,6,6,2,9.775,-4.19887523539663,-4.34664534120663
FP2,glycosylated,3,6,7,2,12.34,-4.19887523539663,-3.98271412388682
FP2,glycosylated,3,6,8,2,5.31,-4.19887523539663,-0.709447979994968
FP2,glycosylated,3,6,9,2,7.884,-4.19887523539663,-4.48788688819203
FP2,glycosylated,3,6,10,2,8.186,-4.19887523539663,-3.03848573319106
FP2,glycosylated,3,6,11,1,6.976,-4.19887523539663,-6.08674346035958
FP2,glycosylated,3,6,12,1,10.758,-4.19887523539663,-5.79049941228877
FP2,glycosylated,3,6,13,1,5.511,-4.19887523539663,-4.88622347756087
FP2,glycosylated,3,6,14,1,9.369,-4.19887523539663,-0.600921476863953
FP2,glycosylated,3,6,15,1,7.054,-4.19887523539663,-6.32591767913286
FP2,glycosylated,3,6,16,1,4.533,-4.19887523539663,-4.94839533836215
FP2,glycosylated,3,6,17,1,3.703,-4.19887523539663,-4.89386694592736
FP2,glycosylated,3,6,18,1,9.412,-4.19887523539663,-4.288688114279
FP2,glycosylated,3,6,19,1,10.222,-4.19887523539663,-3.72474447443437
FP2,glycosylated,4,5,1,5,12.015,-6.91805389442982,-3.08175039173733
FP2,glycosylated,4,5,2,4,0.874,-6.91805389442982,-7.95608278000059
FP2,glycosylated,4,5,3,4,12.223,-6.91805389442982,-5.04943891299087
FP2,glycosylated,4,5,4,3,8.966,-6.91805389442982,-5.12810591942105
FP2,glycosylated,4,5,5,2,11.918,-6.91805389442982,-4.54228312685693
FP2,glycosylated,4,5,6,2,14.49,-6.91805389442982,-4.34664534120663
FP2,glycosylated,4,5,7,2,10.426,-6.91805389442982,-3.98271412388682
FP2,glycosylated,4,5,8,2,7.588,-6.91805389442982,-0.709447979994968
FP2,glycosylated,4,5,9,2,7.18,-6.91805389442982,-4.48788688819203
FP2,glycosylated,4,5,10,2,12.383,-6.91805389442982,-3.03848573319106
FP2,glycosylated,4,5,11,1,5.961,-6.91805389442982,-6.08674346035958
FP2,glycosylated,4,5,12,1,15.434,-6.91805389442982,-5.79049941228877
FP2,glycosylated,4,5,13,1,12.948,-6.91805389442982,-4.88622347756087
FP2,glycosylated,4,5,14,1,2.783,-6.91805389442982,-0.600921476863953
FP2,glycosylated,4,5,15,1,4.384,-6.91805389442982,-6.32591767913286
FP2,glycosylated,4,5,16,1,11.914,-6.91805389442982,-4.94839533836215
FP2,glycosylated,4,5,17,1,11.375,-6.91805389442982,-4.89386694592736
FP2,glycosylated,4,5,18,1,15.711,-6.91805389442982,-4.288688114279
FP2,glycosylated,4,5,19,1,14.904,-6.91805389442982,-3.72474447443437
FP2,glycosylated,5,3,1,5,9.754,-2.25466059209492,-3.08175039173733
FP2,glycosylated,5,3,2,4,15.092,-2.25466059209492,-7.95608278000059
FP2,glycosylated,5,3,3,4,4.117,-2.25466059209492,-5.04943891299087
FP2,glycosylated,5,3,4,3,13.098,-2.25466059209492,-5.12810591942105
FP2,glycosylated,5,3,5,2,4.71,-2.25466059209492,-4.54228312685693
FP2,glycosylated,5,3,6,2,4.923,-2.25466059209492,-4.34664534120663
FP2,glycosylated,5,3,7,2,18.872,-2.25466059209492,-3.98271412388682
FP2,glycosylated,5,3,8,2,11.239,-2.25466059209492,-0.709447979994968
FP2,glycosylated,5,3,9,2,10.247,-2.25466059209492,-4.48788688819203
FP2,glycosylated,5,3,10,2,9.672,-2.25466059209492,-3.03848573319106
FP2,glycosylated,5,3,11,1,13.075,-2.25466059209492,-6.08674346035958
FP2,glycosylated,5,3,12,1,4.558,-2.25466059209492,-5.79049941228877
FP2,glycosylated,5,3,13,1,10.87,-2.25466059209492,-4.88622347756087
FP2,glycosylated,5,3,14,1,15.059,-2.25466059209492,-0.600921476863953
FP2,glycosylated,5,3,15,1,12.94,-2.25466059209492,-6.32591767913286
FP2,glycosylated,5,3,16,1,10.068,-2.25466059209492,-4.94839533836215
FP2,glycosylated,5,3,17,1,9.855,-2.25466059209492,-4.89386694592736
FP2,glycosylated,5,3,18,1,7.297,-2.25466059209492,-4.288688114279
FP2,glycosylated,5,3,19,1,7.331,-2.25466059209492,-3.72474447443437
FP2,glycosylated,6,3,1,5,8.189,-1.02441429582035,-3.08175039173733
FP2,glycosylated,6,3,2,4,7.142,-1.02441429582035,-7.95608278000059
FP2,glycosylated,6,3,3,4,8.486,-1.02441429582035,-5.04943891299087
FP2,glycosylated,6,3,4,3,5.766,-1.02441429582035,-5.12810591942105
FP2,glycosylated,6,3,5,2,7.884,-1.02441429582035,-4.54228312685693
FP2,glycosylated,6,3,6,2,10.654,-1.02441429582035,-4.34664534120663
FP2,glycosylated,6,3,7,2,10.173,-1.02441429582035,-3.98271412388682
FP2,glycosylated,6,3,8,2,1.96,-1.02441429582035,-0.709447979994968
FP2,glycosylated,6,3,9,2,5.512,-1.02441429582035,-4.48788688819203
FP2,glycosylated,6,3,10,2,8.459,-1.02441429582035,-3.03848573319106
FP2,glycosylated,6,3,11,1,3.52,-1.02441429582035,-6.08674346035958
FP2,glycosylated,6,3,12,1,11.786,-1.02441429582035,-5.79049941228877
FP2,glycosylated,6,3,13,1,7.939,-1.02441429582035,-4.88622347756087
FP2,glycosylated,6,3,14,1,5.722,-1.02441429582035,-0.600921476863953
FP2,glycosylated,6,3,15,1,3.349,-1.02441429582035,-6.32591767913286
FP2,glycosylated,6,3,16,1,6.752,-1.02441429582035,-4.94839533836215
FP2,glycosylated,6,3,17,1,5.748,-1.02441429582035,-4.89386694592736
FP2,glycosylated,6,3,18,1,11.64,-1.02441429582035,-4.288688114279
FP2,glycosylated,6,3,19,1,10.907,-1.02441429582035,-3.72474447443437
FP2,glycosylated,7,2,1,5,8.998,-1.6189417979778,-3.08175039173733
FP2,glycosylated,7,2,2,4,13.455,-1.6189417979778,-7.95608278000059
FP2,glycosylated,7,2,3,4,2.447,-1.6189417979778,-5.04943891299087
FP2,glycosylated,7,2,4,3,12.491,-1.6189417979778,-5.12810591942105
FP2,glycosylated,7,2,5,2,3.133,-1.6189417979778,-4.54228312685693
FP2,glycosylated,7,2,6,2,4.394,-1.6189417979778,-4.34664534120663
FP2,glycosylated,7,2,7,2,18.122,-1.6189417979778,-3.98271412388682
FP2,glycosylated,7,2,8,2,10.626,-1.6189417979778,-0.709447979994968
FP2,glycosylated,7,2,9,2,8.617,-1.6189417979778,-4.48788688819203
FP2,glycosylated,7,2,10,2,9.011,-1.6189417979778,-3.03848573319106
FP2,glycosylated,7,2,11,1,12.246,-1.6189417979778,-6.08674346035958
FP2,glycosylated,7,2,12,1,4.257,-1.6189417979778,-5.79049941228877
FP2,glycosylated,7,2,13,1,11.274,-1.6189417979778,-4.88622347756087
FP2,glycosylated,7,2,14,1,13.604,-1.6189417979778,-0.600921476863953
FP2,glycosylated,7,2,15,1,11.703,-1.6189417979778,-6.32591767913286
FP2,glycosylated,7,2,16,1,10.45,-1.6189417979778,-4.94839533836215
FP2,glycosylated,7,2,17,1,9.955,-1.6189417979778,-4.89386694592736
FP2,glycosylated,7,2,18,1,6.988,-1.6189417979778,-4.288688114279
FP2,glycosylated,7,2,19,1,6.757,-1.6189417979778,-3.72474447443437
FP2,glycosylated,8,2,1,5,8.871,1.21300374215207,-3.08175039173733
FP2,glycosylated,8,2,2,4,13.658,1.21300374215207,-7.95608278000059
FP2,glycosylated,8,2,3,4,3.441,1.21300374215207,-5.04943891299087
FP2,glycosylated,8,2,4,3,11.853,1.21300374215207,-5.12810591942105
FP2,glycosylated,8,2,5,2,4.026,1.21300374215207,-4.54228312685693
FP2,glycosylated,8,2,6,2,4.978,1.21300374215207,-4.34664534120663
FP2,glycosylated,8,2,7,2,17.688,1.21300374215207,-3.98271412388682
FP2,glycosylated,8,2,8,2,10.156,1.21300374215207,-0.709447979994968
FP2,glycosylated,8,2,9,2,9.075,1.21300374215207,-4.48788688819203
FP2,glycosylated,8,2,10,2,9.001,1.21300374215207,-3.03848573319106
FP2,glycosylated,8,2,11,1,11.733,1.21300374215207,-6.08674346035958
FP2,glycosylated,8,2,12,1,5.063,1.21300374215207,-5.79049941228877
FP2,glycosylated,8,2,13,1,10.084,1.21300374215207,-4.88622347756087
FP2,glycosylated,8,2,14,1,13.678,1.21300374215207,-0.600921476863953
FP2,glycosylated,8,2,15,1,11.556,1.21300374215207,-6.32591767913286
FP2,glycosylated,8,2,16,1,9.128,1.21300374215207,-4.94839533836215
FP2,glycosylated,8,2,17,1,9.114,1.21300374215207,-4.89386694592736
FP2,glycosylated,8,2,18,1,6.903,1.21300374215207,-4.288688114279
FP2,glycosylated,8,2,19,1,7.121,1.21300374215207,-3.72474447443437
FP2,glycosylated,9,2,1,5,7.861,-4.16167167138161,-3.08175039173733
FP2,glycosylated,9,2,2,4,8.624,-4.16167167138161,-7.95608278000059
FP2,glycosylated,9,2,3,4,9.059,-4.16167167138161,-5.04943891299087
FP2,glycosylated,9,2,4,3,4.115,-4.16167167138161,-5.12810591942105
FP2,glycosylated,9,2,5,2,8.51,-4.16167167138161,-4.54228312685693
FP2,glycosylated,9,2,6,2,10.921,-4.16167167138161,-4.34664534120663
FP2,glycosylated,9,2,7,2,10.345,-4.16167167138161,-3.98271412388682
FP2,glycosylated,9,2,8,2,3.405,-4.16167167138161,-0.709447979994968
FP2,glycosylated,9,2,9,2,6.902,-4.16167167138161,-4.48788688819203
FP2,glycosylated,9,2,10,2,8.527,-4.16167167138161,-3.03848573319106
FP2,glycosylated,9,2,11,1,4.402,-4.16167167138161,-6.08674346035958
FP2,glycosylated,9,2,12,1,12.119,-4.16167167138161,-5.79049941228877
FP2,glycosylated,9,2,13,1,6.473,-4.16167167138161,-4.88622347756087
FP2,glycosylated,9,2,14,1,7.022,-4.16167167138161,-0.600921476863953
FP2,glycosylated,9,2,15,1,5.038,-4.16167167138161,-6.32591767913286
FP2,glycosylated,9,2,16,1,5.132,-4.16167167138161,-4.94839533836215
FP2,glycosylated,9,2,17,1,4.613,-4.16167167138161,-4.89386694592736
FP2,glycosylated,9,2,18,1,10.866,-4.16167167138161,-4.288688114279
FP2,glycosylated,9,2,19,1,11.065,-4.16167167138161,-3.72474447443437
FP2,glycosylated,10,1,1,5,12.803,-3.664972010393,-3.08175039173733
FP2,glycosylated,10,1,2,4,13.169,-3.664972010393,-7.95608278000059
FP2,glycosylated,10,1,3,4,10.542,-3.664972010393,-5.04943891299087
FP2,glycosylated,10,1,4,3,6.51,-3.664972010393,-5.12810591942105
FP2,glycosylated,10,1,5,2,9.88,-3.664972010393,-4.54228312685693
FP2,glycosylated,10,1,6,2,13.267,-3.664972010393,-4.34664534120663
FP2,glycosylated,10,1,7,2,10.848,-3.664972010393,-3.98271412388682
FP2,glycosylated,10,1,8,2,8.07,-3.664972010393,-0.709447979994968
FP2,glycosylated,10,1,9,2,9.45,-3.664972010393,-4.48788688819203
FP2,glycosylated,10,1,10,2,13.42,-3.664972010393,-3.03848573319106
FP2,glycosylated,10,1,11,1,10.184,-3.664972010393,-6.08674346035958
FP2,glycosylated,10,1,12,1,14.108,-3.664972010393,-5.79049941228877
FP2,glycosylated,10,1,13,1,1.875,-3.664972010393,-4.88622347756087
FP2,glycosylated,10,1,14,1,11.754,-3.664972010393,-0.600921476863953
FP2,glycosylated,10,1,15,1,9.847,-3.664972010393,-6.32591767913286
FP2,glycosylated,10,1,16,1,2.726,-3.664972010393,-4.94839533836215
FP2,glycosylated,10,1,17,1,3.224,-3.664972010393,-4.89386694592736
FP2,glycosylated,10,1,18,1,13.393,-3.664972010393,-4.288688114279
FP2,glycosylated,10,1,19,1,13.963,-3.664972010393,-3.72474447443437
FP2,glycosylated,11,1,1,5,3.26,-3.09430534338758,-3.08175039173733
FP2,glycosylated,11,1,2,4,11.825,-3.09430534338758,-7.95608278000059
FP2,glycosylated,11,1,3,4,10.401,-3.09430534338758,-5.04943891299087
FP2,glycosylated,11,1,4,3,10.18,-3.09430534338758,-5.12810591942105
FP2,glycosylated,11,1,5,2,9.951,-3.09430534338758,-4.54228312685693
FP2,glycosylated,11,1,6,2,9.576,-3.09430534338758,-4.34664534120663
FP2,glycosylated,11,1,7,2,15.723,-3.09430534338758,-3.98271412388682
FP2,glycosylated,11,1,8,2,7.811,-3.09430534338758,-0.709447979994968
FP2,glycosylated,11,1,9,2,10.203,-3.09430534338758,-4.48788688819203
FP2,glycosylated,11,1,10,2,4.089,-3.09430534338758,-3.03848573319106
FP2,glycosylated,11,1,11,1,7.78,-3.09430534338758,-6.08674346035958
FP2,glycosylated,11,1,12,1,11.082,-3.09430534338758,-5.79049941228877
FP2,glycosylated,11,1,13,1,13.098,-3.09430534338758,-4.88622347756087
FP2,glycosylated,11,1,14,1,10.364,-3.09430534338758,-0.600921476863953
FP2,glycosylated,11,1,15,1,9.493,-3.09430534338758,-6.32591767913286
FP2,glycosylated,11,1,16,1,11.379,-3.09430534338758,-4.94839533836215
FP2,glycosylated,11,1,17,1,10.697,-3.09430534338758,-4.89386694592736
FP2,glycosylated,11,1,18,1,8.229,-3.09430534338758,-4.288688114279
FP2,glycosylated,11,1,19,1,8.094,-3.09430534338758,-3.72474447443437
FP2,aglycone_ester,1,19,1,8,8.927,-4.56952992286149,-1.31225025474679
FP2,aglycone_ester,1,19,2,6,5.783,-4.56952992286149,-4.31763248660165
FP2,aglycone_ester,1,19,3,5,3.244,-4.56952992286149,-3.03076954693708
FP2,aglycone_ester,1,19,4,5,9.155,-4.56952992286149,-4.85490799120845
FP2,aglycone_ester,1,19,5,4,20.159,-4.56952992286149,-2.92307666389932
FP2,aglycone_ester,1,19,6,4,7.225,-4.56952992286149,-0.84013695994478
FP2,aglycone_ester,1,19,7,3,18.435,-4.56952992286149,0.53795857164575
FP2,aglycone_ester,1,19,8,2,20.097,-4.56952992286149,-2.85343731891143
FP2,aglycone_ester,1,19,9,2,6.528,-4.56952992286149,2.00168825067484
FP2,aglycone_ester,1,19,10,2,19.518,-4.56952992286149,-1.00321408391435
FP2,aglycone_ester,1,19,11,2,9.345,-4.56952992286149,0.051471675061745
FP2,aglycone_ester,1,19,12,1,9.965,-4.56952992286149,6.07832921965098
FP2,aglycone_ester,1,19,13,1,10.226,-4.56952992286149,-5.02960570795038
FP2,aglycone_ester,1,19,14,1,11.017,-4.56952992286149,-3.45716539931265
FP2,aglycone_ester,1,19,15,1,11.225,-4.56952992286149,-2.24238135523545
FP2,aglycone_ester,1,19,16,1,8.181,-4.56952992286149,1.07431341791571
FP2,aglycone_ester,1,19,17,1,5.677,-4.56952992286149,1.90168349310317
FP2,aglycone_ester,2,14,1,8,7.676,-4.35423293189801,-1.31225025474679
FP2,aglycone_ester,2,14,2,6,7.154,-4.35423293189801,-4.31763248660165
FP2,aglycone_ester,2,14,3,5,2.21,-4.35423293189801,-3.03076954693708
FP2,aglycone_ester,2,14,4,5,9.624,-4.35423293189801,-4.85490799120845
FP2,aglycone_ester,2,14,5,4,20.239,-4.35423293189801,-2.92307666389932
FP2,aglycone_ester,2,14,6,4,6.186,-4.35423293189801,-0.84013695994478
FP2,aglycone_ester,2,14,7,3,17.694,-4.35423293189801,0.53795857164575
FP2,aglycone_ester,2,14,8,2,20.144,-4.35423293189801,-2.85343731891143
FP2,aglycone_ester,2,14,9,2,5.709,-4.35423293189801,2.00168825067484
FP2,aglycone_ester,2,14,10,2,18.849,-4.35423293189801,-1.00321408391435
FP2,aglycone_ester,2,14,11,2,9.332,-4.35423293189801,0.051471675061745
FP2,aglycone_ester,2,14,12,1,8.827,-4.35423293189801,6.07832921965098
FP2,aglycone_ester,2,14,13,1,10.798,-4.35423293189801,-5.02960570795038
FP2,aglycone_ester,2,14,14,1,10.333,-4.35423293189801,-3.45716539931265
FP2,aglycone_ester,2,14,15,1,11.794,-4.35423293189801,-2.24238135523545
FP2,aglycone_ester,2,14,16,1,7.209,-4.35423293189801,1.07431341791571
FP2,aglycone_ester,2,14,17,1,6.319,-4.35423293189801,1.90168349310317
FP2,aglycone_ester,3,14,1,8,4.204,-4.66935538888675,-1.31225025474679
FP2,aglycone_ester,3,14,2,6,12.385,-4.66935538888675,-4.31763248660165
FP2,aglycone_ester,3,14,3,5,9.538,-4.66935538888675,-3.03076954693708
FP2,aglycone_ester,3,14,4,5,6.991,-4.66935538888675,-4.85490799120845
FP2,aglycone_ester,3,14,5,4,14.17,-4.66935538888675,-2.92307666389932
FP2,aglycone_ester,3,14,6,4,6.73,-4.66935538888675,-0.84013695994478
FP2,aglycone_ester,3,14,7,3,11.563,-4.66935538888675,0.53795857164575
FP2,aglycone_ester,3,14,8,2,14.137,-4.66935538888675,-2.85343731891143
FP2,aglycone_ester,3,14,9,2,8.171,-4.66935538888675,2.00168825067484
FP2,aglycone_ester,3,14,10,2,12.126,-4.66935538888675,-1.00321408391435
FP2,aglycone_ester,3,14,11,2,8.54,-4.66935538888675,0.051471675061745
FP2,aglycone_ester,3,14,12,1,4.178,-4.66935538888675,6.07832921965098
FP2,aglycone_ester,3,14,13,1,8.182,-4.66935538888675,-5.02960570795038
FP2,aglycone_ester,3,14,14,1,2.795,-4.66935538888675,-3.45716539931265
FP2,aglycone_ester,3,14,15,1,9.361,-4.66935538888675,-2.24238135523545
FP2,aglycone_ester,3,14,16,1,5.826,-4.66935538888675,1.07431341791571
FP2,aglycone_ester,3,14,17,1,8.912,-4.66935538888675,1.90168349310317
FP2,aglycone_ester,4,9,1,8,5.201,-4.24160309017226,-1.31225025474679
FP2,aglycone_ester,4,9,2,6,10.943,-4.24160309017226,-4.31763248660165
FP2,aglycone_ester,4,9,3,5,8.789,-4.24160309017226,-3.03076954693708
FP2,aglycone_ester,4,9,4,5,5.968,-4.24160309017226,-4.85490799120845
FP2,aglycone_ester,4,9,5,4,14.836,-4.24160309017226,-2.92307666389932
FP2,aglycone_ester,4,9,6,4,6.706,-4.24160309017226,-0.84013695994478
FP2,aglycone_ester,4,9,7,3,13.081,-4.24160309017226,0.53795857164575
FP2,aglycone_ester,4,9,8,2,14.8,-4.24160309017226,-2.85343731891143
FP2,aglycone_ester,4,9,9,2,7.942,-4.24160309017226,2.00168825067484
FP2,aglycone_ester,4,9,10,2,13.58,-4.24160309017226,-1.00321408391435
FP2,aglycone_ester,4,9,11,2,8.009,-4.24160309017226,0.051471675061745
FP2,aglycone_ester,4,9,12,1,5.317,-4.24160309017226,6.07832921965098
FP2,aglycone_ester,4,9,13,1,7.386,-4.24160309017226,-5.02960570795038
FP2,aglycone_ester,4,9,14,1,4.262,-4.24160309017226,-3.45716539931265
FP2,aglycone_ester,4,9,15,1,8.582,-4.24160309017226,-2.24238135523545
FP2,aglycone_ester,4,9,16,1,6.039,-4.24160309017226,1.07431341791571
FP2,aglycone_ester,4,9,17,1,7.727,-4.24160309017226,1.90168349310317
FP2,aglycone_ester,5,4,1,8,5.284,-2.88395603518842,-1.31225025474679
FP2,aglycone_ester,5,4,2,6,10.549,-2.88395603518842,-4.31763248660165
FP2,aglycone_ester,5,4,3,5,9.487,-2.88395603518842,-3.03076954693708
FP2,aglycone_ester,5,4,4,5,4.336,-2.88395603518842,-4.85490799120845
FP2,aglycone_ester,5,4,5,4,14.483,-2.88395603518842,-2.92307666389932
FP2,aglycone_ester,5,4,6,4,6.395,-2.88395603518842,-0.84013695994478
FP2,aglycone_ester,5,4,7,3,13.211,-2.88395603518842,0.53795857164575
FP2,aglycone_ester,5,4,8,2,14.655,-2.88395603518842,-2.85343731891143
FP2,aglycone_ester,5,4,9,2,7.946,-2.88395603518842,2.00168825067484
FP2,aglycone_ester,5,4,10,2,13.705,-2.88395603518842,-1.00321408391435
FP2,aglycone_ester,5,4,11,2,6.61,-2.88395603518842,0.051471675061745
FP2,aglycone_ester,5,4,12,1,5.724,-2.88395603518842,6.07832921965098
FP2,aglycone_ester,5,4,13,1,5.736,-2.88395603518842,-5.02960570795038
FP2,aglycone_ester,5,4,14,1,4.897,-2.88395603518842,-3.45716539931265
FP2,aglycone_ester,5,4,15,1,6.848,-2.88395603518842,-2.24238135523545
FP2,aglycone_ester,5,4,16,1,5.537,-2.88395603518842,1.07431341791571
FP2,aglycone_ester,5,4,17,1,7.146,-2.88395603518842,1.90168349310317
FP2,aglycone_ester,6,1,1,8,5.553,-2.52263903983015,-1.31225025474679
FP2,aglycone_ester,6,1,2,6,10.615,-2.52263903983015,-4.31763248660165
FP2,aglycone_ester,6,1,3,5,9.119,-2.52263903983015,-3.03076954693708
FP2,aglycone_ester,6,1,4,5,5.575,-2.52263903983015,-4.85490799120845
FP2,aglycone_ester,6,1,5,4,14.663,-2.52263903983015,-2.92307666389932
FP2,aglycone_ester,6,1,6,4,6.874,-2.52263903983015,-0.84013695994478
FP2,aglycone_ester,6,1,7,3,13.234,-2.52263903983015,0.53795857164575
FP2,aglycone_ester,6,1,8,2,14.632,-2.52263903983015,-2.85343731891143
FP2,aglycone_ester,6,1,9,2,8.602,-2.52263903983015,2.00168825067484
FP2,aglycone_ester,6,1,10,2,13.704,-2.52263903983015,-1.00321408391435
FP2,aglycone_ester,6,1,11,2,7.561,-2.52263903983015,0.051471675061745
FP2,aglycone_ester,6,1,12,1,6.408,-2.52263903983015,6.07832921965098
FP2,aglycone_ester,6,1,13,1,6.957,-2.52263903983015,-5.02960570795038
FP2,aglycone_ester,6,1,14,1,5.136,-2.52263903983015,-3.45716539931265
FP2,aglycone_ester,6,1,15,1,8.047,-2.52263903983015,-2.24238135523545
FP2,aglycone_ester,6,1,16,1,6.201,-2.52263903983015,1.07431341791571
FP2,aglycone_ester,6,1,17,1,8.002,-2.52263903983015,1.90168349310317
FP2,aglycone_ester,7,1,1,8,4.219,-2.4348506035105,-1.31225025474679
FP2,aglycone_ester,7,1,2,6,13.814,-2.4348506035105,-4.31763248660165
FP2,aglycone_ester,7,1,3,5,10.81,-2.4348506035105,-3.03076954693708
FP2,aglycone_ester,7,1,4,5,7.925,-2.4348506035105,-4.85490799120845
FP2,aglycone_ester,7,1,5,4,13.102,-2.4348506035105,-2.92307666389932
FP2,aglycone_ester,7,1,6,4,7.211,-2.4348506035105,-0.84013695994478
FP2,aglycone_ester,7,1,7,3,9.735,-2.4348506035105,0.53795857164575
FP2,aglycone_ester,7,1,8,2,13.169,-2.4348506035105,-2.85343731891143
FP2,aglycone_ester,7,1,9,2,8.858,-2.4348506035105,2.00168825067484
FP2,aglycone_ester,7,1,10,2,10.577,-2.4348506035105,-1.00321408391435
FP2,aglycone_ester,7,1,11,2,8.931,-2.4348506035105,0.051471675061745
FP2,aglycone_ester,7,1,12,1,4.344,-2.4348506035105,6.07832921965098
FP2,aglycone_ester,7,1,13,1,8.758,-2.4348506035105,-5.02960570795038
FP2,aglycone_ester,7,1,14,1,2.442,-2.4348506035105,-3.45716539931265
FP2,aglycone_ester,7,1,15,1,9.973,-2.4348506035105,-2.24238135523545
FP2,aglycone_ester,7,1,16,1,6.119,-2.4348506035105,1.07431341791571
FP2,aglycone_ester,7,1,17,1,10.4,-2.4348506035105,1.90168349310317
FP2,aglycone_ester,8,1,1,8,9.323,-1.10082860743409,-1.31225025474679
FP2,aglycone_ester,8,1,2,6,3.992,-1.10082860743409,-4.31763248660165
FP2,aglycone_ester,8,1,3,5,5.698,-1.10082860743409,-3.03076954693708
FP2,aglycone_ester,8,1,4,5,7.312,-1.10082860743409,-4.85490799120845
FP2,aglycone_ester,8,1,5,4,19.524,-1.10082860743409,-2.92307666389932
FP2,aglycone_ester,8,1,6,4,7.105,-1.10082860743409,-0.84013695994478
FP2,aglycone_ester,8,1,7,3,18.651,-1.10082860743409,0.53795857164575
FP2,aglycone_ester,8,1,8,2,19.707,-1.10082860743409,-2.85343731891143
FP2,aglycone_ester,8,1,9,2,6.854,-1.10082860743409,2.00168825067484
FP2,aglycone_ester,8,1,10,2,19.679,-1.10082860743409,-1.00321408391435
FP2,aglycone_ester,8,1,11,2,7.461,-1.10082860743409,0.051471675061745
FP2,aglycone_ester,8,1,12,1,10.613,-1.10082860743409,6.07832921965098
FP2,aglycone_ester,8,1,13,1,8.119,-1.10082860743409,-5.02960570795038
FP2,aglycone_ester,8,1,14,1,11.387,-1.10082860743409,-3.45716539931265
FP2,aglycone_ester,8,1,15,1,8.996,-1.10082860743409,-2.24238135523545
FP2,aglycone_ester,8,1,16,1,7.919,-1.10082860743409,1.07431341791571
FP2,aglycone_ester,8,1,17,1,4.247,-1.10082860743409,1.90168349310317
FP3,glycosylated,1,10,1,21,8.696,-6.53230846593447,-7.29864451092638
FP3,glycosylated,1,10,2,7,7.696,-6.53230846593447,-5.07718104596801
FP3,glycosylated,1,10,3,2,9.038,-6.53230846593447,-4.7317295436902
FP3,glycosylated,1,10,4,2,14.51,-6.53230846593447,-3.84035116096169
FP3,glycosylated,1,10,5,1,4.267,-6.53230846593447,-6.87792097374243
FP3,glycosylated,1,10,6,1,8.071,-6.53230846593447,-5.91171739127247
FP3,glycosylated,1,10,7,1,3.779,-6.53230846593447,-7.34084763993381
FP3,glycosylated,1,10,8,1,12.042,-6.53230846593447,-3.53163316738254
FP3,glycosylated,2,4,1,21,8.926,-5.86558172440188,-7.29864451092638
FP3,glycosylated,2,4,2,7,7.836,-5.86558172440188,-5.07718104596801
FP3,glycosylated,2,4,3,2,7.293,-5.86558172440188,-4.7317295436902
FP3,glycosylated,2,4,4,2,14.934,-5.86558172440188,-3.84035116096169
FP3,glycosylated,2,4,5,1,6.119,-5.86558172440188,-6.87792097374243
FP3,glycosylated,2,4,6,1,7.546,-5.86558172440188,-5.91171739127247
FP3,glycosylated,2,4,7,1,5.511,-5.86558172440188,-7.34084763993381
FP3,glycosylated,2,4,8,1,12.256,-5.86558172440188,-3.53163316738254
FP3,glycosylated,3,3,1,21,5.289,-6.34140700871644,-7.29864451092638
FP3,glycosylated,3,3,2,7,6.065,-6.34140700871644,-5.07718104596801
FP3,glycosylated,3,3,3,2,12.435,-6.34140700871644,-4.7317295436902
FP3,glycosylated,3,3,4,2,9.84,-6.34140700871644,-3.84035116096169
FP3,glycosylated,3,3,5,1,11.089,-6.34140700871644,-6.87792097374243
FP3,glycosylated,3,3,6,1,9.351,-6.34140700871644,-5.91171739127247
FP3,glycosylated,3,3,7,1,10.058,-6.34140700871644,-7.34084763993381
FP3,glycosylated,3,3,8,1,4.181,-6.34140700871644,-3.53163316738254
FP3,glycosylated,4,3,1,21,5.47,-3.0816622335062,-7.29864451092638
FP3,glycosylated,4,3,2,7,5.163,-3.0816622335062,-5.07718104596801
FP3,glycosylated,4,3,3,2,9.895,-3.0816622335062,-4.7317295436902
FP3,glycosylated,4,3,4,2,11.432,-3.0816622335062,-3.84035116096169
FP3,glycosylated,4,3,5,1,3.88,-3.0816622335062,-6.87792097374243
FP3,glycosylated,4,3,6,1,7.715,-3.0816622335062,-5.91171739127247
FP3,glycosylated,4,3,7,1,3.352,-3.0816622335062,-7.34084763993381
FP3,glycosylated,4,3,8,1,8.762,-3.0816622335062,-3.53163316738254
FP3,glycosylated,5,2,1,21,10.72,-7.25950659015639,-7.29864451092638
FP3,glycosylated,5,2,2,7,10.024,-7.25950659015639,-5.07718104596801
FP3,glycosylated,5,2,3,2,10.876,-7.25950659015639,-4.7317295436902
FP3,glycosylated,5,2,4,2,14.536,-7.25950659015639,-3.84035116096169
FP3,glycosylated,5,2,5,1,2.48,-7.25950659015639,-6.87792097374243
FP3,glycosylated,5,2,6,1,9.729,-7.25950659015639,-5.91171739127247
FP3,glycosylated,5,2,7,1,3.422,-7.25950659015639,-7.34084763993381
FP3,glycosylated,5,2,8,1,14.255,-7.25950659015639,-3.53163316738254
FP3,glycosylated,6,2,1,21,10.166,-6.02028363973485,-7.29864451092638
FP3,glycosylated,6,2,2,7,9.561,-6.02028363973485,-5.07718104596801
FP3,glycosylated,6,2,3,2,2.296,-6.02028363973485,-4.7317295436902
FP3,glycosylated,6,2,4,2,13.124,-6.02028363973485,-3.84035116096169
FP3,glycosylated,6,2,5,1,9.733,-6.02028363973485,-6.87792097374243
FP3,glycosylated,6,2,6,1,4.76,-6.02028363973485,-5.91171739127247
FP3,glycosylated,6,2,7,1,8.811,-6.02028363973485,-7.34084763993381
FP3,glycosylated,6,2,8,1,12.418,-6.02028363973485,-3.53163316738254
FP3,glycosylated,7,2,1,21,9.612,-5.88219945439345,-7.29864451092638
FP3,glycosylated,7,2,2,7,8.894,-5.88219945439345,-5.07718104596801
FP3,glycosylated,7,2,3,2,4.33,-5.88219945439345,-4.7317295436902
FP3,glycosylated,7,2,4,2,14.025,-5.88219945439345,-3.84035116096169
FP3,glycosylated,7,2,5,1,8.946,-5.88219945439345,-6.87792097374243
FP3,glycosylated,7,2,6,1,6.231,-5.88219945439345,-5.91171739127247
FP3,glycosylated,7,2,7,1,8.253,-5.88219945439345,-7.34084763993381
FP3,glycosylated,7,2,8,1,12.249,-5.88219945439345,-3.53163316738254
FP3,glycosylated,8,2,1,21,5.298,-5.63141111052028,-7.29864451092638
FP3,glycosylated,8,2,2,7,4.448,-5.63141111052028,-5.07718104596801
FP3,glycosylated,8,2,3,2,9.279,-5.63141111052028,-4.7317295436902
FP3,glycosylated,8,2,4,2,12.576,-5.63141111052028,-3.84035116096169
FP3,glycosylated,8,2,5,1,4.981,-5.63141111052028,-6.87792097374243
FP3,glycosylated,8,2,6,1,7.74,-5.63141111052028,-5.91171739127247
FP3,glycosylated,8,2,7,1,4.02,-5.63141111052028,-7.34084763993381
FP3,glycosylated,8,2,8,1,8.935,-5.63141111052028,-3.53163316738254
FP3,glycosylated,9,1,1,21,10.012,-4.22310055507568,-7.29864451092638
FP3,glycosylated,9,1,2,7,9.818,-4.22310055507568,-5.07718104596801
FP3,glycosylated,9,1,3,2,3.661,-4.22310055507568,-4.7317295436902
FP3,glycosylated,9,1,4,2,10.738,-4.22310055507568,-3.84035116096169
FP3,glycosylated,9,1,5,1,9.881,-4.22310055507568,-6.87792097374243
FP3,glycosylated,9,1,6,1,1.751,-4.22310055507568,-5.91171739127247
FP3,glycosylated,9,1,7,1,9.009,-4.22310055507568,-7.34084763993381
FP3,glycosylated,9,1,8,1,11.075,-4.22310055507568,-3.53163316738254
FP3,glycosylated,10,1,1,21,8.936,-7.18346988973061,-7.29864451092638
FP3,glycosylated,10,1,2,7,8.387,-7.18346988973061,-5.07718104596801
FP3,glycosylated,10,1,3,2,10.455,-7.18346988973061,-4.7317295436902
FP3,glycosylated,10,1,4,2,13.074,-7.18346988973061,-3.84035116096169
FP3,glycosylated,10,1,5,1,1.555,-7.18346988973061,-6.87792097374243
FP3,glycosylated,10,1,6,1,8.83,-7.18346988973061,-5.91171739127247
FP3,glycosylated,10,1,7,1,1.846,-7.18346988973061,-7.34084763993381
FP3,glycosylated,10,1,8,1,12.362,-7.18346988973061,-3.53163316738254
FP3,glycosylated,11,1,1,21,9.582,-3.98435266874699,-7.29864451092638
FP3,glycosylated,11,1,2,7,10.231,-3.98435266874699,-5.07718104596801
FP3,glycosylated,11,1,3,2,8.096,-3.98435266874699,-4.7317295436902
FP3,glycosylated,11,1,4,2,6.284,-3.98435266874699,-3.84035116096169
FP3,glycosylated,11,1,5,1,9.911,-3.98435266874699,-6.87792097374243
FP3,glycosylated,11,1,6,1,4.992,-3.98435266874699,-5.91171739127247
FP3,glycosylated,11,1,7,1,9.53,-3.98435266874699,-7.34084763993381
FP3,glycosylated,11,1,8,1,9.803,-3.98435266874699,-3.53163316738254
FP3,glycosylated,12,1,1,21,5.828,-3.93294228040767,-7.29864451092638
FP3,glycosylated,12,1,2,7,6.351,-3.93294228040767,-5.07718104596801
FP3,glycosylated,12,1,3,2,13.129,-3.93294228040767,-4.7317295436902
FP3,glycosylated,12,1,4,2,10.664,-3.93294228040767,-3.84035116096169
FP3,glycosylated,12,1,5,1,11.711,-3.93294228040767,-6.87792097374243
FP3,glycosylated,12,1,6,1,10.242,-3.93294228040767,-5.91171739127247
FP3,glycosylated,12,1,7,1,10.466,-3.93294228040767,-7.34084763993381
FP3,glycosylated,12,1,8,1,5.93,-3.93294228040767,-3.53163316738254
FP3,glycosylated,13,1,1,21,9.601,-3.48970125707634,-7.29864451092638
FP3,glycosylated,13,1,2,7,9.682,-3.48970125707634,-5.07718104596801
FP3,glycosylated,13,1,3,2,5.183,-3.48970125707634,-4.7317295436902
FP3,glycosylated,13,1,4,2,8.808,-3.48970125707634,-3.84035116096169
FP3,glycosylated,13,1,5,1,8.887,-3.48970125707634,-6.87792097374243
FP3,glycosylated,13,1,6,1,1.98,-3.48970125707634,-5.91171739127247
FP3,glycosylated,13,1,7,1,7.986,-3.48970125707634,-7.34084763993381
FP3,glycosylated,13,1,8,1,10.491,-3.48970125707634,-3.53163316738254
FP3,glycosylated,14,1,1,21,1.239,-3.25344145971528,-7.29864451092638
FP3,glycosylated,14,1,2,7,1.876,-3.25344145971528,-5.07718104596801
FP3,glycosylated,14,1,3,2,11.706,-3.25344145971528,-4.7317295436902
FP3,glycosylated,14,1,4,2,11.69,-3.25344145971528,-3.84035116096169
FP3,glycosylated,14,1,5,1,9.094,-3.25344145971528,-6.87792097374243
FP3,glycosylated,14,1,6,1,9.855,-3.25344145971528,-5.91171739127247
FP3,glycosylated,14,1,7,1,8.147,-3.25344145971528,-7.34084763993381
FP3,glycosylated,14,1,8,1,5.57,-3.25344145971528,-3.53163316738254
FP3,aglycone_ester,1,15,1,19,0.198,-5.90479959350347,-5.18537487848639
FP3,aglycone_ester,1,15,2,13,8.652,-5.90479959350347,-5.90352796457472
FP3,aglycone_ester,1,15,3,10,9.606,-5.90479959350347,-4.55781327755469
FP3,aglycone_ester,1,15,4,9,9.26,-5.90479959350347,-4.97680334810097
FP3,aglycone_ester,1,15,5,3,6.549,-5.90479959350347,1.59524528042099
FP3,aglycone_ester,1,15,6,2,2.216,-5.90479959350347,-4.67002886485948
FP3,aglycone_ester,1,15,7,1,7.496,-5.90479959350347,-3.7646437914985
FP3,aglycone_ester,2,9,1,19,5.464,-5.58952390577843,-5.18537487848639
FP3,aglycone_ester,2,9,2,13,10.802,-5.58952390577843,-5.90352796457472
FP3,aglycone_ester,2,9,3,10,11.248,-5.58952390577843,-4.55781327755469
FP3,aglycone_ester,2,9,4,9,11.263,-5.58952390577843,-4.97680334810097
FP3,aglycone_ester,2,9,5,3,6.002,-5.58952390577843,1.59524528042099
FP3,aglycone_ester,2,9,6,2,4.934,-5.58952390577843,-4.67002886485948
FP3,aglycone_ester,2,9,7,1,7.002,-5.58952390577843,-3.7646437914985
FP3,aglycone_ester,3,4,1,19,5.868,1.6663964865189,-5.18537487848639
FP3,aglycone_ester,3,4,2,13,12.868,1.6663964865189,-5.90352796457472
FP3,aglycone_ester,3,4,3,10,12.738,1.6663964865189,-4.55781327755469
FP3,aglycone_ester,3,4,4,9,12.875,1.6663964865189,-4.97680334810097
FP3,aglycone_ester,3,4,5,3,0.774,1.6663964865189,1.59524528042099
FP3,aglycone_ester,3,4,6,2,5.605,1.6663964865189,-4.67002886485948
FP3,aglycone_ester,3,4,7,1,6.834,1.6663964865189,-3.7646437914985
FP3,aglycone_ester,4,3,1,19,5.773,-5.60615170416478,-5.18537487848639
FP3,aglycone_ester,4,3,2,13,11.56,-5.60615170416478,-5.90352796457472
FP3,aglycone_ester,4,3,3,10,12.233,-5.60615170416478,-4.55781327755469
FP3,aglycone_ester,4,3,4,9,12.038,-5.60615170416478,-4.97680334810097
FP3,aglycone_ester,4,3,5,3,5.783,-5.60615170416478,1.59524528042099
FP3,aglycone_ester,4,3,6,2,5.588,-5.60615170416478,-4.67002886485948
FP3,aglycone_ester,4,3,7,1,4.472,-5.60615170416478,-3.7646437914985
FP3,aglycone_ester,5,3,1,19,8.707,-5.07600359027625,-5.18537487848639
FP3,aglycone_ester,5,3,2,13,0.574,-5.07600359027625,-5.90352796457472
FP3,aglycone_ester,5,3,3,10,3.2,-5.07600359027625,-4.55781327755469
FP3,aglycone_ester,5,3,4,9,1.905,-5.07600359027625,-4.97680334810097
FP3,aglycone_ester,5,3,5,3,13.401,-5.07600359027625,1.59524528042099
FP3,aglycone_ester,5,3,6,2,10.235,-5.07600359027625,-4.67002886485948
FP3,aglycone_ester,5,3,7,1,13.382,-5.07600359027625,-3.7646437914985
FP3,aglycone_ester,6,3,1,19,6.443,-2.71288668419179,-5.18537487848639
FP3,aglycone_ester,6,3,2,13,7.878,-2.71288668419179,-5.90352796457472
FP3,aglycone_ester,6,3,3,10,8.409,-2.71288668419179,-4.55781327755469
FP3,aglycone_ester,6,3,4,9,8.254,-2.71288668419179,-4.97680334810097
FP3,aglycone_ester,6,3,5,3,8.453,-2.71288668419179,1.59524528042099
FP3,aglycone_ester,6,3,6,2,7.005,-2.71288668419179,-4.67002886485948
FP3,aglycone_ester,6,3,7,1,8.315,-2.71288668419179,-3.7646437914985
FP3,aglycone_ester,7,3,1,19,8.938,-2.64217734226669,-5.18537487848639
FP3,aglycone_ester,7,3,2,13,14.256,-2.64217734226669,-5.90352796457472
FP3,aglycone_ester,7,3,3,10,14.944,-2.64217734226669,-4.55781327755469
FP3,aglycone_ester,7,3,4,9,14.804,-2.64217734226669,-4.97680334810097
FP3,aglycone_ester,7,3,5,3,8.612,-2.64217734226669,1.59524528042099
FP3,aglycone_ester,7,3,6,2,7.641,-2.64217734226669,-4.67002886485948
FP3,aglycone_ester,7,3,7,1,10.692,-2.64217734226669,-3.7646437914985
FP3,aglycone_ester,8,2,1,19,1.954,-0.485539414191229,-5.18537487848639
FP3,aglycone_ester,8,2,2,13,9.869,-0.485539414191229,-5.90352796457472
FP3,aglycone_ester,8,2,3,10,10.807,-0.485539414191229,-4.55781327755469
FP3,aglycone_ester,8,2,4,9,10.521,-0.485539414191229,-4.97680334810097
FP3,aglycone_ester,8,2,5,3,6.305,-0.485539414191229,1.59524528042099
FP3,aglycone_ester,8,2,6,2,0.61,-0.485539414191229,-4.67002886485948
FP3,aglycone_ester,8,2,7,1,7.881,-0.485539414191229,-3.7646437914985
FP3,aglycone_ester,9,2,1,19,9.281,-2.43306866636773,-5.18537487848639
FP3,aglycone_ester,9,2,2,13,1.862,-2.43306866636773,-5.90352796457472
FP3,aglycone_ester,9,2,3,10,1.956,-2.43306866636773,-4.55781327755469
FP3,aglycone_ester,9,2,4,9,0.19,-2.43306866636773,-4.97680334810097
FP3,aglycone_ester,9,2,5,3,13.369,-2.43306866636773,1.59524528042099
FP3,aglycone_ester,9,2,6,2,10.869,-2.43306866636773,-4.67002886485948
FP3,aglycone_ester,9,2,7,1,13.782,-2.43306866636773,-3.7646437914985
FP3,aglycone_ester,10,1,1,19,7.806,-0.644794418373137,-5.18537487848639
FP3,aglycone_ester,10,1,2,13,13.764,-0.644794418373137,-5.90352796457472
FP3,aglycone_ester,10,1,3,10,14.533,-0.644794418373137,-4.55781327755469
FP3,aglycone_ester,10,1,4,9,14.258,-0.644794418373137,-4.97680334810097
FP3,aglycone_ester,10,1,5,3,7.197,-0.644794418373137,1.59524528042099
FP3,aglycone_ester,10,1,6,2,7.969,-0.644794418373137,-4.67002886485948
FP3,aglycone_ester,10,1,7,1,1.594,-0.644794418373137,-3.7646437914985
FP3,aglycone_ester,11,1,1,19,8.769,0.0426023348164311,-5.18537487848639
FP3,aglycone_ester,11,1,2,13,15.124,0.0426023348164311,-5.90352796457472
FP3,aglycone_ester,11,1,3,10,15.599,0.0426023348164311,-4.55781327755469
FP3,aglycone_ester,11,1,4,9,15.405,0.0426023348164311,-4.97680334810097
FP3,aglycone_ester,11,1,5,3,6.66,0.0426023348164311,1.59524528042099
FP3,aglycone_ester,11,1,6,2,8.935,0.0426023348164311,-4.67002886485948
FP3,aglycone_ester,11,1,7,1,2.826,0.0426023348164311,-3.7646437914985
FP3,aglycone_ester,12,1,1,19,9.675,2.11091774964505,-5.18537487848639
FP3,aglycone_ester,12,1,2,13,3.169,2.11091774964505,-5.90352796457472
FP3,aglycone_ester,12,1,3,10,0.87,2.11091774964505,-4.55781327755469
FP3,aglycone_ester,12,1,4,9,2.104,2.11091774964505,-4.97680334810097
FP3,aglycone_ester,12,1,5,3,13.296,2.11091774964505,1.59524528042099
FP3,aglycone_ester,12,1,6,2,11.165,2.11091774964505,-4.67002886485948
FP3,aglycone_ester,12,1,7,1,14.059,2.11091774964505,-3.7646437914985
FP3,aglycone_ester,13,1,1,19,6.206,-2.7121590234411,-5.18537487848639
FP3,aglycone_ester,13,1,2,13,8.897,-2.7121590234411,-5.90352796457472
FP3,aglycone_ester,13,1,3,10,9.619,-2.7121590234411,-4.55781327755469
FP3,aglycone_ester,13,1,4,9,9.426,-2.7121590234411,-4.97680334810097
FP3,aglycone_ester,13,1,5,3,8.316,-2.7121590234411,1.59524528042099
FP3,aglycone_ester,13,1,6,2,6.104,-2.7121590234411,-4.67002886485948
FP3,aglycone_ester,13,1,7,1,8.934,-2.7121590234411,-3.7646437914985
