target,architecture,rule,OH_member,Cl_member,OH_value,Cl_value,Cl_minus_OH,OH_pose_record,Cl_pose_record,OH_states_returned,Cl_states_returned
FP2,glycosylated,minimum_DockingScore,Parent_SANC00867,AnalogueA,-6.28569490821589,-7.95608278000059,-1.6703878717846994,3,2,2,2
FP2,aglycone_ester,minimum_DockingScore,AnalogueB,OPT1,-4.56952992286149,-4.31763248660165,0.2518974362598394,5,6,5,3
FP3,glycosylated,minimum_DockingScore,Parent_SANC00867,AnalogueA,-6.53230846593447,-7.29864451092638,-0.7663360449919097,3,2,2,2
FP3,aglycone_ester,minimum_DockingScore,AnalogueB,OPT1,-5.90479959350347,-5.47008942164027,0.43471017186320005,4,5,5,3
FP2,glycosylated,minimum_GlideScore,Parent_SANC00867,AnalogueA,-8.20679490821589,-7.98468278000059,0.22211212821530069,3,2,2,2
FP2,aglycone_ester,minimum_GlideScore,AnalogueB,OPT1,-5.80910309017226,-4.38163248660165,1.42747060357061,7,6,5,3
FP3,glycosylated,minimum_GlideScore,Parent_SANC00867,AnalogueA,-6.56090846593447,-7.32724451092638,-0.7663360449919097,3,2,2,2
FP3,aglycone_ester,minimum_GlideScore,AnalogueB,OPT1,-6.07329959350347,-5.55881162300678,0.51448797049669,4,8,5,3
FP2,glycosylated,minimum_DockingScore_SPes4,Parent_SANC00867,AnalogueA,-6.91805389442982,-6.32591767913286,0.5921362152969607,2,7,20,19
FP2,aglycone_ester,minimum_DockingScore_SPes4,AnalogueB,OPT1,-4.66935538888675,-5.02960570795038,-0.36025031906363036,21,17,50,30
FP3,glycosylated,minimum_DockingScore_SPes4,Parent_SANC00867,AnalogueA,-7.25950659015639,-7.34084763993381,-0.08134104977741963,3,2,20,20
FP3,aglycone_ester,minimum_DockingScore_SPes4,AnalogueB,OPT1,-5.60615170416478,-5.90352796457472,-0.2973762604099397,21,12,47,30
FP2,glycosylated,minimum_GlideScore_SPes4,Parent_SANC00867,AnalogueA,-6.94665389442982,-6.40898688819203,0.5376670062377906,2,24,20,19
FP2,aglycone_ester,minimum_GlideScore_SPes4,AnalogueB,OPT1,-6.90350861227834,-5.09360570795038,1.8099029043279593,27,17,50,30
FP3,glycosylated,minimum_GlideScore_SPes4,Parent_SANC00867,AnalogueA,-7.28810659015639,-7.36944763993381,-0.08134104977741963,3,2,20,20
FP3,aglycone_ester,minimum_GlideScore_SPes4,AnalogueB,OPT1,-5.78883720675922,-5.96752796457472,-0.1786907578154997,70,12,47,30
FP2,glycosylated,minimum_DockingScore_XPn10,Parent_SANC00867,AnalogueA,-6.28569490821589,-7.95608278000059,-1.6703878717846994,4,2,20,16
FP2,aglycone_ester,minimum_DockingScore_XPn10,AnalogueB,OPT1,-4.56952992286149,-4.31763248660165,0.2518974362598394,12,15,50,16
FP3,glycosylated,minimum_DockingScore_XPn10,Parent_SANC00867,AnalogueA,-6.53230846593447,-7.29864451092638,-0.7663360449919097,8,2,12,14
FP3,aglycone_ester,minimum_DockingScore_XPn10,AnalogueB,OPT1,-5.90479959350347,-5.18537487848639,0.7194247150170803,13,16,29,24
FP2,glycosylated,minimum_GlideScore_XPn10,Parent_SANC00867,AnalogueA,-8.20679490821589,-7.98468278000059,0.22211212821530069,4,2,20,16
FP2,aglycone_ester,minimum_GlideScore_XPn10,AnalogueB,OPT1,-5.80910309017226,-4.38163248660165,1.42747060357061,16,15,50,16
FP3,glycosylated,minimum_GlideScore_XPn10,Parent_SANC00867,AnalogueA,-6.56090846593447,-7.32724451092638,-0.7663360449919097,8,2,12,14
FP3,aglycone_ester,minimum_GlideScore_XPn10,AnalogueB,OPT1,-6.07329959350347,-5.76757177952033,0.30572781398313964,13,29,29,24
