target,compound,architecture,para_group,cluster,poses,fraction_of_ensemble,best_DockingScore,mean_DockingScore,within_cluster_core_rmsd_A,runs,contains_reported_pose
FP2,AnalogueA,glycosylated,Cl,1,5,0.135,-3.08175039173733,-2.79458178839403,0.878,SPes4,False
FP2,AnalogueA,glycosylated,Cl,2,4,0.108,-7.95608278000059,-7.3031078014700075,0.52,SPes4;XPn10;reported,True
FP2,AnalogueA,glycosylated,Cl,3,4,0.108,-5.04943891299087,-4.95325400339532,0.125,XPn10;reported,True
FP2,AnalogueA,glycosylated,Cl,4,3,0.081,-5.12810591942105,-5.087925855707737,0.175,SPes4,False
FP2,AnalogueA,glycosylated,Cl,5,2,0.054,-4.54228312685693,-4.25168295355957,0.154,XPn10,False
FP2,AnalogueA,glycosylated,Cl,6,2,0.054,-4.34664534120663,-4.34252144686539,0.197,SPes4;XPn10,False
FP2,AnalogueA,glycosylated,Cl,7,2,0.054,-3.98271412388682,-3.9326254015820803,0.086,XPn10,False
FP2,AnalogueA,glycosylated,Cl,8,2,0.054,-0.709447979994968,-0.3464733518158397,0.336,XPn10,False
FP2,AnalogueA,glycosylated,Cl,9,2,0.054,-4.48788688819203,-4.4466671798937405,0.033,SPes4,False
FP2,AnalogueA,glycosylated,Cl,10,2,0.054,-3.03848573319106,-2.6516287885120047,0.71,SPes4,False
FP2,AnalogueA,glycosylated,Cl,11,1,0.027,-6.08674346035958,-6.08674346035958,0.0,XPn10,False
FP2,AnalogueA,glycosylated,Cl,12,1,0.027,-5.79049941228877,-5.79049941228877,0.0,XPn10,False
FP2,AnalogueA,glycosylated,Cl,13,1,0.027,-4.88622347756087,-4.88622347756087,0.0,XPn10,False
FP2,AnalogueA,glycosylated,Cl,14,1,0.027,-0.600921476863953,-0.600921476863953,0.0,XPn10,False
FP2,AnalogueA,glycosylated,Cl,15,1,0.027,-6.32591767913286,-6.32591767913286,0.0,SPes4,False
FP2,AnalogueA,glycosylated,Cl,16,1,0.027,-4.94839533836215,-4.94839533836215,0.0,SPes4,False
FP2,AnalogueA,glycosylated,Cl,17,1,0.027,-4.89386694592736,-4.89386694592736,0.0,SPes4,False
FP2,AnalogueA,glycosylated,Cl,18,1,0.027,-4.288688114279,-4.288688114279,0.0,SPes4,False
FP2,AnalogueA,glycosylated,Cl,19,1,0.027,-3.72474447443437,-3.72474447443437,0.0,SPes4,False
FP2,AnalogueB,aglycone_ester,OH,1,19,0.302,-4.56952992286149,-2.1487997602391795,0.993,SPes4;XPn10;reported,True
FP2,AnalogueB,aglycone_ester,OH,2,14,0.222,-4.35423293189801,-3.3305315173510235,0.977,SPes4;XPn10,False
FP2,AnalogueB,aglycone_ester,OH,3,14,0.222,-4.66935538888675,-3.3627100602509885,0.812,SPes4;XPn10,False
FP2,AnalogueB,aglycone_ester,OH,4,9,0.143,-4.24160309017226,-3.0031264559677266,0.793,SPes4;XPn10;reported,True
FP2,AnalogueB,aglycone_ester,OH,5,4,0.063,-2.88395603518842,-2.8395238378938976,0.741,SPes4,False
FP2,AnalogueB,aglycone_ester,OH,6,1,0.016,-2.52263903983015,-2.52263903983015,0.0,XPn10,False
FP2,AnalogueB,aglycone_ester,OH,7,1,0.016,-2.4348506035105,-2.4348506035105,0.0,XPn10,False
FP2,AnalogueB,aglycone_ester,OH,8,1,0.016,-1.10082860743409,-1.10082860743409,0.0,XPn10,False
FP2,OPT1,aglycone_ester,Cl,1,8,0.163,-1.31225025474679,-0.2102116955407715,0.372,SPes4,False
FP2,OPT1,aglycone_ester,Cl,2,6,0.122,-4.31763248660165,-2.685584672149316,0.652,XPn10;reported,True
FP2,OPT1,aglycone_ester,Cl,3,5,0.102,-3.03076954693708,-2.3377468929985716,0.497,SPes4;XPn10,False
FP2,OPT1,aglycone_ester,Cl,4,5,0.102,-4.85490799120845,-2.565080365330266,0.9,SPes4;XPn10,False
FP2,OPT1,aglycone_ester,Cl,5,4,0.082,-2.92307666389932,-1.1286033551513135,0.716,SPes4;XPn10;reported,True
FP2,OPT1,aglycone_ester,Cl,6,4,0.082,-0.84013695994478,0.40994566464854626,0.614,SPes4,False
FP2,OPT1,aglycone_ester,Cl,7,3,0.061,0.53795857164575,1.3189462005233399,0.723,SPes4,False
FP2,OPT1,aglycone_ester,Cl,8,2,0.041,-2.85343731891143,-1.7714756361381747,0.752,SPes4;XPn10,False
FP2,OPT1,aglycone_ester,Cl,9,2,0.041,2.00168825067484,2.5563258577955903,0.753,XPn10,False
FP2,OPT1,aglycone_ester,Cl,10,2,0.041,-1.00321408391435,-0.8098734404347305,0.292,SPes4,False
FP2,OPT1,aglycone_ester,Cl,11,2,0.041,0.051471675061745,0.0536257856851723,0.716,SPes4,False
FP2,OPT1,aglycone_ester,Cl,12,1,0.02,6.07832921965098,6.07832921965098,0.0,XPn10,False
FP2,OPT1,aglycone_ester,Cl,13,1,0.02,-5.02960570795038,-5.02960570795038,0.0,SPes4,False
FP2,OPT1,aglycone_ester,Cl,14,1,0.02,-3.45716539931265,-3.45716539931265,0.0,SPes4,False
FP2,OPT1,aglycone_ester,Cl,15,1,0.02,-2.24238135523545,-2.24238135523545,0.0,SPes4,False
FP2,OPT1,aglycone_ester,Cl,16,1,0.02,1.07431341791571,1.07431341791571,0.0,SPes4,False
FP2,OPT1,aglycone_ester,Cl,17,1,0.02,1.90168349310317,1.90168349310317,0.0,SPes4,False
FP2,Parent_SANC00867,glycosylated,OH,1,10,0.238,-6.06489405760556,-3.773613486532549,0.793,SPes4;XPn10;reported,True
FP2,Parent_SANC00867,glycosylated,OH,2,7,0.167,-6.50641071515583,-6.224855056293544,1.035,SPes4;XPn10;reported,True
FP2,Parent_SANC00867,glycosylated,OH,3,6,0.143,-4.19887523539663,-2.84529035603783,0.848,SPes4;XPn10,False
FP2,Parent_SANC00867,glycosylated,OH,4,5,0.119,-6.91805389442982,-5.897402078996268,0.595,SPes4,False
FP2,Parent_SANC00867,glycosylated,OH,5,3,0.071,-2.25466059209492,-2.10067179277339,0.288,XPn10,False
FP2,Parent_SANC00867,glycosylated,OH,6,3,0.071,-1.02441429582035,-0.08885913005115391,0.871,XPn10,False
FP2,Parent_SANC00867,glycosylated,OH,7,2,0.048,-1.6189417979778,0.90396988851874,0.805,XPn10,False
FP2,Parent_SANC00867,glycosylated,OH,8,2,0.048,1.21300374215207,1.42949796924889,0.035,XPn10,False
FP2,Parent_SANC00867,glycosylated,OH,9,2,0.048,-4.16167167138161,-3.973077231896025,0.747,SPes4,False
FP2,Parent_SANC00867,glycosylated,OH,10,1,0.024,-3.664972010393,-3.664972010393,0.0,XPn10,False
FP2,Parent_SANC00867,glycosylated,OH,11,1,0.024,-3.09430534338758,-3.09430534338758,0.0,SPes4,False
FP3,AnalogueA,glycosylated,Cl,1,21,0.583,-7.29864451092638,-5.821593910699225,0.696,SPes4;XPn10;reported,True
FP3,AnalogueA,glycosylated,Cl,2,7,0.194,-5.07718104596801,-4.261548919793499,0.719,SPes4;XPn10;reported,True
FP3,AnalogueA,glycosylated,Cl,3,2,0.056,-4.7317295436902,-4.66840159391049,0.013,XPn10,False
FP3,AnalogueA,glycosylated,Cl,4,2,0.056,-3.84035116096169,-3.603283571844425,0.197,XPn10,False
FP3,AnalogueA,glycosylated,Cl,5,1,0.028,-6.87792097374243,-6.87792097374243,0.0,XPn10,False
FP3,AnalogueA,glycosylated,Cl,6,1,0.028,-5.91171739127247,-5.91171739127247,0.0,XPn10,False
FP3,AnalogueA,glycosylated,Cl,7,1,0.028,-7.34084763993381,-7.34084763993381,0.0,SPes4,False
FP3,AnalogueA,glycosylated,Cl,8,1,0.028,-3.53163316738254,-3.53163316738254,0.0,SPes4,False
FP3,AnalogueB,aglycone_ester,OH,1,15,0.312,-5.90479959350347,-3.323416797598009,0.827,SPes4;XPn10;reported,True
FP3,AnalogueB,aglycone_ester,OH,2,9,0.188,-5.58952390577843,-4.769194430985436,1.13,SPes4,False
FP3,AnalogueB,aglycone_ester,OH,3,4,0.083,1.6663964865189,2.3035104536798876,0.521,XPn10,False
FP3,AnalogueB,aglycone_ester,OH,4,3,0.062,-5.60615170416478,-4.068455258770684,0.628,SPes4;XPn10,False
FP3,AnalogueB,aglycone_ester,OH,5,3,0.062,-5.07600359027625,-2.7613889725799603,0.044,SPes4;XPn10,False
FP3,AnalogueB,aglycone_ester,OH,6,3,0.062,-2.71288668419179,-2.70395602998749,0.702,SPes4,False
FP3,AnalogueB,aglycone_ester,OH,7,3,0.062,-2.64217734226669,-2.6150270225152403,0.649,SPes4,False
FP3,AnalogueB,aglycone_ester,OH,8,2,0.042,-0.485539414191229,0.6111712553339105,0.172,XPn10,False
FP3,AnalogueB,aglycone_ester,OH,9,2,0.042,-2.43306866636773,-2.26501939885848,0.714,SPes4,False
FP3,AnalogueB,aglycone_ester,OH,10,1,0.021,-0.644794418373137,-0.644794418373137,0.0,XPn10,False
FP3,AnalogueB,aglycone_ester,OH,11,1,0.021,0.0426023348164311,0.0426023348164311,0.0,XPn10,False
FP3,AnalogueB,aglycone_ester,OH,12,1,0.021,2.11091774964505,2.11091774964505,0.0,XPn10,False
FP3,AnalogueB,aglycone_ester,OH,13,1,0.021,-2.7121590234411,-2.7121590234411,0.0,SPes4,False
FP3,OPT1,aglycone_ester,Cl,1,19,0.333,-5.18537487848639,-3.138436555039714,0.918,XPn10;reported,True
FP3,OPT1,aglycone_ester,Cl,2,13,0.228,-5.90352796457472,-4.7109484516387266,0.696,SPes4;XPn10;reported,True
FP3,OPT1,aglycone_ester,Cl,3,10,0.175,-4.55781327755469,-2.905783371738004,1.107,SPes4,False
FP3,OPT1,aglycone_ester,Cl,4,9,0.158,-4.97680334810097,-3.5441700034283814,1.034,SPes4,False
FP3,OPT1,aglycone_ester,Cl,5,3,0.053,1.59524528042099,2.448446275357767,0.326,XPn10,False
FP3,OPT1,aglycone_ester,Cl,6,2,0.035,-4.67002886485948,-4.662957310880355,0.027,XPn10,False
FP3,OPT1,aglycone_ester,Cl,7,1,0.018,-3.7646437914985,-3.7646437914985,0.0,SPes4,False
FP3,Parent_SANC00867,glycosylated,OH,1,10,0.294,-6.53230846593447,-2.7851671895919536,0.516,XPn10;reported,True
FP3,Parent_SANC00867,glycosylated,OH,2,4,0.118,-5.86558172440188,-3.7447722027024897,0.973,SPes4,False
FP3,Parent_SANC00867,glycosylated,OH,3,3,0.088,-6.34140700871644,-6.00237397149202,0.121,XPn10,False
FP3,Parent_SANC00867,glycosylated,OH,4,3,0.088,-3.0816622335062,-2.8146292091344605,0.881,SPes4,False
FP3,Parent_SANC00867,glycosylated,OH,5,2,0.059,-7.25950659015639,-7.1925419870275,0.939,SPes4,False
FP3,Parent_SANC00867,glycosylated,OH,6,2,0.059,-6.02028363973485,-5.930644944984055,0.709,SPes4,False
FP3,Parent_SANC00867,glycosylated,OH,7,2,0.059,-5.88219945439345,-5.5393332680810445,0.069,SPes4,False
FP3,Parent_SANC00867,glycosylated,OH,8,2,0.059,-5.63141111052028,-5.589668654331435,0.711,SPes4,False
FP3,Parent_SANC00867,glycosylated,OH,9,1,0.029,-4.22310055507568,-4.22310055507568,0.0,XPn10,False
FP3,Parent_SANC00867,glycosylated,OH,10,1,0.029,-7.18346988973061,-7.18346988973061,0.0,SPes4,False
FP3,Parent_SANC00867,glycosylated,OH,11,1,0.029,-3.98435266874699,-3.98435266874699,0.0,SPes4,False
FP3,Parent_SANC00867,glycosylated,OH,12,1,0.029,-3.93294228040767,-3.93294228040767,0.0,SPes4,False
FP3,Parent_SANC00867,glycosylated,OH,13,1,0.029,-3.48970125707634,-3.48970125707634,0.0,SPes4,False
FP3,Parent_SANC00867,glycosylated,OH,14,1,0.029,-3.25344145971528,-3.25344145971528,0.0,SPes4,False
