target,rule,glycosylated_change,aglycone_change,difference_of_effects,architecture_OH,architecture_Cl
FP2,minimum_DockingScore,-1.6703878717846994,0.2518974362598394,1.9222853080445388,1.7161649853544008,3.6384502933989396
FP3,minimum_DockingScore,-0.7663360449919097,0.43471017186320005,1.2010462168551097,0.6275088724310001,1.8285550892861098
FP2,minimum_GlideScore,0.22211212821530069,1.42747060357061,1.2053584753553093,2.39769181804363,3.6030502933989395
FP3,minimum_GlideScore,-0.7663360449919097,0.51448797049669,1.2808240154885997,0.48760887243100015,1.7684328879195998
FP2,minimum_DockingScore_SPes4,0.5921362152969607,-0.36025031906363036,-0.9523865343605911,2.2486985055430706,1.2963119711824795
FP3,minimum_DockingScore_SPes4,-0.08134104977741963,-0.2973762604099397,-0.21603521063252007,1.65335488599161,1.43731967535909
FP2,minimum_GlideScore_SPes4,0.5376670062377906,1.8099029043279593,1.2722358980901687,0.043145282151480835,1.3153811802416495
FP3,minimum_GlideScore_SPes4,-0.08134104977741963,-0.1786907578154997,-0.09734970803808007,1.49926938339717,1.40191967535909
FP2,minimum_DockingScore_XPn10,-1.6703878717846994,0.2518974362598394,1.9222853080445388,1.7161649853544008,3.6384502933989396
FP3,minimum_DockingScore_XPn10,-0.7663360449919097,0.7194247150170803,1.48576076000899,0.6275088724310001,2.11326963243999
FP2,minimum_GlideScore_XPn10,0.22211212821530069,1.42747060357061,1.2053584753553093,2.39769181804363,3.6030502933989395
FP3,minimum_GlideScore_XPn10,-0.7663360449919097,0.30572781398313964,1.0720638589750493,0.48760887243100015,1.5596727314060495
