target,run,source,source_sha256,pose_index,title,variant,pose_rank_within_compound,formal_charge,DockingScore,GlideScore,glide_emodel,glide_energy,in_matched_set
FP2,XPn10,FP2_matched_n10_pv.maegz,ced819b84309246d57da23fc64a39526439c9eeb79a85838e5ce48442d9c3717,2,AnalogueA,AnalogueA-1,1,0,-7.95608278000059,-7.98468278000059,-75.2036715412056,-61.9637794494629,True
FP2,XPn10,FP2_matched_n10_pv.maegz,ced819b84309246d57da23fc64a39526439c9eeb79a85838e5ce48442d9c3717,3,AnalogueA,AnalogueA-1,2,0,-7.46856174007596,-7.49716174007596,-63.0251736644929,-56.7704634666443,True
FP2,XPn10,FP2_matched_n10_pv.maegz,ced819b84309246d57da23fc64a39526439c9eeb79a85838e5ce48442d9c3717,4,Parent_SANC00867,Parent_SANC00867-2,1,-1,-6.28569490821589,-8.20679490821589,-63.7045707702637,-47.6756505966187,True
FP2,XPn10,FP2_matched_n10_pv.maegz,ced819b84309246d57da23fc64a39526439c9eeb79a85838e5ce48442d9c3717,5,Parent_SANC00867,Parent_SANC00867-2,2,-1,-6.19550872732974,-8.11660872732974,-64.8318328857422,-47.9186153411865,True
FP2,XPn10,FP2_matched_n10_pv.maegz,ced819b84309246d57da23fc64a39526439c9eeb79a85838e5ce48442d9c3717,6,AnalogueA,AnalogueA-1,3,0,-6.08674346035958,-6.11534346035958,-62.5069446334955,-49.4081964492798,True
FP2,XPn10,FP2_matched_n10_pv.maegz,ced819b84309246d57da23fc64a39526439c9eeb79a85838e5ce48442d9c3717,7,AnalogueA,AnalogueA-1,4,0,-5.79049941228877,-5.81909941228877,-62.1080169677734,-51.164897441864,True
FP2,XPn10,FP2_matched_n10_pv.maegz,ced819b84309246d57da23fc64a39526439c9eeb79a85838e5ce48442d9c3717,8,AnalogueA,AnalogueA-2,5,-1,-5.04943891299087,-6.97053891299087,-66.6884251423019,-52.3368854522705,True
FP2,XPn10,FP2_matched_n10_pv.maegz,ced819b84309246d57da23fc64a39526439c9eeb79a85838e5ce48442d9c3717,9,AnalogueA,AnalogueA-2,6,-1,-4.93577938668901,-6.85687938668901,-71.9648474506405,-53.9866514205933,True
FP2,XPn10,FP2_matched_n10_pv.maegz,ced819b84309246d57da23fc64a39526439c9eeb79a85838e5ce48442d9c3717,10,AnalogueA,AnalogueA-2,7,-1,-4.88622347756087,-6.80732347756087,-72.6464920043945,-60.497163772583,True
FP2,XPn10,FP2_matched_n10_pv.maegz,ced819b84309246d57da23fc64a39526439c9eeb79a85838e5ce48442d9c3717,11,AnalogueA,AnalogueA-2,8,-1,-4.77835880091053,-6.69945880091053,-66.8727824653996,-53.8318271636963,True
FP2,XPn10,FP2_matched_n10_pv.maegz,ced819b84309246d57da23fc64a39526439c9eeb79a85838e5ce48442d9c3717,12,AnalogueB,AnalogueB-1,1,0,-4.56952992286149,-4.73802992286149,-55.5810279846191,-41.62371301651,True
FP2,XPn10,FP2_matched_n10_pv.maegz,ced819b84309246d57da23fc64a39526439c9eeb79a85838e5ce48442d9c3717,13,AnalogueA,AnalogueA-2,9,-1,-4.54228312685693,-6.46338312685693,-66.6706105127147,-50.1527142524719,True
FP2,XPn10,FP2_matched_n10_pv.maegz,ced819b84309246d57da23fc64a39526439c9eeb79a85838e5ce48442d9c3717,14,AnalogueA,AnalogueA-1,10,0,-4.33839755252415,-4.36699755252415,-62.407356262207,-46.5137348175049,True
FP2,XPn10,FP2_matched_n10_pv.maegz,ced819b84309246d57da23fc64a39526439c9eeb79a85838e5ce48442d9c3717,15,OPT1,OPT1-1,1,0,-4.31763248660165,-4.38163248660165,-48.1937596875634,-39.431079864502,True
FP2,XPn10,FP2_matched_n10_pv.maegz,ced819b84309246d57da23fc64a39526439c9eeb79a85838e5ce48442d9c3717,16,AnalogueB,AnalogueB-3,2,-1,-4.24160309017226,-5.80910309017226,-59.4546408016058,-44.8693790435791,True
FP2,XPn10,FP2_matched_n10_pv.maegz,ced819b84309246d57da23fc64a39526439c9eeb79a85838e5ce48442d9c3717,17,AnalogueB,AnalogueB-1,3,0,-4.2261715831933,-4.3946715831933,-61.5047912597656,-46.36692237854,True
FP2,XPn10,FP2_matched_n10_pv.maegz,ced819b84309246d57da23fc64a39526439c9eeb79a85838e5ce48442d9c3717,18,OPT1,OPT1-1,2,0,-4.09144840244632,-4.15544840244632,-49.0011432788116,-39.4522914886475,True
FP2,XPn10,FP2_matched_n10_pv.maegz,ced819b84309246d57da23fc64a39526439c9eeb79a85838e5ce48442d9c3717,19,AnalogueB,AnalogueB-1,4,0,-4.01588605232172,-4.18438605232172,-60.748851776123,-46.1982221603394,True
FP2,XPn10,FP2_matched_n10_pv.maegz,ced819b84309246d57da23fc64a39526439c9eeb79a85838e5ce48442d9c3717,20,AnalogueA,AnalogueA-1,11,0,-3.98271412388682,-4.01131412388682,-61.7186544916104,-47.6820011138916,True
FP2,XPn10,FP2_matched_n10_pv.maegz,ced819b84309246d57da23fc64a39526439c9eeb79a85838e5ce48442d9c3717,21,AnalogueA,AnalogueA-2,12,-1,-3.96108278026221,-5.88218278026221,-66.6967269000195,-50.6425185203552,True
FP2,XPn10,FP2_matched_n10_pv.maegz,ced819b84309246d57da23fc64a39526439c9eeb79a85838e5ce48442d9c3717,22,Parent_SANC00867,Parent_SANC00867-1,3,0,-3.93786324402613,-3.96646324402613,-71.9780091585081,-56.0904006958008,True
FP2,XPn10,FP2_matched_n10_pv.maegz,ced819b84309246d57da23fc64a39526439c9eeb79a85838e5ce48442d9c3717,23,AnalogueA,AnalogueA-1,13,0,-3.88253667927734,-3.91113667927734,-62.5077851760393,-47.8883209228516,True
FP2,XPn10,FP2_matched_n10_pv.maegz,ced819b84309246d57da23fc64a39526439c9eeb79a85838e5ce48442d9c3717,24,AnalogueB,AnalogueB-1,5,0,-3.86479522581882,-4.03329522581882,-57.8095701059067,-43.1187815666199,True
FP2,XPn10,FP2_matched_n10_pv.maegz,ced819b84309246d57da23fc64a39526439c9eeb79a85838e5ce48442d9c3717,25,AnalogueB,AnalogueB-1,6,0,-3.81850368800173,-3.98700368800173,-56.2770320128039,-44.0469226837158,True
FP2,XPn10,FP2_matched_n10_pv.maegz,ced819b84309246d57da23fc64a39526439c9eeb79a85838e5ce48442d9c3717,26,AnalogueB,AnalogueB-1,7,0,-3.79497571641522,-3.96347571641522,-56.0865477975772,-43.8516998291016,True
FP2,XPn10,FP2_matched_n10_pv.maegz,ced819b84309246d57da23fc64a39526439c9eeb79a85838e5ce48442d9c3717,27,AnalogueB,AnalogueB-3,8,-1,-3.79320833833942,-5.36070833833942,-55.5469573577165,-42.7538938522339,True
FP2,XPn10,FP2_matched_n10_pv.maegz,ced819b84309246d57da23fc64a39526439c9eeb79a85838e5ce48442d9c3717,28,Parent_SANC00867,Parent_SANC00867-1,4,0,-3.664972010393,-3.693572010393,-66.9171023435919,-56.4940958023071,True
FP2,XPn10,FP2_matched_n10_pv.maegz,ced819b84309246d57da23fc64a39526439c9eeb79a85838e5ce48442d9c3717,29,Parent_SANC00867,Parent_SANC00867-2,5,-1,-3.27730550178783,-5.19840550178783,-64.5086922090531,-54.6213474273682,True
FP2,XPn10,FP2_matched_n10_pv.maegz,ced819b84309246d57da23fc64a39526439c9eeb79a85838e5ce48442d9c3717,30,AnalogueB,AnalogueB-2,9,-1,-3.23930600563219,-4.37210600563219,-54.4855250422706,-42.1093654632568,True
FP2,XPn10,FP2_matched_n10_pv.maegz,ced819b84309246d57da23fc64a39526439c9eeb79a85838e5ce48442d9c3717,31,Parent_SANC00867,Parent_SANC00867-1,6,0,-3.2235722962033,-3.2521722962033,-69.4812506895927,-52.9007606506348,True
FP2,XPn10,FP2_matched_n10_pv.maegz,ced819b84309246d57da23fc64a39526439c9eeb79a85838e5ce48442d9c3717,32,AnalogueB,AnalogueB-3,10,-1,-3.14866194177868,-4.71616194177868,-54.3891499117534,-40.5311269760132,True
FP2,XPn10,FP2_matched_n10_pv.maegz,ced819b84309246d57da23fc64a39526439c9eeb79a85838e5ce48442d9c3717,33,OPT1,OPT1-1,3,0,-3.03076954693708,-3.09476954693708,-48.4444756733656,-39.5033187866211,True
FP2,XPn10,FP2_matched_n10_pv.maegz,ced819b84309246d57da23fc64a39526439c9eeb79a85838e5ce48442d9c3717,34,Parent_SANC00867,Parent_SANC00867-1,7,0,-2.879042766156,-2.907642766156,-69.7928156849693,-54.8448810577393,True
FP2,XPn10,FP2_matched_n10_pv.maegz,ced819b84309246d57da23fc64a39526439c9eeb79a85838e5ce48442d9c3717,35,AnalogueB,AnalogueB-2,11,-1,-2.81789071505013,-3.95069071505013,-46.1235184316183,-38.0229625701904,True
FP2,XPn10,FP2_matched_n10_pv.maegz,ced819b84309246d57da23fc64a39526439c9eeb79a85838e5ce48442d9c3717,36,OPT1,OPT1-1,4,0,-2.77975902190514,-2.84375902190514,-48.8958910107259,-39.3575701713562,True
FP2,XPn10,FP2_matched_n10_pv.maegz,ced819b84309246d57da23fc64a39526439c9eeb79a85838e5ce48442d9c3717,37,AnalogueB,AnalogueB-3,12,-1,-2.65651225508678,-4.22401225508678,-53.202709197998,-42.4182066917419,True
FP2,XPn10,FP2_matched_n10_pv.maegz,ced819b84309246d57da23fc64a39526439c9eeb79a85838e5ce48442d9c3717,38,AnalogueB,AnalogueB-2,13,-1,-2.62806649337083,-3.76086649337083,-48.3790148681818,-35.9948463439941,True
FP2,XPn10,FP2_matched_n10_pv.maegz,ced819b84309246d57da23fc64a39526439c9eeb79a85838e5ce48442d9c3717,39,AnalogueB,AnalogueB-3,14,-1,-2.52263903983015,-4.09013903983015,-51.0414656373573,-38.8538551330566,True
FP2,XPn10,FP2_matched_n10_pv.maegz,ced819b84309246d57da23fc64a39526439c9eeb79a85838e5ce48442d9c3717,40,AnalogueB,AnalogueB-3,15,-1,-2.49800571260254,-4.06550571260254,-52.4213676452637,-42.4233870506287,True
FP2,XPn10,FP2_matched_n10_pv.maegz,ced819b84309246d57da23fc64a39526439c9eeb79a85838e5ce48442d9c3717,41,AnalogueB,AnalogueB-1,16,0,-2.4348506035105,-2.6033506035105,-56.8698351110964,-42.759295463562,True
FP2,XPn10,FP2_matched_n10_pv.maegz,ced819b84309246d57da23fc64a39526439c9eeb79a85838e5ce48442d9c3717,42,OPT1,OPT1-1,5,0,-2.351959743971,-2.415959743971,-53.8381729125977,-41.5806951522827,True
FP2,XPn10,FP2_matched_n10_pv.maegz,ced819b84309246d57da23fc64a39526439c9eeb79a85838e5ce48442d9c3717,43,AnalogueB,AnalogueB-2,17,-1,-2.3053074720267,-3.4381074720267,-47.212247829354,-37.6614680290222,True
FP2,XPn10,FP2_matched_n10_pv.maegz,ced819b84309246d57da23fc64a39526439c9eeb79a85838e5ce48442d9c3717,44,AnalogueB,AnalogueB-3,18,-1,-2.30096604261512,-3.86846604261512,-50.2231597900391,-40.3606562614441,True
FP2,XPn10,FP2_matched_n10_pv.maegz,ced819b84309246d57da23fc64a39526439c9eeb79a85838e5ce48442d9c3717,45,AnalogueB,AnalogueB-3,19,-1,-2.300789349268,-3.868289349268,-50.10888671875,-40.1951060295105,True
FP2,XPn10,FP2_matched_n10_pv.maegz,ced819b84309246d57da23fc64a39526439c9eeb79a85838e5ce48442d9c3717,46,Parent_SANC00867,Parent_SANC00867-2,8,-1,-2.25466059209492,-4.17576059209492,-66.2021364984927,-46.6105680465698,True
FP2,XPn10,FP2_matched_n10_pv.maegz,ced819b84309246d57da23fc64a39526439c9eeb79a85838e5ce48442d9c3717,47,Parent_SANC00867,Parent_SANC00867-2,9,-1,-2.21787542590897,-4.13897542590897,-69.476210166668,-47.8807067871094,True
FP2,XPn10,FP2_matched_n10_pv.maegz,ced819b84309246d57da23fc64a39526439c9eeb79a85838e5ce48442d9c3717,48,AnalogueB,AnalogueB-5,20,-2,-2.21505687303982,-4.74685687303982,-44.9402895324629,-35.9631443023682,True
FP2,XPn10,FP2_matched_n10_pv.maegz,ced819b84309246d57da23fc64a39526439c9eeb79a85838e5ce48442d9c3717,49,OPT1,OPT1-1,6,0,-2.07231585867592,-2.13631585867592,-49.2138222919141,-40.2750778198242,True
FP2,XPn10,FP2_matched_n10_pv.maegz,ced819b84309246d57da23fc64a39526439c9eeb79a85838e5ce48442d9c3717,50,AnalogueB,AnalogueB-5,21,-2,-2.05072623675841,-4.58252623675841,-42.8178402829403,-36.5930633544922,True
FP2,XPn10,FP2_matched_n10_pv.maegz,ced819b84309246d57da23fc64a39526439c9eeb79a85838e5ce48442d9c3717,51,AnalogueB,AnalogueB-3,22,-1,-2.02592133402338,-3.59342133402338,-50.5704650878906,-39.7236361503601,True
FP2,XPn10,FP2_matched_n10_pv.maegz,ced819b84309246d57da23fc64a39526439c9eeb79a85838e5ce48442d9c3717,52,AnalogueB,AnalogueB-5,23,-2,-2.01574496707567,-4.54754496707567,-41.2062745731591,-37.8837518692017,True
FP2,XPn10,FP2_matched_n10_pv.maegz,ced819b84309246d57da23fc64a39526439c9eeb79a85838e5ce48442d9c3717,53,Parent_SANC00867,Parent_SANC00867-2,10,-1,-1.82947936031628,-3.75057936031628,-66.8255881385629,-46.679102897644,True
FP2,XPn10,FP2_matched_n10_pv.maegz,ced819b84309246d57da23fc64a39526439c9eeb79a85838e5ce48442d9c3717,54,AnalogueB,AnalogueB-4,24,-1,-1.68733048705985,-4.18023048705985,-54.2199287414551,-39.8907670974731,True
FP2,XPn10,FP2_matched_n10_pv.maegz,ced819b84309246d57da23fc64a39526439c9eeb79a85838e5ce48442d9c3717,55,Parent_SANC00867,Parent_SANC00867-1,11,0,-1.6189417979778,-1.6475417979778,-69.0884741293416,-55.8800277709961,True
FP2,XPn10,FP2_matched_n10_pv.maegz,ced819b84309246d57da23fc64a39526439c9eeb79a85838e5ce48442d9c3717,56,AnalogueB,AnalogueB-3,25,-1,-1.61525599355646,-3.18275599355646,-50.4899978637695,-40.5861558914185,True
FP2,XPn10,FP2_matched_n10_pv.maegz,ced819b84309246d57da23fc64a39526439c9eeb79a85838e5ce48442d9c3717,57,AnalogueB,AnalogueB-4,26,-1,-1.51990288203355,-4.01280288203355,-52.4905633125149,-42.7062606811523,True
FP2,XPn10,FP2_matched_n10_pv.maegz,ced819b84309246d57da23fc64a39526439c9eeb79a85838e5ce48442d9c3717,58,AnalogueB,AnalogueB-1,27,0,-1.43441092512771,-1.60291092512771,-56.3850459878131,-40.1722240447998,True
FP2,XPn10,FP2_matched_n10_pv.maegz,ced819b84309246d57da23fc64a39526439c9eeb79a85838e5ce48442d9c3717,59,OPT1,OPT1-1,7,0,-1.43031334665547,-1.49431334665547,-48.1820095096676,-38.7599091529846,True
FP2,XPn10,FP2_matched_n10_pv.maegz,ced819b84309246d57da23fc64a39526439c9eeb79a85838e5ce48442d9c3717,60,OPT1,OPT1-3,8,-1,-1.37203568760631,-3.76043568760631,-47.8930633131382,-39.6474165916443,True
FP2,XPn10,FP2_matched_n10_pv.maegz,ced819b84309246d57da23fc64a39526439c9eeb79a85838e5ce48442d9c3717,61,AnalogueB,AnalogueB-4,28,-1,-1.32963708596891,-3.82253708596891,-54.0936393737793,-43.5769824981689,True
FP2,XPn10,FP2_matched_n10_pv.maegz,ced819b84309246d57da23fc64a39526439c9eeb79a85838e5ce48442d9c3717,62,AnalogueB,AnalogueB-4,29,-1,-1.25053506444639,-3.74343506444639,-53.1816291809082,-43.9571113586426,True
FP2,XPn10,FP2_matched_n10_pv.maegz,ced819b84309246d57da23fc64a39526439c9eeb79a85838e5ce48442d9c3717,63,AnalogueB,AnalogueB-1,30,0,-1.24545086591562,-1.41395086591563,-55.6787832762763,-41.7630424499512,True
FP2,XPn10,FP2_matched_n10_pv.maegz,ced819b84309246d57da23fc64a39526439c9eeb79a85838e5ce48442d9c3717,64,AnalogueB,AnalogueB-5,31,-2,-1.22107117540427,-3.75287117540427,-45.3360133339714,-34.6709856987,True
FP2,XPn10,FP2_matched_n10_pv.maegz,ced819b84309246d57da23fc64a39526439c9eeb79a85838e5ce48442d9c3717,65,AnalogueB,AnalogueB-5,32,-2,-1.19745992642061,-3.72925992642061,-45.3327747271915,-35.825457572937,True
FP2,XPn10,FP2_matched_n10_pv.maegz,ced819b84309246d57da23fc64a39526439c9eeb79a85838e5ce48442d9c3717,66,AnalogueB,AnalogueB-5,33,-2,-1.16637807727584,-3.69817807727584,-46.7411308288574,-36.0576281547546,True
FP2,XPn10,FP2_matched_n10_pv.maegz,ced819b84309246d57da23fc64a39526439c9eeb79a85838e5ce48442d9c3717,67,Parent_SANC00867,Parent_SANC00867-2,12,-1,-1.15305618556593,-3.07415618556593,-70.0337947715318,-50.2854080200195,True
FP2,XPn10,FP2_matched_n10_pv.maegz,ced819b84309246d57da23fc64a39526439c9eeb79a85838e5ce48442d9c3717,68,AnalogueB,AnalogueB-4,34,-1,-1.10082860743409,-3.59372860743409,-54.1854488825134,-38.5397534370422,True
FP2,XPn10,FP2_matched_n10_pv.maegz,ced819b84309246d57da23fc64a39526439c9eeb79a85838e5ce48442d9c3717,69,Parent_SANC00867,Parent_SANC00867-2,13,-1,-1.09033857793976,-3.01143857793976,-69.596301007218,-50.7489776611328,True
FP2,XPn10,FP2_matched_n10_pv.maegz,ced819b84309246d57da23fc64a39526439c9eeb79a85838e5ce48442d9c3717,70,AnalogueB,AnalogueB-4,35,-1,-1.05445094500461,-3.54735094500461,-53.5585021972656,-44.0201549530029,True
FP2,XPn10,FP2_matched_n10_pv.maegz,ced819b84309246d57da23fc64a39526439c9eeb79a85838e5ce48442d9c3717,71,Parent_SANC00867,Parent_SANC00867-1,14,0,-1.02441429582035,-1.05301429582035,-69.4563905999125,-50.7884836196899,True
FP2,XPn10,FP2_matched_n10_pv.maegz,ced819b84309246d57da23fc64a39526439c9eeb79a85838e5ce48442d9c3717,72,AnalogueB,AnalogueB-5,36,-2,-0.95369679785255,-3.48549679785255,-45.5392874464276,-34.3217306137085,True
FP2,XPn10,FP2_matched_n10_pv.maegz,ced819b84309246d57da23fc64a39526439c9eeb79a85838e5ce48442d9c3717,73,AnalogueB,AnalogueB-5,37,-2,-0.921563247426723,-3.45336324742672,-43.9174334412055,-34.5967502593994,True
FP2,XPn10,FP2_matched_n10_pv.maegz,ced819b84309246d57da23fc64a39526439c9eeb79a85838e5ce48442d9c3717,74,AnalogueB,AnalogueB-5,38,-2,-0.84207198182125,-3.37387198182125,-42.7963130292928,-32.9458045959473,True
FP2,XPn10,FP2_matched_n10_pv.maegz,ced819b84309246d57da23fc64a39526439c9eeb79a85838e5ce48442d9c3717,75,OPT1,OPT1-2,9,-1,-0.839320953160998,-2.302320953161,-48.1439654623094,-37.3284497261047,True
FP2,XPn10,FP2_matched_n10_pv.maegz,ced819b84309246d57da23fc64a39526439c9eeb79a85838e5ce48442d9c3717,76,AnalogueB,AnalogueB-4,39,-1,-0.78771398590224,-3.28061398590224,-56.0799102783203,-40.7972664833069,True
FP2,XPn10,FP2_matched_n10_pv.maegz,ced819b84309246d57da23fc64a39526439c9eeb79a85838e5ce48442d9c3717,77,AnalogueA,AnalogueA-1,14,0,-0.709447979994968,-0.738047979994968,-66.1564078970643,-50.801034450531,True
FP2,XPn10,FP2_matched_n10_pv.maegz,ced819b84309246d57da23fc64a39526439c9eeb79a85838e5ce48442d9c3717,78,OPT1,OPT1-2,10,-1,-0.689513953364919,-2.15251395336492,-49.608211980832,-37.912269115448,True
FP2,XPn10,FP2_matched_n10_pv.maegz,ced819b84309246d57da23fc64a39526439c9eeb79a85838e5ce48442d9c3717,79,OPT1,OPT1-3,11,-1,-0.642723282033656,-3.03112328203366,-47.1758520594932,-35.5705451965332,True
FP2,XPn10,FP2_matched_n10_pv.maegz,ced819b84309246d57da23fc64a39526439c9eeb79a85838e5ce48442d9c3717,80,AnalogueA,AnalogueA-1,15,0,-0.600921476863953,-0.629521476863953,-62.8174008315246,-55.3573970794678,True
FP2,XPn10,FP2_matched_n10_pv.maegz,ced819b84309246d57da23fc64a39526439c9eeb79a85838e5ce48442d9c3717,81,AnalogueB,AnalogueB-5,40,-2,-0.440784663657354,-2.97258466365735,-42.9170784914379,-32.0711860656738,True
FP2,XPn10,FP2_matched_n10_pv.maegz,ced819b84309246d57da23fc64a39526439c9eeb79a85838e5ce48442d9c3717,82,AnalogueA,AnalogueA-1,16,0,0.0165012763632886,-0.0120987236367114,-65.5870704383143,-52.7762184143066,True
FP2,XPn10,FP2_matched_n10_pv.maegz,ced819b84309246d57da23fc64a39526439c9eeb79a85838e5ce48442d9c3717,83,Parent_SANC00867,Parent_SANC00867-1,15,0,0.0814033337676472,0.0528033337676472,-70.3343658120926,-52.9569931030273,True
FP2,XPn10,FP2_matched_n10_pv.maegz,ced819b84309246d57da23fc64a39526439c9eeb79a85838e5ce48442d9c3717,84,OPT1,OPT1-2,12,-1,0.0873051496160611,-1.37569485038394,-46.3024975490586,-37.3250102996826,True
FP2,XPn10,FP2_matched_n10_pv.maegz,ced819b84309246d57da23fc64a39526439c9eeb79a85838e5ce48442d9c3717,85,AnalogueB,AnalogueB-1,41,0,0.422250983683731,0.253750983683731,-55.8935176880185,-41.5879106521606,True
FP2,XPn10,FP2_matched_n10_pv.maegz,ced819b84309246d57da23fc64a39526439c9eeb79a85838e5ce48442d9c3717,86,AnalogueB,AnalogueB-4,42,-1,0.48044592666184,-2.01245407333816,-53.3353576660156,-43.6764230728149,True
FP2,XPn10,FP2_matched_n10_pv.maegz,ced819b84309246d57da23fc64a39526439c9eeb79a85838e5ce48442d9c3717,87,Parent_SANC00867,Parent_SANC00867-1,16,0,0.676433571899241,0.647833571899241,-69.0067395740246,-52.6331157684326,True
FP2,XPn10,FP2_matched_n10_pv.maegz,ced819b84309246d57da23fc64a39526439c9eeb79a85838e5ce48442d9c3717,88,OPT1,OPT1-3,13,-1,0.784387072891518,-1.60401292710848,-52.2143173217773,-40.6778473854065,True
FP2,XPn10,FP2_matched_n10_pv.maegz,ced819b84309246d57da23fc64a39526439c9eeb79a85838e5ce48442d9c3717,89,Parent_SANC00867,Parent_SANC00867-1,17,0,0.803914203100825,0.775314203100825,-70.3061202364458,-52.4162616729736,True
FP2,XPn10,FP2_matched_n10_pv.maegz,ced819b84309246d57da23fc64a39526439c9eeb79a85838e5ce48442d9c3717,90,Parent_SANC00867,Parent_SANC00867-2,18,-1,1.21300374215207,-0.708096257847927,-71.2029076375913,-50.6604614257813,True
FP2,XPn10,FP2_matched_n10_pv.maegz,ced819b84309246d57da23fc64a39526439c9eeb79a85838e5ce48442d9c3717,91,AnalogueB,AnalogueB-4,43,-1,1.33988421722704,-1.15301578277296,-59.1548233648997,-45.1474761962891,True
FP2,XPn10,FP2_matched_n10_pv.maegz,ced819b84309246d57da23fc64a39526439c9eeb79a85838e5ce48442d9c3717,92,Parent_SANC00867,Parent_SANC00867-2,19,-1,1.64599219634571,-0.275107803654294,-71.3181389842267,-48.9388065338135,True
FP2,XPn10,FP2_matched_n10_pv.maegz,ced819b84309246d57da23fc64a39526439c9eeb79a85838e5ce48442d9c3717,93,AnalogueB,AnalogueB-4,44,-1,1.75037784547957,-0.74252215452043,-52.9527421614076,-42.1408586502075,True
FP2,XPn10,FP2_matched_n10_pv.maegz,ced819b84309246d57da23fc64a39526439c9eeb79a85838e5ce48442d9c3717,94,OPT1,OPT1-1,14,0,2.00168825067484,1.93768825067484,-49.799302963738,-38.4344606399536,True
FP2,XPn10,FP2_matched_n10_pv.maegz,ced819b84309246d57da23fc64a39526439c9eeb79a85838e5ce48442d9c3717,95,OPT1,OPT1-2,15,-1,3.11096346491634,1.64796346491634,-48.2441272289532,-36.3579530715942,True
FP2,XPn10,FP2_matched_n10_pv.maegz,ced819b84309246d57da23fc64a39526439c9eeb79a85838e5ce48442d9c3717,96,AnalogueB,AnalogueB-2,45,-1,3.23549080487554,2.10269080487554,-47.3688026266508,-36.9384069442749,True
FP2,XPn10,FP2_matched_n10_pv.maegz,ced819b84309246d57da23fc64a39526439c9eeb79a85838e5ce48442d9c3717,97,Parent_SANC00867,Parent_SANC00867-1,20,0,3.42688157501528,3.39828157501528,-69.0312190307771,-52.9902496337891,True
FP2,XPn10,FP2_matched_n10_pv.maegz,ced819b84309246d57da23fc64a39526439c9eeb79a85838e5ce48442d9c3717,98,AnalogueB,AnalogueB-2,46,-1,5.76222935459075,4.62942935459075,-49.0913290982508,-37.6876249313354,True
FP2,XPn10,FP2_matched_n10_pv.maegz,ced819b84309246d57da23fc64a39526439c9eeb79a85838e5ce48442d9c3717,99,AnalogueB,AnalogueB-2,47,-1,5.97183569486415,4.83903569486415,-47.2878869769872,-36.9319744110107,True
FP2,XPn10,FP2_matched_n10_pv.maegz,ced819b84309246d57da23fc64a39526439c9eeb79a85838e5ce48442d9c3717,100,OPT1,OPT1-2,16,-1,6.07832921965098,4.61532921965098,-46.3838681767501,-38.3470256328583,True
FP2,XPn10,FP2_matched_n10_pv.maegz,ced819b84309246d57da23fc64a39526439c9eeb79a85838e5ce48442d9c3717,101,AnalogueB,AnalogueB-2,48,-1,7.1205174399988,5.9877174399988,-48.5522794084845,-37.8612837791443,True
FP2,XPn10,FP2_matched_n10_pv.maegz,ced819b84309246d57da23fc64a39526439c9eeb79a85838e5ce48442d9c3717,102,AnalogueB,AnalogueB-2,49,-1,7.18923038048641,6.05643038048641,-46.7072355897007,-38.2944841384888,True
FP2,XPn10,FP2_matched_n10_pv.maegz,ced819b84309246d57da23fc64a39526439c9eeb79a85838e5ce48442d9c3717,103,AnalogueB,AnalogueB-2,50,-1,7.47990474343668,6.34710474343668,-49.6210603919206,-37.381739616394,True
FP3,XPn10,FP3_matched_n10_pv.maegz,d0905529c53847716978ed5418d5f96edf1af6bd62be3c4a5987f585d6657c4d,2,AnalogueA,AnalogueA-1,1,0,-7.29864451092638,-7.32724451092638,-71.3902816772461,-53.6652030944824,True
FP3,XPn10,FP3_matched_n10_pv.maegz,d0905529c53847716978ed5418d5f96edf1af6bd62be3c4a5987f585d6657c4d,3,AnalogueA,AnalogueA-1,2,0,-7.25158156619558,-7.28018156619558,-67.9628372192383,-52.9085006713867,True
FP3,XPn10,FP3_matched_n10_pv.maegz,d0905529c53847716978ed5418d5f96edf1af6bd62be3c4a5987f585d6657c4d,4,AnalogueA,AnalogueA-1,3,0,-7.2028687733124,-7.2314687733124,-68.9267807006836,-53.2564392089844,True
FP3,XPn10,FP3_matched_n10_pv.maegz,d0905529c53847716978ed5418d5f96edf1af6bd62be3c4a5987f585d6657c4d,5,AnalogueA,AnalogueA-1,4,0,-6.87792097374243,-6.90652097374243,-67.6040976914273,-56.7558374404907,True
FP3,XPn10,FP3_matched_n10_pv.maegz,d0905529c53847716978ed5418d5f96edf1af6bd62be3c4a5987f585d6657c4d,6,AnalogueA,AnalogueA-1,5,0,-6.81849082265286,-6.84709082265286,-71.1001739501953,-55.5829887390137,True
FP3,XPn10,FP3_matched_n10_pv.maegz,d0905529c53847716978ed5418d5f96edf1af6bd62be3c4a5987f585d6657c4d,7,AnalogueA,AnalogueA-1,6,0,-6.62029047924285,-6.64889047924285,-72.3321075439453,-52.4358768463135,True
FP3,XPn10,FP3_matched_n10_pv.maegz,d0905529c53847716978ed5418d5f96edf1af6bd62be3c4a5987f585d6657c4d,8,Parent_SANC00867,Parent_SANC00867-1,1,0,-6.53230846593447,-6.56090846593447,-83.1497494749477,-56.4177436828613,True
FP3,XPn10,FP3_matched_n10_pv.maegz,d0905529c53847716978ed5418d5f96edf1af6bd62be3c4a5987f585d6657c4d,9,AnalogueA,AnalogueA-1,7,0,-6.48283331293784,-6.51143331293784,-66.8629455566406,-51.6759119033813,True
FP3,XPn10,FP3_matched_n10_pv.maegz,d0905529c53847716978ed5418d5f96edf1af6bd62be3c4a5987f585d6657c4d,10,Parent_SANC00867,Parent_SANC00867-1,2,0,-6.34140700871644,-6.37000700871644,-81.3809913684615,-57.6080055236816,True
FP3,XPn10,FP3_matched_n10_pv.maegz,d0905529c53847716978ed5418d5f96edf1af6bd62be3c4a5987f585d6657c4d,11,Parent_SANC00867,Parent_SANC00867-1,3,0,-5.93974714951323,-5.96834714951323,-76.5111702538683,-55.0528078079224,True
FP3,XPn10,FP3_matched_n10_pv.maegz,d0905529c53847716978ed5418d5f96edf1af6bd62be3c4a5987f585d6657c4d,12,AnalogueA,AnalogueA-1,8,0,-5.91171739127247,-5.94031739127247,-73.2187518513821,-57.5346822738647,True
FP3,XPn10,FP3_matched_n10_pv.maegz,d0905529c53847716978ed5418d5f96edf1af6bd62be3c4a5987f585d6657c4d,13,AnalogueB,AnalogueB-1,1,0,-5.90479959350347,-6.07329959350347,-57.4686081396201,-46.9836521148682,True
FP3,XPn10,FP3_matched_n10_pv.maegz,d0905529c53847716978ed5418d5f96edf1af6bd62be3c4a5987f585d6657c4d,14,Parent_SANC00867,Parent_SANC00867-1,4,0,-5.72596775624639,-5.75456775624639,-75.7864954236998,-54.6065893173218,True
FP3,XPn10,FP3_matched_n10_pv.maegz,d0905529c53847716978ed5418d5f96edf1af6bd62be3c4a5987f585d6657c4d,15,AnalogueB,AnalogueB-1,2,0,-5.20990862104077,-5.37840862104077,-57.70721472229,-46.4475932121277,True
FP3,XPn10,FP3_matched_n10_pv.maegz,d0905529c53847716978ed5418d5f96edf1af6bd62be3c4a5987f585d6657c4d,16,OPT1,OPT1-1,1,0,-5.18537487848639,-5.24937487848639,-57.8244670015098,-46.3409781455994,True
FP3,XPn10,FP3_matched_n10_pv.maegz,d0905529c53847716978ed5418d5f96edf1af6bd62be3c4a5987f585d6657c4d,17,OPT1,OPT1-1,2,0,-5.08097806611644,-5.14497806611644,-57.8864212036133,-45.9142651557922,True
FP3,XPn10,FP3_matched_n10_pv.maegz,d0905529c53847716978ed5418d5f96edf1af6bd62be3c4a5987f585d6657c4d,18,AnalogueA,AnalogueA-2,9,-1,-5.07718104596801,-6.99828104596801,-67.4878540039063,-48.6245603561401,True
FP3,XPn10,FP3_matched_n10_pv.maegz,d0905529c53847716978ed5418d5f96edf1af6bd62be3c4a5987f585d6657c4d,19,OPT1,OPT1-1,3,0,-5.05729926524446,-5.12129926524446,-54.3175864424872,-46.5426082611084,True
FP3,XPn10,FP3_matched_n10_pv.maegz,d0905529c53847716978ed5418d5f96edf1af6bd62be3c4a5987f585d6657c4d,20,OPT1,OPT1-1,4,0,-5.00766349577427,-5.07166349577427,-54.7349925394832,-46.3157353401184,True
FP3,XPn10,FP3_matched_n10_pv.maegz,d0905529c53847716978ed5418d5f96edf1af6bd62be3c4a5987f585d6657c4d,21,OPT1,OPT1-1,5,0,-4.94204578957181,-5.00604578957181,-55.5763768006941,-45.9384236335754,True
FP3,XPn10,FP3_matched_n10_pv.maegz,d0905529c53847716978ed5418d5f96edf1af6bd62be3c4a5987f585d6657c4d,22,AnalogueB,AnalogueB-1,3,0,-4.82472911989685,-4.99322911989685,-56.1550342517518,-46.360059261322,True
FP3,XPn10,FP3_matched_n10_pv.maegz,d0905529c53847716978ed5418d5f96edf1af6bd62be3c4a5987f585d6657c4d,23,AnalogueA,AnalogueA-1,10,0,-4.7317295436902,-4.7603295436902,-68.4599075317383,-56.1354031562805,True
FP3,XPn10,FP3_matched_n10_pv.maegz,d0905529c53847716978ed5418d5f96edf1af6bd62be3c4a5987f585d6657c4d,24,OPT1,OPT1-1,6,0,-4.67002886485948,-4.73402886485948,-54.0637953047876,-43.0167331695557,True
FP3,XPn10,FP3_matched_n10_pv.maegz,d0905529c53847716978ed5418d5f96edf1af6bd62be3c4a5987f585d6657c4d,25,OPT1,OPT1-1,7,0,-4.65588575690123,-4.71988575690123,-53.7339277062012,-42.6255979537964,True
FP3,XPn10,FP3_matched_n10_pv.maegz,d0905529c53847716978ed5418d5f96edf1af6bd62be3c4a5987f585d6657c4d,26,AnalogueA,AnalogueA-1,11,0,-4.60507364413078,-4.63367364413078,-66.9563827514648,-56.1207580566406,True
FP3,XPn10,FP3_matched_n10_pv.maegz,d0905529c53847716978ed5418d5f96edf1af6bd62be3c4a5987f585d6657c4d,27,AnalogueA,AnalogueA-2,12,-1,-4.60448493229866,-6.52558493229866,-71.8382720947266,-51.4126858711243,True
FP3,XPn10,FP3_matched_n10_pv.maegz,d0905529c53847716978ed5418d5f96edf1af6bd62be3c4a5987f585d6657c4d,28,OPT1,OPT1-1,8,0,-4.51356663662485,-4.57756663662485,-59.725456237793,-45.742244720459,True
FP3,XPn10,FP3_matched_n10_pv.maegz,d0905529c53847716978ed5418d5f96edf1af6bd62be3c4a5987f585d6657c4d,29,OPT1,OPT1-2,9,-1,-4.30457177952033,-5.76757177952033,-53.7060435550205,-45.0186543464661,True
FP3,XPn10,FP3_matched_n10_pv.maegz,d0905529c53847716978ed5418d5f96edf1af6bd62be3c4a5987f585d6657c4d,30,Parent_SANC00867,Parent_SANC00867-1,5,0,-4.22310055507568,-4.25170055507568,-75.0342429553949,-58.8595809936523,True
FP3,XPn10,FP3_matched_n10_pv.maegz,d0905529c53847716978ed5418d5f96edf1af6bd62be3c4a5987f585d6657c4d,31,OPT1,OPT1-2,10,-1,-3.95959713206099,-5.42259713206099,-57.7448363031462,-42.1597981452942,True
FP3,XPn10,FP3_matched_n10_pv.maegz,d0905529c53847716978ed5418d5f96edf1af6bd62be3c4a5987f585d6657c4d,32,AnalogueA,AnalogueA-2,13,-1,-3.84035116096169,-5.76145116096169,-66.1320207147082,-46.1062521934509,True
FP3,XPn10,FP3_matched_n10_pv.maegz,d0905529c53847716978ed5418d5f96edf1af6bd62be3c4a5987f585d6657c4d,33,OPT1,OPT1-2,11,-1,-3.72473794464877,-5.18773794464877,-54.4598884798782,-44.8064270019531,True
FP3,XPn10,FP3_matched_n10_pv.maegz,d0905529c53847716978ed5418d5f96edf1af6bd62be3c4a5987f585d6657c4d,34,OPT1,OPT1-2,12,-1,-3.42534530039608,-4.88834530039608,-51.8183918576827,-42.2475203275681,True
FP3,XPn10,FP3_matched_n10_pv.maegz,d0905529c53847716978ed5418d5f96edf1af6bd62be3c4a5987f585d6657c4d,35,AnalogueB,AnalogueB-2,4,-1,-3.42333176173442,-4.55613176173442,-55.361147175249,-45.2480640411377,True
FP3,XPn10,FP3_matched_n10_pv.maegz,d0905529c53847716978ed5418d5f96edf1af6bd62be3c4a5987f585d6657c4d,36,AnalogueA,AnalogueA-2,14,-1,-3.36621598272716,-5.28731598272716,-66.0659470615706,-49.2692103385925,True
FP3,XPn10,FP3_matched_n10_pv.maegz,d0905529c53847716978ed5418d5f96edf1af6bd62be3c4a5987f585d6657c4d,37,OPT1,OPT1-2,13,-1,-3.30821449041267,-4.77121449041267,-55.8385223584273,-41.1454645395279,True
FP3,XPn10,FP3_matched_n10_pv.maegz,d0905529c53847716978ed5418d5f96edf1af6bd62be3c4a5987f585d6657c4d,38,OPT1,OPT1-3,14,-1,-2.90920210388918,-5.29760210388918,-50.9201234975687,-44.5831956863403,True
FP3,XPn10,FP3_matched_n10_pv.maegz,d0905529c53847716978ed5418d5f96edf1af6bd62be3c4a5987f585d6657c4d,39,AnalogueB,AnalogueB-3,5,-1,-2.84494153033698,-4.41244153033698,-49.491296604331,-42.9911022186279,True
FP3,XPn10,FP3_matched_n10_pv.maegz,d0905529c53847716978ed5418d5f96edf1af6bd62be3c4a5987f585d6657c4d,40,OPT1,OPT1-3,15,-1,-2.74825697901823,-5.13665697901823,-50.9873373844784,-44.1757793426514,True
FP3,XPn10,FP3_matched_n10_pv.maegz,d0905529c53847716978ed5418d5f96edf1af6bd62be3c4a5987f585d6657c4d,41,AnalogueB,AnalogueB-3,6,-1,-2.73300187249903,-4.30050187249903,-54.4010876170582,-42.1130094528198,True
FP3,XPn10,FP3_matched_n10_pv.maegz,d0905529c53847716978ed5418d5f96edf1af6bd62be3c4a5987f585d6657c4d,42,OPT1,OPT1-3,16,-1,-2.70354407726718,-5.09194407726718,-49.7392105188343,-44.0408449172974,True
FP3,XPn10,FP3_matched_n10_pv.maegz,d0905529c53847716978ed5418d5f96edf1af6bd62be3c4a5987f585d6657c4d,43,Parent_SANC00867,Parent_SANC00867-2,6,-1,-2.44742033498856,-4.36852033498856,-77.836806339503,-54.409122467041,True
FP3,XPn10,FP3_matched_n10_pv.maegz,d0905529c53847716978ed5418d5f96edf1af6bd62be3c4a5987f585d6657c4d,44,AnalogueB,AnalogueB-3,7,-1,-2.44136285221325,-4.00886285221325,-49.3512222377627,-41.7471549510956,True
FP3,XPn10,FP3_matched_n10_pv.maegz,d0905529c53847716978ed5418d5f96edf1af6bd62be3c4a5987f585d6657c4d,45,Parent_SANC00867,Parent_SANC00867-2,7,-1,-2.32930102840156,-4.25040102840156,-75.365897383605,-55.1833457946777,True
FP3,XPn10,FP3_matched_n10_pv.maegz,d0905529c53847716978ed5418d5f96edf1af6bd62be3c4a5987f585d6657c4d,46,OPT1,OPT1-3,17,-1,-2.29262788033511,-4.68102788033511,-50.3064416052323,-44.1763792037964,True
FP3,XPn10,FP3_matched_n10_pv.maegz,d0905529c53847716978ed5418d5f96edf1af6bd62be3c4a5987f585d6657c4d,47,Parent_SANC00867,Parent_SANC00867-2,8,-1,-2.23354369693792,-4.15464369693792,-73.2355287985692,-53.5226411819458,True
FP3,XPn10,FP3_matched_n10_pv.maegz,d0905529c53847716978ed5418d5f96edf1af6bd62be3c4a5987f585d6657c4d,48,OPT1,OPT1-3,18,-1,-2.09151025479534,-4.47991025479534,-49.7426488746692,-43.1437110900879,True
FP3,XPn10,FP3_matched_n10_pv.maegz,d0905529c53847716978ed5418d5f96edf1af6bd62be3c4a5987f585d6657c4d,49,AnalogueB,AnalogueB-5,8,-2,-2.06792116273482,-4.59972116273482,-52.859779602966,-43.907247543335,True
FP3,XPn10,FP3_matched_n10_pv.maegz,d0905529c53847716978ed5418d5f96edf1af6bd62be3c4a5987f585d6657c4d,50,AnalogueB,AnalogueB-5,9,-2,-1.96696846838114,-4.49876846838114,-55.7827071031795,-43.9128189086914,True
FP3,XPn10,FP3_matched_n10_pv.maegz,d0905529c53847716978ed5418d5f96edf1af6bd62be3c4a5987f585d6657c4d,51,OPT1,OPT1-3,19,-1,-1.96402890451734,-4.35242890451734,-50.0048354696412,-44.1524934768677,True
FP3,XPn10,FP3_matched_n10_pv.maegz,d0905529c53847716978ed5418d5f96edf1af6bd62be3c4a5987f585d6657c4d,52,Parent_SANC00867,Parent_SANC00867-2,9,-1,-1.86788890329468,-3.78898890329468,-74.2311006266657,-53.0915107727051,True
FP3,XPn10,FP3_matched_n10_pv.maegz,d0905529c53847716978ed5418d5f96edf1af6bd62be3c4a5987f585d6657c4d,53,Parent_SANC00867,Parent_SANC00867-2,10,-1,-1.86604647431834,-3.78714647431834,-76.5042583599905,-53.2552309036255,True
FP3,XPn10,FP3_matched_n10_pv.maegz,d0905529c53847716978ed5418d5f96edf1af6bd62be3c4a5987f585d6657c4d,54,AnalogueB,AnalogueB-4,10,-1,-1.78524416714549,-4.27814416714549,-51.7608929862401,-42.2880291938782,True
FP3,XPn10,FP3_matched_n10_pv.maegz,d0905529c53847716978ed5418d5f96edf1af6bd62be3c4a5987f585d6657c4d,55,Parent_SANC00867,Parent_SANC00867-2,11,-1,-0.996827270777894,-2.91792727077789,-74.1623822483754,-55.0536012649536,True
FP3,XPn10,FP3_matched_n10_pv.maegz,d0905529c53847716978ed5418d5f96edf1af6bd62be3c4a5987f585d6657c4d,56,AnalogueB,AnalogueB-4,11,-1,-0.644794418373137,-3.13769441837314,-48.6833943846806,-37.6605648994446,True
FP3,XPn10,FP3_matched_n10_pv.maegz,d0905529c53847716978ed5418d5f96edf1af6bd62be3c4a5987f585d6657c4d,57,Parent_SANC00867,Parent_SANC00867-2,12,-1,-0.59860692034308,-2.51970692034308,-74.047750307482,-51.9208364486694,True
FP3,XPn10,FP3_matched_n10_pv.maegz,d0905529c53847716978ed5418d5f96edf1af6bd62be3c4a5987f585d6657c4d,58,AnalogueB,AnalogueB-4,12,-1,-0.485539414191229,-2.97843941419123,-50.313419342041,-40.458301782608,True
FP3,XPn10,FP3_matched_n10_pv.maegz,d0905529c53847716978ed5418d5f96edf1af6bd62be3c4a5987f585d6657c4d,59,AnalogueB,AnalogueB-3,13,-1,0.0426023348164311,-1.52489766518357,-48.472970432602,-35.6205044984818,True
FP3,XPn10,FP3_matched_n10_pv.maegz,d0905529c53847716978ed5418d5f96edf1af6bd62be3c4a5987f585d6657c4d,60,OPT1,OPT1-3,20,-1,0.392754721207519,-1.99564527879248,-55.6826701894341,-44.8978605270386,True
FP3,XPn10,FP3_matched_n10_pv.maegz,d0905529c53847716978ed5418d5f96edf1af6bd62be3c4a5987f585d6657c4d,61,AnalogueB,AnalogueB-4,14,-1,0.741053868982187,-1.75184613101781,-50.8282623291016,-42.2998504638672,True
FP3,XPn10,FP3_matched_n10_pv.maegz,d0905529c53847716978ed5418d5f96edf1af6bd62be3c4a5987f585d6657c4d,62,OPT1,OPT1-3,21,-1,0.756416960709043,-1.63198303929096,-52.5110475314642,-42.3108117580414,True
FP3,XPn10,FP3_matched_n10_pv.maegz,d0905529c53847716978ed5418d5f96edf1af6bd62be3c4a5987f585d6657c4d,63,AnalogueB,AnalogueB-2,15,-1,1.02911521729958,-0.103684782700419,-52.8802255241952,-42.3499073982239,True
FP3,XPn10,FP3_matched_n10_pv.maegz,d0905529c53847716978ed5418d5f96edf1af6bd62be3c4a5987f585d6657c4d,64,AnalogueB,AnalogueB-4,16,-1,1.0595124060525,-1.4333875939475,-53.8112106323242,-42.0166077613831,True
FP3,XPn10,FP3_matched_n10_pv.maegz,d0905529c53847716978ed5418d5f96edf1af6bd62be3c4a5987f585d6657c4d,65,OPT1,OPT1-2,22,-1,1.59524528042099,0.132245280420986,-51.7976712064636,-41.4006171226501,True
FP3,XPn10,FP3_matched_n10_pv.maegz,d0905529c53847716978ed5418d5f96edf1af6bd62be3c4a5987f585d6657c4d,66,AnalogueB,AnalogueB-3,17,-1,1.6663964865189,0.0988964865188984,-51.836368240599,-41.8353085517883,True
FP3,XPn10,FP3_matched_n10_pv.maegz,d0905529c53847716978ed5418d5f96edf1af6bd62be3c4a5987f585d6657c4d,67,AnalogueB,AnalogueB-4,18,-1,1.70788192485905,-0.785018075140949,-48.9339552965444,-39.5635421276093,True
FP3,XPn10,FP3_matched_n10_pv.maegz,d0905529c53847716978ed5418d5f96edf1af6bd62be3c4a5987f585d6657c4d,68,AnalogueB,AnalogueB-3,19,-1,1.71729939852613,0.149799398526133,-52.0550585379391,-40.9858632087708,True
FP3,XPn10,FP3_matched_n10_pv.maegz,d0905529c53847716978ed5418d5f96edf1af6bd62be3c4a5987f585d6657c4d,69,AnalogueB,AnalogueB-2,20,-1,2.09547260472811,0.962672604728107,-50.0801160673361,-39.1311147212982,True
FP3,XPn10,FP3_matched_n10_pv.maegz,d0905529c53847716978ed5418d5f96edf1af6bd62be3c4a5987f585d6657c4d,70,AnalogueB,AnalogueB-4,21,-1,2.11091774964505,-0.381982250354954,-51.4352989196777,-40.2081708908081,True
FP3,XPn10,FP3_matched_n10_pv.maegz,d0905529c53847716978ed5418d5f96edf1af6bd62be3c4a5987f585d6657c4d,71,AnalogueB,AnalogueB-5,22,-2,2.59846837113752,0.066668371137518,-50.4252649977648,-40.4199986457825,True
FP3,XPn10,FP3_matched_n10_pv.maegz,d0905529c53847716978ed5418d5f96edf1af6bd62be3c4a5987f585d6657c4d,72,AnalogueB,AnalogueB-5,23,-2,2.67167514807591,0.13987514807591,-50.6008533161032,-40.8024454116821,True
FP3,XPn10,FP3_matched_n10_pv.maegz,d0905529c53847716978ed5418d5f96edf1af6bd62be3c4a5987f585d6657c4d,73,AnalogueB,AnalogueB-5,24,-2,2.76617012817005,0.234370128170053,-51.2509886260407,-40.6996841430664,True
FP3,XPn10,FP3_matched_n10_pv.maegz,d0905529c53847716978ed5418d5f96edf1af6bd62be3c4a5987f585d6657c4d,74,OPT1,OPT1-3,23,-1,2.79435909496943,0.405959094969432,-50.4600103368113,-40.8214545249939,True
FP3,XPn10,FP3_matched_n10_pv.maegz,d0905529c53847716978ed5418d5f96edf1af6bd62be3c4a5987f585d6657c4d,75,AnalogueB,AnalogueB-5,25,-2,2.81211281311707,0.280312813117073,-52.4565430301404,-40.8080382347107,True
FP3,XPn10,FP3_matched_n10_pv.maegz,d0905529c53847716978ed5418d5f96edf1af6bd62be3c4a5987f585d6657c4d,76,AnalogueB,AnalogueB-5,26,-2,2.85456159748668,0.322761597486678,-52.4203286851372,-40.7868514060974,True
FP3,XPn10,FP3_matched_n10_pv.maegz,d0905529c53847716978ed5418d5f96edf1af6bd62be3c4a5987f585d6657c4d,77,AnalogueB,AnalogueB-3,27,-1,2.89205767514081,1.32455767514081,-48.4324911107194,-38.4741762876511,True
FP3,XPn10,FP3_matched_n10_pv.maegz,d0905529c53847716978ed5418d5f96edf1af6bd62be3c4a5987f585d6657c4d,78,AnalogueB,AnalogueB-3,28,-1,2.93828825453371,1.37078825453371,-48.8399658034635,-38.3623772859573,True
FP3,XPn10,FP3_matched_n10_pv.maegz,d0905529c53847716978ed5418d5f96edf1af6bd62be3c4a5987f585d6657c4d,79,OPT1,OPT1-3,24,-1,2.95573445068288,0.567334450682878,-50.1639817819931,-40.2212896347046,True
FP3,XPn10,FP3_matched_n10_pv.maegz,d0905529c53847716978ed5418d5f96edf1af6bd62be3c4a5987f585d6657c4d,80,AnalogueB,AnalogueB-5,29,-2,5.20620955884117,2.67440955884117,-50.3554819387769,-39.4212765693665,True
FP2,SPes4,FP2_matched_sp4_pv.maegz,e413cf5cffea4624fe060be462f8c4d10bc4b49372096a189e149ff5340dc39c,2,Parent_SANC00867,Parent_SANC00867-1,1,0,-6.91805389442982,-6.94665389442982,-73.7285327321259,-56.2770795822144,True
FP2,SPes4,FP2_matched_sp4_pv.maegz,e413cf5cffea4624fe060be462f8c4d10bc4b49372096a189e149ff5340dc39c,3,Parent_SANC00867,Parent_SANC00867-1,2,0,-6.87773115008523,-6.90633115008523,-73.6486396569846,-56.1948251724243,True
FP2,SPes4,FP2_matched_sp4_pv.maegz,e413cf5cffea4624fe060be462f8c4d10bc4b49372096a189e149ff5340dc39c,4,Parent_SANC00867,Parent_SANC00867-1,3,0,-6.84824089806441,-6.87684089806441,-73.2127669850508,-56.2127752304077,True
FP2,SPes4,FP2_matched_sp4_pv.maegz,e413cf5cffea4624fe060be462f8c4d10bc4b49372096a189e149ff5340dc39c,5,Parent_SANC00867,Parent_SANC00867-1,4,0,-6.50641071515583,-6.53501071515583,-73.6733600500113,-54.3363733291626,True
FP2,SPes4,FP2_matched_sp4_pv.maegz,e413cf5cffea4624fe060be462f8c4d10bc4b49372096a189e149ff5340dc39c,6,Parent_SANC00867,Parent_SANC00867-1,5,0,-6.38007621910073,-6.40867621910073,-72.8031048013102,-54.6771297454834,True
FP2,SPes4,FP2_matched_sp4_pv.maegz,e413cf5cffea4624fe060be462f8c4d10bc4b49372096a189e149ff5340dc39c,7,AnalogueA,AnalogueA-1,1,0,-6.32591767913286,-6.35451767913286,-70.2659040208021,-56.1388921737671,True
FP2,SPes4,FP2_matched_sp4_pv.maegz,e413cf5cffea4624fe060be462f8c4d10bc4b49372096a189e149ff5340dc39c,8,Parent_SANC00867,Parent_SANC00867-1,6,0,-6.21201665036374,-6.24061665036374,-73.1896851828962,-54.2300567626953,True
FP2,SPes4,FP2_matched_sp4_pv.maegz,e413cf5cffea4624fe060be462f8c4d10bc4b49372096a189e149ff5340dc39c,9,Parent_SANC00867,Parent_SANC00867-1,7,0,-6.06489405760556,-6.09349405760556,-68.6840404762287,-51.6163034439087,True
FP2,SPes4,FP2_matched_sp4_pv.maegz,e413cf5cffea4624fe060be462f8c4d10bc4b49372096a189e149ff5340dc39c,10,Parent_SANC00867,Parent_SANC00867-1,8,0,-6.04425519221504,-6.07285519221504,-69.2690677543619,-51.7077870368958,True
FP2,SPes4,FP2_matched_sp4_pv.maegz,e413cf5cffea4624fe060be462f8c4d10bc4b49372096a189e149ff5340dc39c,11,Parent_SANC00867,Parent_SANC00867-1,9,0,-6.03469611247752,-6.06329611247752,-68.2299737847904,-50.5502004623413,True
FP2,SPes4,FP2_matched_sp4_pv.maegz,e413cf5cffea4624fe060be462f8c4d10bc4b49372096a189e149ff5340dc39c,12,AnalogueA,AnalogueA-1,2,0,-5.83170390580289,-5.86030390580289,-67.4965459558601,-51.9543838500977,True
FP2,SPes4,FP2_matched_sp4_pv.maegz,e413cf5cffea4624fe060be462f8c4d10bc4b49372096a189e149ff5340dc39c,13,Parent_SANC00867,Parent_SANC00867-1,10,0,-5.70858326567299,-5.73718326567299,-68.4876174561823,-51.5212802886963,True
FP2,SPes4,FP2_matched_sp4_pv.maegz,e413cf5cffea4624fe060be462f8c4d10bc4b49372096a189e149ff5340dc39c,14,AnalogueA,AnalogueA-1,3,0,-5.12810591942105,-5.15670591942105,-66.6438776285193,-51.0721983909607,True
FP2,SPes4,FP2_matched_sp4_pv.maegz,e413cf5cffea4624fe060be462f8c4d10bc4b49372096a189e149ff5340dc39c,15,AnalogueA,AnalogueA-1,4,0,-5.10234730666103,-5.13094730666103,-66.5972793159124,-51.3961319923401,True
FP2,SPes4,FP2_matched_sp4_pv.maegz,e413cf5cffea4624fe060be462f8c4d10bc4b49372096a189e149ff5340dc39c,16,AnalogueA,AnalogueA-1,5,0,-5.03332434104113,-5.06192434104113,-65.5437725262706,-50.310432434082,True
FP2,SPes4,FP2_matched_sp4_pv.maegz,e413cf5cffea4624fe060be462f8c4d10bc4b49372096a189e149ff5340dc39c,17,OPT1,OPT1-1,1,0,-5.02960570795038,-5.09360570795038,-53.0212519403546,-42.6021842956543,True
FP2,SPes4,FP2_matched_sp4_pv.maegz,e413cf5cffea4624fe060be462f8c4d10bc4b49372096a189e149ff5340dc39c,18,AnalogueA,AnalogueA-1,6,0,-4.94839533836215,-4.97699533836215,-59.89782966558,-45.7565684318542,True
FP2,SPes4,FP2_matched_sp4_pv.maegz,e413cf5cffea4624fe060be462f8c4d10bc4b49372096a189e149ff5340dc39c,19,AnalogueA,AnalogueA-1,7,0,-4.89386694592736,-4.92246694592736,-60.1407888044677,-47.8691720962524,True
FP2,SPes4,FP2_matched_sp4_pv.maegz,e413cf5cffea4624fe060be462f8c4d10bc4b49372096a189e149ff5340dc39c,20,OPT1,OPT1-1,2,0,-4.85490799120845,-4.91890799120845,-52.2690982417844,-41.3709139823914,True
FP2,SPes4,FP2_matched_sp4_pv.maegz,e413cf5cffea4624fe060be462f8c4d10bc4b49372096a189e149ff5340dc39c,21,AnalogueB,AnalogueB-1,1,0,-4.66935538888675,-4.83785538888675,-56.2130337106107,-43.9221754074097,True
FP2,SPes4,FP2_matched_sp4_pv.maegz,e413cf5cffea4624fe060be462f8c4d10bc4b49372096a189e149ff5340dc39c,22,AnalogueB,AnalogueB-1,2,0,-4.62796351652341,-4.79646351652341,-55.7829246711772,-43.8107128143311,True
FP2,SPes4,FP2_matched_sp4_pv.maegz,e413cf5cffea4624fe060be462f8c4d10bc4b49372096a189e149ff5340dc39c,23,AnalogueB,AnalogueB-1,3,0,-4.57797608288181,-4.74647608288181,-55.6460100933486,-43.2887721061707,True
FP2,SPes4,FP2_matched_sp4_pv.maegz,e413cf5cffea4624fe060be462f8c4d10bc4b49372096a189e149ff5340dc39c,24,AnalogueA,AnalogueA-2,8,-1,-4.48788688819203,-6.40898688819203,-73.5465158647231,-56.38210105896,True
FP2,SPes4,FP2_matched_sp4_pv.maegz,e413cf5cffea4624fe060be462f8c4d10bc4b49372096a189e149ff5340dc39c,25,Parent_SANC00867,Parent_SANC00867-2,11,-1,-4.48211395176872,-6.40321395176872,-69.7508022468447,-52.7180738449097,True
FP2,SPes4,FP2_matched_sp4_pv.maegz,e413cf5cffea4624fe060be462f8c4d10bc4b49372096a189e149ff5340dc39c,26,AnalogueB,AnalogueB-1,4,0,-4.48016707629452,-4.64866707629452,-54.7533946746681,-43.0931944847107,True
FP2,SPes4,FP2_matched_sp4_pv.maegz,e413cf5cffea4624fe060be462f8c4d10bc4b49372096a189e149ff5340dc39c,27,AnalogueB,AnalogueB-4,5,-1,-4.41060861227834,-6.90350861227834,-62.913798361813,-46.2686815261841,True
FP2,SPes4,FP2_matched_sp4_pv.maegz,e413cf5cffea4624fe060be462f8c4d10bc4b49372096a189e149ff5340dc39c,28,AnalogueA,AnalogueA-2,9,-1,-4.40544747159545,-6.32654747159545,-73.8987695550082,-57.1192235946655,True
FP2,SPes4,FP2_matched_sp4_pv.maegz,e413cf5cffea4624fe060be462f8c4d10bc4b49372096a189e149ff5340dc39c,29,Parent_SANC00867,Parent_SANC00867-2,12,-1,-4.36087050063316,-6.28197050063316,-68.7785785189906,-52.2681865692139,True
FP2,SPes4,FP2_matched_sp4_pv.maegz,e413cf5cffea4624fe060be462f8c4d10bc4b49372096a189e149ff5340dc39c,30,AnalogueB,AnalogueB-1,6,0,-4.35558091497217,-4.52408091497217,-53.3276276573888,-42.4130625724792,True
FP2,SPes4,FP2_matched_sp4_pv.maegz,e413cf5cffea4624fe060be462f8c4d10bc4b49372096a189e149ff5340dc39c,31,AnalogueB,AnalogueB-1,7,0,-4.35423293189801,-4.52273293189801,-53.5797051589592,-42.3799962997437,True
FP2,SPes4,FP2_matched_sp4_pv.maegz,e413cf5cffea4624fe060be462f8c4d10bc4b49372096a189e149ff5340dc39c,32,AnalogueA,AnalogueA-1,10,0,-4.34664534120663,-4.37524534120663,-57.3214692974227,-44.5061640739441,True
FP2,SPes4,FP2_matched_sp4_pv.maegz,e413cf5cffea4624fe060be462f8c4d10bc4b49372096a189e149ff5340dc39c,33,AnalogueA,AnalogueA-1,11,0,-4.288688114279,-4.317288114279,-53.9860664327398,-44.6092443466187,True
FP2,SPes4,FP2_matched_sp4_pv.maegz,e413cf5cffea4624fe060be462f8c4d10bc4b49372096a189e149ff5340dc39c,34,AnalogueB,AnalogueB-1,8,0,-4.23711006972628,-4.40561006972628,-53.3325778102873,-42.1107263565063,True
FP2,SPes4,FP2_matched_sp4_pv.maegz,e413cf5cffea4624fe060be462f8c4d10bc4b49372096a189e149ff5340dc39c,35,OPT1,OPT1-1,3,0,-4.23149213133834,-4.29549213133834,-49.6730248037363,-40.5654468536377,True
FP2,SPes4,FP2_matched_sp4_pv.maegz,e413cf5cffea4624fe060be462f8c4d10bc4b49372096a189e149ff5340dc39c,36,AnalogueB,AnalogueB-1,9,0,-4.2221979739901,-4.3906979739901,-52.9562759933716,-42.2074928283691,True
FP2,SPes4,FP2_matched_sp4_pv.maegz,e413cf5cffea4624fe060be462f8c4d10bc4b49372096a189e149ff5340dc39c,37,Parent_SANC00867,Parent_SANC00867-2,13,-1,-4.19887523539663,-6.11997523539663,-66.5533894393555,-49.7951793670654,True
FP2,SPes4,FP2_matched_sp4_pv.maegz,e413cf5cffea4624fe060be462f8c4d10bc4b49372096a189e149ff5340dc39c,38,AnalogueB,AnalogueB-1,10,0,-4.18735744540138,-4.35585744540138,-52.3585047047301,-41.4926300048828,True
FP2,SPes4,FP2_matched_sp4_pv.maegz,e413cf5cffea4624fe060be462f8c4d10bc4b49372096a189e149ff5340dc39c,39,Parent_SANC00867,Parent_SANC00867-2,14,-1,-4.16167167138161,-6.08277167138161,-63.6481513737263,-48.1176300048828,True
FP2,SPes4,FP2_matched_sp4_pv.maegz,e413cf5cffea4624fe060be462f8c4d10bc4b49372096a189e149ff5340dc39c,40,AnalogueB,AnalogueB-1,11,0,-4.14128921732273,-4.30978921732273,-52.7025678372624,-41.7546834945679,True
FP2,SPes4,FP2_matched_sp4_pv.maegz,e413cf5cffea4624fe060be462f8c4d10bc4b49372096a189e149ff5340dc39c,41,AnalogueB,AnalogueB-2,12,-1,-4.08727791086068,-5.22007791086068,-57.8387668632246,-43.0570507049561,True
FP2,SPes4,FP2_matched_sp4_pv.maegz,e413cf5cffea4624fe060be462f8c4d10bc4b49372096a189e149ff5340dc39c,42,AnalogueB,AnalogueB-2,13,-1,-4.08727514407658,-5.22007514407658,-57.6555527271075,-43.0568761825562,True
FP2,SPes4,FP2_matched_sp4_pv.maegz,e413cf5cffea4624fe060be462f8c4d10bc4b49372096a189e149ff5340dc39c,43,AnalogueB,AnalogueB-2,14,-1,-4.04342082368349,-5.17622082368349,-57.3114902693097,-42.5825843811035,True
FP2,SPes4,FP2_matched_sp4_pv.maegz,e413cf5cffea4624fe060be462f8c4d10bc4b49372096a189e149ff5340dc39c,44,AnalogueB,AnalogueB-2,15,-1,-3.9588067518874,-5.0916067518874,-52.3122300629274,-37.6765146255493,True
FP2,SPes4,FP2_matched_sp4_pv.maegz,e413cf5cffea4624fe060be462f8c4d10bc4b49372096a189e149ff5340dc39c,45,AnalogueB,AnalogueB-3,16,-1,-3.93208099555305,-5.49958099555305,-55.7802643574153,-42.135085105896,True
FP2,SPes4,FP2_matched_sp4_pv.maegz,e413cf5cffea4624fe060be462f8c4d10bc4b49372096a189e149ff5340dc39c,46,AnalogueB,AnalogueB-2,17,-1,-3.83144363543031,-4.96424363543031,-52.3436202944064,-37.949791431427,True
FP2,SPes4,FP2_matched_sp4_pv.maegz,e413cf5cffea4624fe060be462f8c4d10bc4b49372096a189e149ff5340dc39c,47,Parent_SANC00867,Parent_SANC00867-2,15,-1,-3.78448279241044,-5.70558279241044,-60.6055741435113,-45.6175899505615,True
FP2,SPes4,FP2_matched_sp4_pv.maegz,e413cf5cffea4624fe060be462f8c4d10bc4b49372096a189e149ff5340dc39c,48,AnalogueB,AnalogueB-4,18,-1,-3.75899955477157,-6.25189955477157,-59.9683230383066,-43.2991762161255,True
FP2,SPes4,FP2_matched_sp4_pv.maegz,e413cf5cffea4624fe060be462f8c4d10bc4b49372096a189e149ff5340dc39c,49,AnalogueA,AnalogueA-1,12,0,-3.72474447443437,-3.75334447443437,-55.4659784097142,-45.3488945960999,True
FP2,SPes4,FP2_matched_sp4_pv.maegz,e413cf5cffea4624fe060be462f8c4d10bc4b49372096a189e149ff5340dc39c,50,Parent_SANC00867,Parent_SANC00867-2,16,-1,-3.68314730135983,-5.60424730135983,-62.1830845268923,-47.3633346557617,True
FP2,SPes4,FP2_matched_sp4_pv.maegz,e413cf5cffea4624fe060be462f8c4d10bc4b49372096a189e149ff5340dc39c,51,AnalogueB,AnalogueB-2,19,-1,-3.66540224806809,-4.79820224806809,-52.7239170602102,-39.1362361907959,True
FP2,SPes4,FP2_matched_sp4_pv.maegz,e413cf5cffea4624fe060be462f8c4d10bc4b49372096a189e149ff5340dc39c,52,Parent_SANC00867,Parent_SANC00867-2,17,-1,-3.66265376259894,-5.58375376259894,-62.4615860684109,-47.3801097869873,True
FP2,SPes4,FP2_matched_sp4_pv.maegz,e413cf5cffea4624fe060be462f8c4d10bc4b49372096a189e149ff5340dc39c,53,AnalogueB,AnalogueB-2,20,-1,-3.57826331956341,-4.71106331956341,-51.7349825321489,-39.8429322242737,True
FP2,SPes4,FP2_matched_sp4_pv.maegz,e413cf5cffea4624fe060be462f8c4d10bc4b49372096a189e149ff5340dc39c,54,AnalogueB,AnalogueB-2,21,-1,-3.5662477316091,-4.6990477316091,-51.6188230007822,-38.7983856201172,True
FP2,SPes4,FP2_matched_sp4_pv.maegz,e413cf5cffea4624fe060be462f8c4d10bc4b49372096a189e149ff5340dc39c,55,AnalogueB,AnalogueB-2,22,-1,-3.51491073588876,-4.64771073588876,-50.5853812018356,-38.4927458763123,True
FP2,SPes4,FP2_matched_sp4_pv.maegz,e413cf5cffea4624fe060be462f8c4d10bc4b49372096a189e149ff5340dc39c,56,AnalogueB,AnalogueB-4,23,-1,-3.46715684159163,-5.96005684159163,-57.9456408260767,-42.6075353622437,True
FP2,SPes4,FP2_matched_sp4_pv.maegz,e413cf5cffea4624fe060be462f8c4d10bc4b49372096a189e149ff5340dc39c,57,AnalogueB,AnalogueB-2,24,-1,-3.46315040967117,-4.59595040967117,-49.7297215334235,-37.5758452415466,True
FP2,SPes4,FP2_matched_sp4_pv.maegz,e413cf5cffea4624fe060be462f8c4d10bc4b49372096a189e149ff5340dc39c,58,OPT1,OPT1-2,4,-1,-3.45716539931265,-4.92016539931265,-49.4015479297971,-39.8494132757187,True
FP2,SPes4,FP2_matched_sp4_pv.maegz,e413cf5cffea4624fe060be462f8c4d10bc4b49372096a189e149ff5340dc39c,59,Parent_SANC00867,Parent_SANC00867-2,18,-1,-3.28367107336589,-5.20477107336589,-59.471774854006,-45.5697441101074,True
FP2,SPes4,FP2_matched_sp4_pv.maegz,e413cf5cffea4624fe060be462f8c4d10bc4b49372096a189e149ff5340dc39c,60,AnalogueB,AnalogueB-4,25,-1,-3.25456644309537,-5.74746644309537,-58.0288336749274,-44.9751949310303,True
FP2,SPes4,FP2_matched_sp4_pv.maegz,e413cf5cffea4624fe060be462f8c4d10bc4b49372096a189e149ff5340dc39c,61,AnalogueB,AnalogueB-4,26,-1,-3.21649794480153,-5.70939794480153,-58.3201193174554,-43.3726072311401,True
FP2,SPes4,FP2_matched_sp4_pv.maegz,e413cf5cffea4624fe060be462f8c4d10bc4b49372096a189e149ff5340dc39c,62,AnalogueB,AnalogueB-4,27,-1,-3.19316260860343,-5.68606260860343,-58.5624032790447,-43.4594392776489,True
FP2,SPes4,FP2_matched_sp4_pv.maegz,e413cf5cffea4624fe060be462f8c4d10bc4b49372096a189e149ff5340dc39c,63,Parent_SANC00867,Parent_SANC00867-2,19,-1,-3.14055665392881,-5.06165665392881,-59.1107266196467,-45.9959993362427,True
FP2,SPes4,FP2_matched_sp4_pv.maegz,e413cf5cffea4624fe060be462f8c4d10bc4b49372096a189e149ff5340dc39c,64,Parent_SANC00867,Parent_SANC00867-2,20,-1,-3.09430534338758,-5.01540534338758,-57.4930064516122,-45.9136581420898,True
FP2,SPes4,FP2_matched_sp4_pv.maegz,e413cf5cffea4624fe060be462f8c4d10bc4b49372096a189e149ff5340dc39c,65,AnalogueA,AnalogueA-2,13,-1,-3.08175039173733,-5.00285039173733,-58.8765438906082,-45.5978965759277,True
FP2,SPes4,FP2_matched_sp4_pv.maegz,e413cf5cffea4624fe060be462f8c4d10bc4b49372096a189e149ff5340dc39c,66,AnalogueA,AnalogueA-2,14,-1,-3.07268661541438,-4.99378661541438,-58.3869171310079,-45.2741403579712,True
FP2,SPes4,FP2_matched_sp4_pv.maegz,e413cf5cffea4624fe060be462f8c4d10bc4b49372096a189e149ff5340dc39c,67,AnalogueB,AnalogueB-3,28,-1,-3.0536081567052,-4.6211081567052,-52.6867744343588,-42.2285962104797,True
FP2,SPes4,FP2_matched_sp4_pv.maegz,e413cf5cffea4624fe060be462f8c4d10bc4b49372096a189e149ff5340dc39c,68,AnalogueB,AnalogueB-3,29,-1,-3.0450415742881,-4.6125415742881,-52.8717778804934,-42.1622753143311,True
FP2,SPes4,FP2_matched_sp4_pv.maegz,e413cf5cffea4624fe060be462f8c4d10bc4b49372096a189e149ff5340dc39c,69,AnalogueA,AnalogueA-2,15,-1,-3.03848573319106,-4.95958573319106,-64.3290680020012,-49.6930627822876,True
FP2,SPes4,FP2_matched_sp4_pv.maegz,e413cf5cffea4624fe060be462f8c4d10bc4b49372096a189e149ff5340dc39c,70,AnalogueB,AnalogueB-4,30,-1,-3.00864431410185,-5.50154431410185,-57.3232216624371,-44.2034473419189,True
FP2,SPes4,FP2_matched_sp4_pv.maegz,e413cf5cffea4624fe060be462f8c4d10bc4b49372096a189e149ff5340dc39c,71,AnalogueB,AnalogueB-3,31,-1,-3.00334833547409,-4.57084833547409,-52.6691660611152,-42.1110410690308,True
FP2,SPes4,FP2_matched_sp4_pv.maegz,e413cf5cffea4624fe060be462f8c4d10bc4b49372096a189e149ff5340dc39c,72,AnalogueB,AnalogueB-4,32,-1,-2.99649526675419,-5.48939526675419,-57.8927469972313,-43.8990688323975,True
FP2,SPes4,FP2_matched_sp4_pv.maegz,e413cf5cffea4624fe060be462f8c4d10bc4b49372096a189e149ff5340dc39c,73,AnalogueB,AnalogueB-3,33,-1,-2.96342528502012,-4.53092528502012,-52.0762473519686,-41.2010054588318,True
FP2,SPes4,FP2_matched_sp4_pv.maegz,e413cf5cffea4624fe060be462f8c4d10bc4b49372096a189e149ff5340dc39c,74,AnalogueB,AnalogueB-4,34,-1,-2.93238527702688,-5.42528527702688,-57.2455822963775,-43.3048696517944,True
FP2,SPes4,FP2_matched_sp4_pv.maegz,e413cf5cffea4624fe060be462f8c4d10bc4b49372096a189e149ff5340dc39c,75,AnalogueB,AnalogueB-4,35,-1,-2.92383204371793,-5.41673204371793,-57.4154928994032,-43.3146505355835,True
FP2,SPes4,FP2_matched_sp4_pv.maegz,e413cf5cffea4624fe060be462f8c4d10bc4b49372096a189e149ff5340dc39c,76,OPT1,OPT1-2,5,-1,-2.92307666389932,-4.38607666389932,-47.8844907194398,-38.1469950675964,True
FP2,SPes4,FP2_matched_sp4_pv.maegz,e413cf5cffea4624fe060be462f8c4d10bc4b49372096a189e149ff5340dc39c,77,AnalogueB,AnalogueB-3,36,-1,-2.88395603518842,-4.45145603518842,-48.9863647472131,-38.2929954528809,True
FP2,SPes4,FP2_matched_sp4_pv.maegz,e413cf5cffea4624fe060be462f8c4d10bc4b49372096a189e149ff5340dc39c,78,AnalogueB,AnalogueB-3,37,-1,-2.86190874844646,-4.42940874844646,-48.7623143869232,-41.1402864456177,True
FP2,SPes4,FP2_matched_sp4_pv.maegz,e413cf5cffea4624fe060be462f8c4d10bc4b49372096a189e149ff5340dc39c,79,OPT1,OPT1-2,6,-1,-2.85343731891143,-4.31643731891143,-47.4153407890442,-39.9770069122314,True
FP2,SPes4,FP2_matched_sp4_pv.maegz,e413cf5cffea4624fe060be462f8c4d10bc4b49372096a189e149ff5340dc39c,80,AnalogueB,AnalogueB-3,38,-1,-2.84882206921585,-4.41632206921585,-48.8715019133245,-38.072699546814,True
FP2,SPes4,FP2_matched_sp4_pv.maegz,e413cf5cffea4624fe060be462f8c4d10bc4b49372096a189e149ff5340dc39c,81,AnalogueB,AnalogueB-3,39,-1,-2.81399911498908,-4.38149911498908,-49.2646209626982,-37.9756078720093,True
FP2,SPes4,FP2_matched_sp4_pv.maegz,e413cf5cffea4624fe060be462f8c4d10bc4b49372096a189e149ff5340dc39c,82,AnalogueB,AnalogueB-3,40,-1,-2.81131813218224,-4.37881813218224,-48.4870271064302,-37.8608617782593,True
FP2,SPes4,FP2_matched_sp4_pv.maegz,e413cf5cffea4624fe060be462f8c4d10bc4b49372096a189e149ff5340dc39c,83,AnalogueA,AnalogueA-2,16,-1,-2.68765552697711,-4.60875552697711,-55.5770954564907,-43.0995082855225,True
FP2,SPes4,FP2_matched_sp4_pv.maegz,e413cf5cffea4624fe060be462f8c4d10bc4b49372096a189e149ff5340dc39c,84,AnalogueA,AnalogueA-2,17,-1,-2.67037970663522,-4.59147970663522,-56.9354790883336,-43.4669675827026,True
FP2,SPes4,FP2_matched_sp4_pv.maegz,e413cf5cffea4624fe060be462f8c4d10bc4b49372096a189e149ff5340dc39c,85,AnalogueA,AnalogueA-2,18,-1,-2.46043670120611,-4.38153670120611,-54.1447920148055,-41.3984889984131,True
FP2,SPes4,FP2_matched_sp4_pv.maegz,e413cf5cffea4624fe060be462f8c4d10bc4b49372096a189e149ff5340dc39c,86,OPT1,OPT1-3,7,-1,-2.37557669081925,-4.76397669081925,-48.909973186658,-38.4200668334961,True
FP2,SPes4,FP2_matched_sp4_pv.maegz,e413cf5cffea4624fe060be462f8c4d10bc4b49372096a189e149ff5340dc39c,87,AnalogueA,AnalogueA-2,19,-1,-2.26477184383295,-4.18587184383295,-55.5611443882693,-43.7187376022339,True
FP2,SPes4,FP2_matched_sp4_pv.maegz,e413cf5cffea4624fe060be462f8c4d10bc4b49372096a189e149ff5340dc39c,88,OPT1,OPT1-2,8,-1,-2.24238135523545,-3.70538135523545,-39.6836462498943,-37.492139339447,True
FP2,SPes4,FP2_matched_sp4_pv.maegz,e413cf5cffea4624fe060be462f8c4d10bc4b49372096a189e149ff5340dc39c,89,OPT1,OPT1-3,9,-1,-2.17142903302506,-4.55982903302506,-49.0340662666596,-40.5553636550903,True
FP2,SPes4,FP2_matched_sp4_pv.maegz,e413cf5cffea4624fe060be462f8c4d10bc4b49372096a189e149ff5340dc39c,90,AnalogueB,AnalogueB-5,41,-2,-1.542585613107,-4.074385613107,-39.1946568379197,-32.4484906196594,True
FP2,SPes4,FP2_matched_sp4_pv.maegz,e413cf5cffea4624fe060be462f8c4d10bc4b49372096a189e149ff5340dc39c,91,OPT1,OPT1-1,10,0,-1.31225025474679,-1.37625025474679,-28.0728070224028,-36.4241857528687,True
FP2,SPes4,FP2_matched_sp4_pv.maegz,e413cf5cffea4624fe060be462f8c4d10bc4b49372096a189e149ff5340dc39c,92,OPT1,OPT1-1,11,0,-1.30049304169613,-1.36449304169613,-28.3411263369786,-37.1552000045776,True
FP2,SPes4,FP2_matched_sp4_pv.maegz,e413cf5cffea4624fe060be462f8c4d10bc4b49372096a189e149ff5340dc39c,93,OPT1,OPT1-1,12,0,-1.23211497606658,-1.29611497606658,-28.2485894259197,-37.4525279998779,True
FP2,SPes4,FP2_matched_sp4_pv.maegz,e413cf5cffea4624fe060be462f8c4d10bc4b49372096a189e149ff5340dc39c,94,AnalogueB,AnalogueB-5,42,-2,-1.23090212803852,-3.76270212803852,-34.0807665351408,-29.5870952606201,True
FP2,SPes4,FP2_matched_sp4_pv.maegz,e413cf5cffea4624fe060be462f8c4d10bc4b49372096a189e149ff5340dc39c,95,AnalogueB,AnalogueB-5,43,-2,-1.17460694816583,-3.70640694816583,-38.8775593296153,-32.5098193883896,True
FP2,SPes4,FP2_matched_sp4_pv.maegz,e413cf5cffea4624fe060be462f8c4d10bc4b49372096a189e149ff5340dc39c,96,OPT1,OPT1-1,13,0,-1.16605985913448,-1.23005985913448,-27.9030708186955,-36.9817028045654,True
FP2,SPes4,FP2_matched_sp4_pv.maegz,e413cf5cffea4624fe060be462f8c4d10bc4b49372096a189e149ff5340dc39c,97,OPT1,OPT1-2,14,-1,-1.00321408391435,-2.46621408391435,-30.6892538812109,-36.5613660812378,True
FP2,SPes4,FP2_matched_sp4_pv.maegz,e413cf5cffea4624fe060be462f8c4d10bc4b49372096a189e149ff5340dc39c,98,AnalogueB,AnalogueB-5,44,-2,-0.873906265242012,-3.40570626524201,-34.9628173466012,-31.7678980827332,True
FP2,SPes4,FP2_matched_sp4_pv.maegz,e413cf5cffea4624fe060be462f8c4d10bc4b49372096a189e149ff5340dc39c,99,OPT1,OPT1-1,15,0,-0.855643452536152,-0.919643452536152,-25.6005938952016,-36.3537030220032,True
FP2,SPes4,FP2_matched_sp4_pv.maegz,e413cf5cffea4624fe060be462f8c4d10bc4b49372096a189e149ff5340dc39c,100,OPT1,OPT1-1,16,0,-0.84013695994478,-0.90413695994478,-24.6675705746934,-35.7057762145996,True
FP2,SPes4,FP2_matched_sp4_pv.maegz,e413cf5cffea4624fe060be462f8c4d10bc4b49372096a189e149ff5340dc39c,101,OPT1,OPT1-1,17,0,-0.720164838817915,-0.784164838817915,-25.528258211786,-36.1178894042969,True
FP2,SPes4,FP2_matched_sp4_pv.maegz,e413cf5cffea4624fe060be462f8c4d10bc4b49372096a189e149ff5340dc39c,102,OPT1,OPT1-2,18,-1,-0.616532796955111,-2.07953279695511,-28.3454393645843,-36.2420196533203,True
FP2,SPes4,FP2_matched_sp4_pv.maegz,e413cf5cffea4624fe060be462f8c4d10bc4b49372096a189e149ff5340dc39c,103,OPT1,OPT1-2,19,-1,0.051471675061745,-1.41152832493826,-25.52675042085,-34.0623369216919,True
FP2,SPes4,FP2_matched_sp4_pv.maegz,e413cf5cffea4624fe060be462f8c4d10bc4b49372096a189e149ff5340dc39c,104,OPT1,OPT1-2,20,-1,0.0557798963085996,-1.4072201036914,-25.1730008270555,-34.1976466178894,True
FP2,SPes4,FP2_matched_sp4_pv.maegz,e413cf5cffea4624fe060be462f8c4d10bc4b49372096a189e149ff5340dc39c,105,AnalogueB,AnalogueB-5,45,-2,0.145106152359097,-2.3866938476409,-26.8538874842789,-32.087682723999,True
FP2,SPes4,FP2_matched_sp4_pv.maegz,e413cf5cffea4624fe060be462f8c4d10bc4b49372096a189e149ff5340dc39c,106,OPT1,OPT1-2,21,-1,0.53795857164575,-0.92504142835425,-26.3539379860215,-37.5482020378113,True
FP2,SPes4,FP2_matched_sp4_pv.maegz,e413cf5cffea4624fe060be462f8c4d10bc4b49372096a189e149ff5340dc39c,107,OPT1,OPT1-3,22,-1,1.07431341791571,-1.31408658208429,-22.8517046912344,-33.7474765777588,True
FP2,SPes4,FP2_matched_sp4_pv.maegz,e413cf5cffea4624fe060be462f8c4d10bc4b49372096a189e149ff5340dc39c,108,AnalogueB,AnalogueB-5,46,-2,1.32470255900841,-1.20709744099159,-23.3759719143999,-33.8992047309875,True
FP2,SPes4,FP2_matched_sp4_pv.maegz,e413cf5cffea4624fe060be462f8c4d10bc4b49372096a189e149ff5340dc39c,109,OPT1,OPT1-3,23,-1,1.32657694310538,-1.06182305689462,-25.643816597504,-35.6089825630188,True
FP2,SPes4,FP2_matched_sp4_pv.maegz,e413cf5cffea4624fe060be462f8c4d10bc4b49372096a189e149ff5340dc39c,110,OPT1,OPT1-3,24,-1,1.33517209647298,-1.05322790352702,-25.3349044155608,-35.2555804252625,True
FP2,SPes4,FP2_matched_sp4_pv.maegz,e413cf5cffea4624fe060be462f8c4d10bc4b49372096a189e149ff5340dc39c,111,AnalogueB,AnalogueB-5,47,-2,1.36830557162607,-1.16349442837394,-22.5812567546586,-33.5404214859009,True
FP2,SPes4,FP2_matched_sp4_pv.maegz,e413cf5cffea4624fe060be462f8c4d10bc4b49372096a189e149ff5340dc39c,112,OPT1,OPT1-3,25,-1,1.5231189802756,-0.865281019724399,-24.5642172203378,-35.2080016136169,True
FP2,SPes4,FP2_matched_sp4_pv.maegz,e413cf5cffea4624fe060be462f8c4d10bc4b49372096a189e149ff5340dc39c,113,OPT1,OPT1-3,26,-1,1.537379683426,-0.851020316573996,-24.2050264982302,-34.5349140167236,True
FP2,SPes4,FP2_matched_sp4_pv.maegz,e413cf5cffea4624fe060be462f8c4d10bc4b49372096a189e149ff5340dc39c,114,OPT1,OPT1-3,27,-1,1.62839956587129,-0.760000434128709,-26.1171814473005,-37.7066955566406,True
FP2,SPes4,FP2_matched_sp4_pv.maegz,e413cf5cffea4624fe060be462f8c4d10bc4b49372096a189e149ff5340dc39c,115,OPT1,OPT1-3,28,-1,1.66270477393088,-0.725695226069123,-23.1171356133641,-33.8437705039978,True
FP2,SPes4,FP2_matched_sp4_pv.maegz,e413cf5cffea4624fe060be462f8c4d10bc4b49372096a189e149ff5340dc39c,116,AnalogueB,AnalogueB-5,48,-2,1.72533671613344,-0.806463283866561,-23.448842502011,-34.3940799236298,True
FP2,SPes4,FP2_matched_sp4_pv.maegz,e413cf5cffea4624fe060be462f8c4d10bc4b49372096a189e149ff5340dc39c,117,OPT1,OPT1-2,29,-1,1.79048046405298,0.327480464052981,-20.0185738156204,-38.6270332336426,True
FP2,SPes4,FP2_matched_sp4_pv.maegz,e413cf5cffea4624fe060be462f8c4d10bc4b49372096a189e149ff5340dc39c,118,OPT1,OPT1-3,30,-1,1.90168349310317,-0.48671650689683,-22.3845543713606,-36.0187830924988,True
FP2,SPes4,FP2_matched_sp4_pv.maegz,e413cf5cffea4624fe060be462f8c4d10bc4b49372096a189e149ff5340dc39c,119,AnalogueB,AnalogueB-5,49,-2,2.09251959081459,-0.439280409185415,-21.2675873971584,-33.906352519989,True
FP2,SPes4,FP2_matched_sp4_pv.maegz,e413cf5cffea4624fe060be462f8c4d10bc4b49372096a189e149ff5340dc39c,120,AnalogueB,AnalogueB-5,50,-2,2.52765360217148,-0.00414639782852033,-19.1808581929296,-34.0295190811157,True
FP3,SPes4,FP3_matched_sp4_pv.maegz,2332b53b22a03f7f2ea95a516ed521905cdb18d022138e5bbd27cb6b58f7c4c5,2,AnalogueA,AnalogueA-1,1,0,-7.34084763993381,-7.36944763993381,-74.061491540996,-56.575023651123,True
FP3,SPes4,FP3_matched_sp4_pv.maegz,2332b53b22a03f7f2ea95a516ed521905cdb18d022138e5bbd27cb6b58f7c4c5,3,Parent_SANC00867,Parent_SANC00867-1,1,0,-7.25950659015639,-7.28810659015639,-77.5210823494947,-61.2953834533691,True
FP3,SPes4,FP3_matched_sp4_pv.maegz,2332b53b22a03f7f2ea95a516ed521905cdb18d022138e5bbd27cb6b58f7c4c5,4,Parent_SANC00867,Parent_SANC00867-1,2,0,-7.18346988973061,-7.21206988973061,-73.6848334183457,-58.0444755554199,True
FP3,SPes4,FP3_matched_sp4_pv.maegz,2332b53b22a03f7f2ea95a516ed521905cdb18d022138e5bbd27cb6b58f7c4c5,5,Parent_SANC00867,Parent_SANC00867-1,3,0,-7.12557738389861,-7.15417738389861,-76.8205134036268,-58.9406204223633,True
FP3,SPes4,FP3_matched_sp4_pv.maegz,2332b53b22a03f7f2ea95a516ed521905cdb18d022138e5bbd27cb6b58f7c4c5,6,AnalogueA,AnalogueA-1,2,0,-6.25399620113378,-6.28259620113378,-70.9248982489026,-52.1753778457642,True
FP3,SPes4,FP3_matched_sp4_pv.maegz,2332b53b22a03f7f2ea95a516ed521905cdb18d022138e5bbd27cb6b58f7c4c5,7,AnalogueA,AnalogueA-1,3,0,-6.11990625856683,-6.14850625856683,-70.3129908252609,-53.5757532119751,True
FP3,SPes4,FP3_matched_sp4_pv.maegz,2332b53b22a03f7f2ea95a516ed521905cdb18d022138e5bbd27cb6b58f7c4c5,8,AnalogueA,AnalogueA-1,4,0,-6.07101251018195,-6.09961251018195,-72.8496109679358,-54.1995840072632,True
FP3,SPes4,FP3_matched_sp4_pv.maegz,2332b53b22a03f7f2ea95a516ed521905cdb18d022138e5bbd27cb6b58f7c4c5,9,AnalogueA,AnalogueA-1,5,0,-6.0323849533523,-6.0609849533523,-72.329800805783,-53.6791038513184,True
FP3,SPes4,FP3_matched_sp4_pv.maegz,2332b53b22a03f7f2ea95a516ed521905cdb18d022138e5bbd27cb6b58f7c4c5,10,Parent_SANC00867,Parent_SANC00867-1,4,0,-6.02028363973485,-6.04888363973485,-70.7280399056047,-53.3029193878174,True
FP3,SPes4,FP3_matched_sp4_pv.maegz,2332b53b22a03f7f2ea95a516ed521905cdb18d022138e5bbd27cb6b58f7c4c5,11,AnalogueA,AnalogueA-1,6,0,-6.00860415774752,-6.03720415774752,-73.3229739801292,-54.4819774627686,True
FP3,SPes4,FP3_matched_sp4_pv.maegz,2332b53b22a03f7f2ea95a516ed521905cdb18d022138e5bbd27cb6b58f7c4c5,12,OPT1,OPT1-1,1,0,-5.90352796457472,-5.96752796457472,-62.1584342182009,-48.8707399368286,True
FP3,SPes4,FP3_matched_sp4_pv.maegz,2332b53b22a03f7f2ea95a516ed521905cdb18d022138e5bbd27cb6b58f7c4c5,13,Parent_SANC00867,Parent_SANC00867-1,5,0,-5.88219945439345,-5.91079945439345,-70.7124588767685,-53.8675136566162,True
FP3,SPes4,FP3_matched_sp4_pv.maegz,2332b53b22a03f7f2ea95a516ed521905cdb18d022138e5bbd27cb6b58f7c4c5,14,AnalogueA,AnalogueA-1,7,0,-5.87076754874872,-5.89936754874872,-70.1382450955399,-52.343921661377,True
FP3,SPes4,FP3_matched_sp4_pv.maegz,2332b53b22a03f7f2ea95a516ed521905cdb18d022138e5bbd27cb6b58f7c4c5,15,Parent_SANC00867,Parent_SANC00867-1,6,0,-5.86558172440188,-5.89418172440188,-68.1203249929154,-52.7575454711914,True
FP3,SPes4,FP3_matched_sp4_pv.maegz,2332b53b22a03f7f2ea95a516ed521905cdb18d022138e5bbd27cb6b58f7c4c5,16,Parent_SANC00867,Parent_SANC00867-1,7,0,-5.84100625023326,-5.86960625023326,-70.7183263280029,-53.2057437896729,True
FP3,SPes4,FP3_matched_sp4_pv.maegz,2332b53b22a03f7f2ea95a516ed521905cdb18d022138e5bbd27cb6b58f7c4c5,17,AnalogueA,AnalogueA-1,8,0,-5.69898991319161,-5.72758991319161,-70.3016301890528,-52.8621411323547,True
FP3,SPes4,FP3_matched_sp4_pv.maegz,2332b53b22a03f7f2ea95a516ed521905cdb18d022138e5bbd27cb6b58f7c4c5,18,AnalogueA,AnalogueA-1,9,0,-5.6824198626718,-5.7110198626718,-69.9513190213142,-53.0496158599854,True
FP3,SPes4,FP3_matched_sp4_pv.maegz,2332b53b22a03f7f2ea95a516ed521905cdb18d022138e5bbd27cb6b58f7c4c5,19,Parent_SANC00867,Parent_SANC00867-1,8,0,-5.63141111052028,-5.66001111052028,-65.5874386458132,-48.4918384552002,True
FP3,SPes4,FP3_matched_sp4_pv.maegz,2332b53b22a03f7f2ea95a516ed521905cdb18d022138e5bbd27cb6b58f7c4c5,20,AnalogueA,AnalogueA-1,10,0,-5.60678115035826,-5.63538115035826,-68.9705059347746,-52.1460971832275,True
FP3,SPes4,FP3_matched_sp4_pv.maegz,2332b53b22a03f7f2ea95a516ed521905cdb18d022138e5bbd27cb6b58f7c4c5,21,AnalogueB,AnalogueB-1,1,0,-5.60615170416478,-5.77465170416478,-59.4888939421227,-46.8749189376831,True
FP3,SPes4,FP3_matched_sp4_pv.maegz,2332b53b22a03f7f2ea95a516ed521905cdb18d022138e5bbd27cb6b58f7c4c5,22,AnalogueB,AnalogueB-1,2,0,-5.58952390577843,-5.75802390577843,-56.3654099168908,-43.6421909332275,True
FP3,SPes4,FP3_matched_sp4_pv.maegz,2332b53b22a03f7f2ea95a516ed521905cdb18d022138e5bbd27cb6b58f7c4c5,23,Parent_SANC00867,Parent_SANC00867-1,9,0,-5.54792619814259,-5.57652619814259,-65.4574071447544,-48.2896251678467,True
FP3,SPes4,FP3_matched_sp4_pv.maegz,2332b53b22a03f7f2ea95a516ed521905cdb18d022138e5bbd27cb6b58f7c4c5,24,AnalogueB,AnalogueB-1,3,0,-5.41725077386837,-5.58575077386837,-56.811083519725,-41.8629674911499,True
FP3,SPes4,FP3_matched_sp4_pv.maegz,2332b53b22a03f7f2ea95a516ed521905cdb18d022138e5bbd27cb6b58f7c4c5,25,OPT1,OPT1-1,2,0,-5.40792378210099,-5.47192378210099,-57.7860971256504,-45.3741798400879,True
FP3,SPes4,FP3_matched_sp4_pv.maegz,2332b53b22a03f7f2ea95a516ed521905cdb18d022138e5bbd27cb6b58f7c4c5,26,OPT1,OPT1-1,3,0,-5.26736380618955,-5.33136380618955,-58.2516755067705,-45.7522277832031,True
FP3,SPes4,FP3_matched_sp4_pv.maegz,2332b53b22a03f7f2ea95a516ed521905cdb18d022138e5bbd27cb6b58f7c4c5,27,AnalogueB,AnalogueB-1,4,0,-5.26039947596197,-5.42889947596197,-55.8171907855258,-41.5298938751221,True
FP3,SPes4,FP3_matched_sp4_pv.maegz,2332b53b22a03f7f2ea95a516ed521905cdb18d022138e5bbd27cb6b58f7c4c5,28,AnalogueB,AnalogueB-1,5,0,-5.25755785433828,-5.42605785433828,-56.77512039107,-42.571629524231,True
FP3,SPes4,FP3_matched_sp4_pv.maegz,2332b53b22a03f7f2ea95a516ed521905cdb18d022138e5bbd27cb6b58f7c4c5,29,OPT1,OPT1-1,4,0,-5.21466082947259,-5.27866082947259,-58.0354782501526,-45.5240955352783,True
FP3,SPes4,FP3_matched_sp4_pv.maegz,2332b53b22a03f7f2ea95a516ed521905cdb18d022138e5bbd27cb6b58f7c4c5,30,Parent_SANC00867,Parent_SANC00867-1,10,0,-5.19646708176864,-5.22506708176864,-63.8389549896803,-50.3502588272095,True
FP3,SPes4,FP3_matched_sp4_pv.maegz,2332b53b22a03f7f2ea95a516ed521905cdb18d022138e5bbd27cb6b58f7c4c5,31,AnalogueB,AnalogueB-1,6,0,-5.17843565488526,-5.34693565488526,-54.3929873727888,-43.5567293167114,True
FP3,SPes4,FP3_matched_sp4_pv.maegz,2332b53b22a03f7f2ea95a516ed521905cdb18d022138e5bbd27cb6b58f7c4c5,32,AnalogueB,AnalogueB-1,7,0,-5.07600359027625,-5.24450359027625,-56.587147145579,-44.776346206665,True
FP3,SPes4,FP3_matched_sp4_pv.maegz,2332b53b22a03f7f2ea95a516ed521905cdb18d022138e5bbd27cb6b58f7c4c5,33,OPT1,OPT1-1,5,0,-4.97680334810097,-5.04080334810097,-53.7497231835308,-41.8901376724243,True
FP3,SPes4,FP3_matched_sp4_pv.maegz,2332b53b22a03f7f2ea95a516ed521905cdb18d022138e5bbd27cb6b58f7c4c5,34,OPT1,OPT1-1,6,0,-4.89265624592925,-4.95665624592925,-53.9682530328992,-42.3146834373474,True
FP3,SPes4,FP3_matched_sp4_pv.maegz,2332b53b22a03f7f2ea95a516ed521905cdb18d022138e5bbd27cb6b58f7c4c5,35,AnalogueB,AnalogueB-1,8,0,-4.87952002789305,-5.04802002789305,-53.3307991176133,-41.5434494018555,True
FP3,SPes4,FP3_matched_sp4_pv.maegz,2332b53b22a03f7f2ea95a516ed521905cdb18d022138e5bbd27cb6b58f7c4c5,36,OPT1,OPT1-1,7,0,-4.62904803425867,-4.69304803425867,-54.3943514112344,-43.4896397590637,True
FP3,SPes4,FP3_matched_sp4_pv.maegz,2332b53b22a03f7f2ea95a516ed521905cdb18d022138e5bbd27cb6b58f7c4c5,37,OPT1,OPT1-1,8,0,-4.61243109740146,-4.67643109740146,-50.9734900415482,-40.5159792900085,True
FP3,SPes4,FP3_matched_sp4_pv.maegz,2332b53b22a03f7f2ea95a516ed521905cdb18d022138e5bbd27cb6b58f7c4c5,38,AnalogueB,AnalogueB-1,9,0,-4.60645000161114,-4.77495000161114,-50.9332274058796,-40.1243591308594,True
FP3,SPes4,FP3_matched_sp4_pv.maegz,2332b53b22a03f7f2ea95a516ed521905cdb18d022138e5bbd27cb6b58f7c4c5,39,OPT1,OPT1-1,9,0,-4.55781327755469,-4.62181327755469,-50.4116899599199,-39.8815088272095,True
FP3,SPes4,FP3_matched_sp4_pv.maegz,2332b53b22a03f7f2ea95a516ed521905cdb18d022138e5bbd27cb6b58f7c4c5,40,OPT1,OPT1-1,10,0,-4.55404423387007,-4.61804423387007,-54.1366342945131,-43.7023677825928,True
FP3,SPes4,FP3_matched_sp4_pv.maegz,2332b53b22a03f7f2ea95a516ed521905cdb18d022138e5bbd27cb6b58f7c4c5,41,AnalogueA,AnalogueA-2,11,-1,-4.46135321262088,-6.38245321262088,-68.9452061465807,-51.5142498016357,True
FP3,SPes4,FP3_matched_sp4_pv.maegz,2332b53b22a03f7f2ea95a516ed521905cdb18d022138e5bbd27cb6b58f7c4c5,42,AnalogueA,AnalogueA-2,12,-1,-4.43113374512181,-6.35223374512181,-68.9236506243908,-51.5205106735229,True
FP3,SPes4,FP3_matched_sp4_pv.maegz,2332b53b22a03f7f2ea95a516ed521905cdb18d022138e5bbd27cb6b58f7c4c5,43,AnalogueA,AnalogueA-2,13,-1,-4.36995679187708,-6.29105679187708,-68.4221447889411,-51.5767908096313,True
FP3,SPes4,FP3_matched_sp4_pv.maegz,2332b53b22a03f7f2ea95a516ed521905cdb18d022138e5bbd27cb6b58f7c4c5,44,OPT1,OPT1-2,11,-1,-4.29988488955639,-5.76288488955639,-56.8563096293219,-47.1481800079346,True
FP3,SPes4,FP3_matched_sp4_pv.maegz,2332b53b22a03f7f2ea95a516ed521905cdb18d022138e5bbd27cb6b58f7c4c5,45,AnalogueB,AnalogueB-1,10,0,-4.26767573351613,-4.43617573351613,-48.4906875010005,-39.2870638370514,True
FP3,SPes4,FP3_matched_sp4_pv.maegz,2332b53b22a03f7f2ea95a516ed521905cdb18d022138e5bbd27cb6b58f7c4c5,46,Parent_SANC00867,Parent_SANC00867-2,11,-1,-3.98435266874699,-5.90545266874699,-62.0284101281354,-47.2492513656616,True
FP3,SPes4,FP3_matched_sp4_pv.maegz,2332b53b22a03f7f2ea95a516ed521905cdb18d022138e5bbd27cb6b58f7c4c5,47,Parent_SANC00867,Parent_SANC00867-2,12,-1,-3.93294228040767,-5.85404228040767,-61.9331513601381,-50.0795745849609,True
FP3,SPes4,FP3_matched_sp4_pv.maegz,2332b53b22a03f7f2ea95a516ed521905cdb18d022138e5bbd27cb6b58f7c4c5,48,AnalogueA,AnalogueA-2,14,-1,-3.90979735742783,-5.83089735742783,-68.1050907771586,-51.3110446929932,True
FP3,SPes4,FP3_matched_sp4_pv.maegz,2332b53b22a03f7f2ea95a516ed521905cdb18d022138e5bbd27cb6b58f7c4c5,49,AnalogueA,AnalogueA-2,15,-1,-3.90014378479677,-5.82124378479677,-67.9769935823005,-51.2750835418701,True
FP3,SPes4,FP3_matched_sp4_pv.maegz,2332b53b22a03f7f2ea95a516ed521905cdb18d022138e5bbd27cb6b58f7c4c5,50,AnalogueB,AnalogueB-3,11,-1,-3.86621219964824,-5.43371219964824,-55.8688667066238,-43.6779594421387,True
FP3,SPes4,FP3_matched_sp4_pv.maegz,2332b53b22a03f7f2ea95a516ed521905cdb18d022138e5bbd27cb6b58f7c4c5,51,AnalogueA,AnalogueA-2,16,-1,-3.81845118571229,-5.73955118571229,-67.10290796656,-50.8214244842529,True
FP3,SPes4,FP3_matched_sp4_pv.maegz,2332b53b22a03f7f2ea95a516ed521905cdb18d022138e5bbd27cb6b58f7c4c5,52,AnalogueB,AnalogueB-2,12,-1,-3.78156661815018,-4.91436661815018,-50.0593002915155,-39.6115989685059,True
FP3,SPes4,FP3_matched_sp4_pv.maegz,2332b53b22a03f7f2ea95a516ed521905cdb18d022138e5bbd27cb6b58f7c4c5,53,OPT1,OPT1-2,12,-1,-3.7646437914985,-5.2276437914985,-52.9879016257675,-41.1143628358841,True
FP3,SPes4,FP3_matched_sp4_pv.maegz,2332b53b22a03f7f2ea95a516ed521905cdb18d022138e5bbd27cb6b58f7c4c5,54,AnalogueB,AnalogueB-2,13,-1,-3.71830710984626,-4.85110710984626,-49.9327840788016,-38.7187876701355,True
FP3,SPes4,FP3_matched_sp4_pv.maegz,2332b53b22a03f7f2ea95a516ed521905cdb18d022138e5bbd27cb6b58f7c4c5,55,AnalogueB,AnalogueB-2,14,-1,-3.71018022127564,-4.84298022127564,-49.6224563711305,-38.8409600257874,True
FP3,SPes4,FP3_matched_sp4_pv.maegz,2332b53b22a03f7f2ea95a516ed521905cdb18d022138e5bbd27cb6b58f7c4c5,56,AnalogueA,AnalogueA-2,17,-1,-3.70237833230112,-5.62347833230112,-66.7397720002823,-50.4840784072876,True
FP3,SPes4,FP3_matched_sp4_pv.maegz,2332b53b22a03f7f2ea95a516ed521905cdb18d022138e5bbd27cb6b58f7c4c5,57,AnalogueB,AnalogueB-2,15,-1,-3.6944290362371,-4.8272290362371,-49.8403943949167,-38.5786099433899,True
FP3,SPes4,FP3_matched_sp4_pv.maegz,2332b53b22a03f7f2ea95a516ed521905cdb18d022138e5bbd27cb6b58f7c4c5,58,OPT1,OPT1-2,13,-1,-3.69199359316835,-5.15499359316835,-53.739034957002,-45.6503672599792,True
FP3,SPes4,FP3_matched_sp4_pv.maegz,2332b53b22a03f7f2ea95a516ed521905cdb18d022138e5bbd27cb6b58f7c4c5,59,AnalogueB,AnalogueB-2,16,-1,-3.68898082272046,-4.82178082272046,-49.1951636213679,-38.5611386299133,True
FP3,SPes4,FP3_matched_sp4_pv.maegz,2332b53b22a03f7f2ea95a516ed521905cdb18d022138e5bbd27cb6b58f7c4c5,60,OPT1,OPT1-2,14,-1,-3.62144841843536,-5.08444841843536,-53.7333829211991,-43.7245593070984,True
FP3,SPes4,FP3_matched_sp4_pv.maegz,2332b53b22a03f7f2ea95a516ed521905cdb18d022138e5bbd27cb6b58f7c4c5,61,AnalogueB,AnalogueB-2,17,-1,-3.59891028984616,-4.73171028984616,-46.7920819753888,-36.8230657577515,True
FP3,SPes4,FP3_matched_sp4_pv.maegz,2332b53b22a03f7f2ea95a516ed521905cdb18d022138e5bbd27cb6b58f7c4c5,62,AnalogueB,AnalogueB-2,18,-1,-3.58789232919395,-4.72069232919395,-47.4524663103969,-37.7921929359436,True
FP3,SPes4,FP3_matched_sp4_pv.maegz,2332b53b22a03f7f2ea95a516ed521905cdb18d022138e5bbd27cb6b58f7c4c5,63,OPT1,OPT1-2,15,-1,-3.5878001952952,-5.0508001952952,-53.0641275823681,-44.0029344558716,True
FP3,SPes4,FP3_matched_sp4_pv.maegz,2332b53b22a03f7f2ea95a516ed521905cdb18d022138e5bbd27cb6b58f7c4c5,64,AnalogueB,AnalogueB-2,19,-1,-3.57865485175121,-4.71145485175121,-47.1786267902171,-36.6827764511108,True
FP3,SPes4,FP3_matched_sp4_pv.maegz,2332b53b22a03f7f2ea95a516ed521905cdb18d022138e5bbd27cb6b58f7c4c5,65,AnalogueB,AnalogueB-3,20,-1,-3.57409644911288,-5.14159644911288,-51.7386762636478,-39.0046949386597,True
FP3,SPes4,FP3_matched_sp4_pv.maegz,2332b53b22a03f7f2ea95a516ed521905cdb18d022138e5bbd27cb6b58f7c4c5,66,AnalogueA,AnalogueA-2,18,-1,-3.53163316738254,-5.45273316738254,-61.5003938426422,-47.560781955719,True
FP3,SPes4,FP3_matched_sp4_pv.maegz,2332b53b22a03f7f2ea95a516ed521905cdb18d022138e5bbd27cb6b58f7c4c5,67,Parent_SANC00867,Parent_SANC00867-2,13,-1,-3.48970125707634,-5.41080125707634,-59.8644013900912,-46.6779832839966,True
FP3,SPes4,FP3_matched_sp4_pv.maegz,2332b53b22a03f7f2ea95a516ed521905cdb18d022138e5bbd27cb6b58f7c4c5,68,OPT1,OPT1-2,16,-1,-3.48418062500542,-4.94718062500542,-49.7793246229116,-40.6773891448975,True
FP3,SPes4,FP3_matched_sp4_pv.maegz,2332b53b22a03f7f2ea95a516ed521905cdb18d022138e5bbd27cb6b58f7c4c5,69,OPT1,OPT1-2,17,-1,-3.36966497819309,-4.83266497819309,-48.4099496941631,-39.220606803894,True
FP3,SPes4,FP3_matched_sp4_pv.maegz,2332b53b22a03f7f2ea95a516ed521905cdb18d022138e5bbd27cb6b58f7c4c5,70,AnalogueB,AnalogueB-4,21,-1,-3.29593720675922,-5.78883720675922,-54.8709708132573,-45.2218532562256,True
FP3,SPes4,FP3_matched_sp4_pv.maegz,2332b53b22a03f7f2ea95a516ed521905cdb18d022138e5bbd27cb6b58f7c4c5,71,AnalogueB,AnalogueB-2,22,-1,-3.26200437655752,-4.39480437655752,-46.5196484225791,-36.4734482765198,True
FP3,SPes4,FP3_matched_sp4_pv.maegz,2332b53b22a03f7f2ea95a516ed521905cdb18d022138e5bbd27cb6b58f7c4c5,72,Parent_SANC00867,Parent_SANC00867-2,14,-1,-3.25344145971528,-5.17454145971528,-63.1655710817474,-49.1207566261292,True
FP3,SPes4,FP3_matched_sp4_pv.maegz,2332b53b22a03f7f2ea95a516ed521905cdb18d022138e5bbd27cb6b58f7c4c5,73,OPT1,OPT1-3,18,-1,-3.21459947409821,-5.60299947409821,-53.5921006639486,-42.5652437210083,True
FP3,SPes4,FP3_matched_sp4_pv.maegz,2332b53b22a03f7f2ea95a516ed521905cdb18d022138e5bbd27cb6b58f7c4c5,74,AnalogueA,AnalogueA-2,19,-1,-3.2075301558731,-5.1286301558731,-62.0150678149648,-48.2988796234131,True
FP3,SPes4,FP3_matched_sp4_pv.maegz,2332b53b22a03f7f2ea95a516ed521905cdb18d022138e5bbd27cb6b58f7c4c5,75,AnalogueA,AnalogueA-2,20,-1,-3.2065064411256,-5.1276064411256,-61.9273954318587,-48.1632642745972,True
FP3,SPes4,FP3_matched_sp4_pv.maegz,2332b53b22a03f7f2ea95a516ed521905cdb18d022138e5bbd27cb6b58f7c4c5,76,AnalogueB,AnalogueB-4,23,-1,-3.18588055296248,-5.67878055296248,-53.5894362644371,-44.1951880455017,True
FP3,SPes4,FP3_matched_sp4_pv.maegz,2332b53b22a03f7f2ea95a516ed521905cdb18d022138e5bbd27cb6b58f7c4c5,77,AnalogueB,AnalogueB-3,24,-1,-3.15951573541955,-4.72701573541955,-49.2080967975526,-39.0898952484131,True
FP3,SPes4,FP3_matched_sp4_pv.maegz,2332b53b22a03f7f2ea95a516ed521905cdb18d022138e5bbd27cb6b58f7c4c5,78,OPT1,OPT1-3,19,-1,-3.14141086972615,-5.52981086972615,-54.5688861506767,-43.4574413299561,True
FP3,SPes4,FP3_matched_sp4_pv.maegz,2332b53b22a03f7f2ea95a516ed521905cdb18d022138e5bbd27cb6b58f7c4c5,79,Parent_SANC00867,Parent_SANC00867-2,15,-1,-3.11981260205562,-5.04091260205562,-56.7598198119562,-50.1590442657471,True
FP3,SPes4,FP3_matched_sp4_pv.maegz,2332b53b22a03f7f2ea95a516ed521905cdb18d022138e5bbd27cb6b58f7c4c5,80,Parent_SANC00867,Parent_SANC00867-2,16,-1,-3.0816622335062,-5.0027622335062,-57.6800994713915,-46.8650884628296,True
FP3,SPes4,FP3_matched_sp4_pv.maegz,2332b53b22a03f7f2ea95a516ed521905cdb18d022138e5bbd27cb6b58f7c4c5,81,OPT1,OPT1-2,20,-1,-3.07840143096668,-4.54140143096668,-46.5241303547029,-37.9173245429993,True
FP3,SPes4,FP3_matched_sp4_pv.maegz,2332b53b22a03f7f2ea95a516ed521905cdb18d022138e5bbd27cb6b58f7c4c5,82,AnalogueB,AnalogueB-4,25,-1,-3.05213508908208,-5.54503508908208,-52.6014352492773,-42.9645237922668,True
FP3,SPes4,FP3_matched_sp4_pv.maegz,2332b53b22a03f7f2ea95a516ed521905cdb18d022138e5bbd27cb6b58f7c4c5,83,AnalogueB,AnalogueB-2,26,-1,-3.02931241621211,-4.16211241621211,-45.2069076452937,-35.3555421829224,True
FP3,SPes4,FP3_matched_sp4_pv.maegz,2332b53b22a03f7f2ea95a516ed521905cdb18d022138e5bbd27cb6b58f7c4c5,84,OPT1,OPT1-2,21,-1,-3.0169018042349,-4.4799018042349,-45.6370839027246,-36.4331331253052,True
FP3,SPes4,FP3_matched_sp4_pv.maegz,2332b53b22a03f7f2ea95a516ed521905cdb18d022138e5bbd27cb6b58f7c4c5,85,OPT1,OPT1-2,22,-1,-3.00203825319398,-4.46503825319398,-48.4084914292793,-39.4886484146118,True
FP3,SPes4,FP3_matched_sp4_pv.maegz,2332b53b22a03f7f2ea95a516ed521905cdb18d022138e5bbd27cb6b58f7c4c5,86,Parent_SANC00867,Parent_SANC00867-2,17,-1,-3.00140787046941,-4.92250787046941,-57.2964239655077,-49.5627088546753,True
FP3,SPes4,FP3_matched_sp4_pv.maegz,2332b53b22a03f7f2ea95a516ed521905cdb18d022138e5bbd27cb6b58f7c4c5,87,Parent_SANC00867,Parent_SANC00867-2,18,-1,-2.99228661388305,-4.91338661388305,-55.1360935542454,-49.6137075424194,True
FP3,SPes4,FP3_matched_sp4_pv.maegz,2332b53b22a03f7f2ea95a516ed521905cdb18d022138e5bbd27cb6b58f7c4c5,88,AnalogueB,AnalogueB-4,27,-1,-2.82473138732795,-5.31763138732795,-52.9879341050718,-43.1799983978271,True
FP3,SPes4,FP3_matched_sp4_pv.maegz,2332b53b22a03f7f2ea95a516ed521905cdb18d022138e5bbd27cb6b58f7c4c5,89,Parent_SANC00867,Parent_SANC00867-2,19,-1,-2.71934757124361,-4.64044757124361,-57.7600245494786,-47.7385225296021,True
FP3,SPes4,FP3_matched_sp4_pv.maegz,2332b53b22a03f7f2ea95a516ed521905cdb18d022138e5bbd27cb6b58f7c4c5,90,AnalogueB,AnalogueB-3,28,-1,-2.71288668419179,-4.28038668419179,-47.8722789323651,-37.6500267982483,True
FP3,SPes4,FP3_matched_sp4_pv.maegz,2332b53b22a03f7f2ea95a516ed521905cdb18d022138e5bbd27cb6b58f7c4c5,91,AnalogueB,AnalogueB-3,29,-1,-2.7121590234411,-4.2796590234411,-45.7765390910371,-36.1635947227478,True
FP3,SPes4,FP3_matched_sp4_pv.maegz,2332b53b22a03f7f2ea95a516ed521905cdb18d022138e5bbd27cb6b58f7c4c5,92,AnalogueB,AnalogueB-3,30,-1,-2.70535448352702,-4.27285448352702,-48.4306646668278,-38.4500303268433,True
FP3,SPes4,FP3_matched_sp4_pv.maegz,2332b53b22a03f7f2ea95a516ed521905cdb18d022138e5bbd27cb6b58f7c4c5,93,AnalogueB,AnalogueB-3,31,-1,-2.69362692224366,-4.26112692224366,-46.9789601974492,-37.5214023590088,True
FP3,SPes4,FP3_matched_sp4_pv.maegz,2332b53b22a03f7f2ea95a516ed521905cdb18d022138e5bbd27cb6b58f7c4c5,94,OPT1,OPT1-3,23,-1,-2.68974446569922,-5.07814446569922,-51.3439900793755,-40.5571203231812,True
FP3,SPes4,FP3_matched_sp4_pv.maegz,2332b53b22a03f7f2ea95a516ed521905cdb18d022138e5bbd27cb6b58f7c4c5,95,OPT1,OPT1-3,24,-1,-2.67504809889307,-5.06344809889307,-51.0836868977269,-40.3450622558594,True
FP3,SPes4,FP3_matched_sp4_pv.maegz,2332b53b22a03f7f2ea95a516ed521905cdb18d022138e5bbd27cb6b58f7c4c5,96,Parent_SANC00867,Parent_SANC00867-2,20,-1,-2.64287782265357,-4.56397782265357,-57.7852136705796,-47.4984483718872,True
FP3,SPes4,FP3_matched_sp4_pv.maegz,2332b53b22a03f7f2ea95a516ed521905cdb18d022138e5bbd27cb6b58f7c4c5,97,AnalogueB,AnalogueB-4,32,-1,-2.64217734226669,-5.13507734226669,-46.7230301250636,-35.2579565048218,True
FP3,SPes4,FP3_matched_sp4_pv.maegz,2332b53b22a03f7f2ea95a516ed521905cdb18d022138e5bbd27cb6b58f7c4c5,98,AnalogueB,AnalogueB-4,33,-1,-2.60393661436788,-5.09683661436788,-46.7457509573187,-34.9980154037476,True
FP3,SPes4,FP3_matched_sp4_pv.maegz,2332b53b22a03f7f2ea95a516ed521905cdb18d022138e5bbd27cb6b58f7c4c5,99,AnalogueB,AnalogueB-4,34,-1,-2.59896711091115,-5.09186711091115,-46.9035963587573,-35.1081438064575,True
FP3,SPes4,FP3_matched_sp4_pv.maegz,2332b53b22a03f7f2ea95a516ed521905cdb18d022138e5bbd27cb6b58f7c4c5,100,OPT1,OPT1-3,25,-1,-2.5223713551776,-4.9107713551776,-49.8345312297082,-38.7196750640869,True
FP3,SPes4,FP3_matched_sp4_pv.maegz,2332b53b22a03f7f2ea95a516ed521905cdb18d022138e5bbd27cb6b58f7c4c5,101,AnalogueB,AnalogueB-4,35,-1,-2.45416283238358,-4.94706283238358,-51.1630383999553,-41.0061349868774,True
FP3,SPes4,FP3_matched_sp4_pv.maegz,2332b53b22a03f7f2ea95a516ed521905cdb18d022138e5bbd27cb6b58f7c4c5,102,AnalogueB,AnalogueB-4,36,-1,-2.43306866636773,-4.92596866636773,-47.0158541085038,-37.972092628479,True
FP3,SPes4,FP3_matched_sp4_pv.maegz,2332b53b22a03f7f2ea95a516ed521905cdb18d022138e5bbd27cb6b58f7c4c5,103,OPT1,OPT1-3,26,-1,-2.42321702690591,-4.81161702690591,-49.8353135754219,-39.2975397109985,True
FP3,SPes4,FP3_matched_sp4_pv.maegz,2332b53b22a03f7f2ea95a516ed521905cdb18d022138e5bbd27cb6b58f7c4c5,104,OPT1,OPT1-3,27,-1,-2.3944178445808,-4.7828178445808,-49.418520783361,-38.5532388687134,True
FP3,SPes4,FP3_matched_sp4_pv.maegz,2332b53b22a03f7f2ea95a516ed521905cdb18d022138e5bbd27cb6b58f7c4c5,105,OPT1,OPT1-3,28,-1,-2.38215770749733,-4.77055770749733,-49.2036026114267,-38.5343446731567,True
FP3,SPes4,FP3_matched_sp4_pv.maegz,2332b53b22a03f7f2ea95a516ed521905cdb18d022138e5bbd27cb6b58f7c4c5,106,AnalogueB,AnalogueB-5,37,-2,-2.36908177640682,-4.90088177640682,-44.9470087237457,-37.5110535621643,True
FP3,SPes4,FP3_matched_sp4_pv.maegz,2332b53b22a03f7f2ea95a516ed521905cdb18d022138e5bbd27cb6b58f7c4c5,107,AnalogueB,AnalogueB-5,38,-2,-2.36871522236451,-4.90051522236451,-45.2810423743849,-37.5492987632751,True
FP3,SPes4,FP3_matched_sp4_pv.maegz,2332b53b22a03f7f2ea95a516ed521905cdb18d022138e5bbd27cb6b58f7c4c5,108,OPT1,OPT1-3,29,-1,-2.36232454357322,-4.75072454357322,-48.4804285420384,-39.5381655693054,True
FP3,SPes4,FP3_matched_sp4_pv.maegz,2332b53b22a03f7f2ea95a516ed521905cdb18d022138e5bbd27cb6b58f7c4c5,109,OPT1,OPT1-3,30,-1,-2.15918130150352,-4.54758130150352,-45.6040352164578,-35.3747925758362,True
FP3,SPes4,FP3_matched_sp4_pv.maegz,2332b53b22a03f7f2ea95a516ed521905cdb18d022138e5bbd27cb6b58f7c4c5,110,AnalogueB,AnalogueB-5,39,-2,-2.09831925127933,-4.63011925127933,-45.1122411172552,-36.9795122146606,True
FP3,SPes4,FP3_matched_sp4_pv.maegz,2332b53b22a03f7f2ea95a516ed521905cdb18d022138e5bbd27cb6b58f7c4c5,111,AnalogueB,AnalogueB-4,40,-1,-2.09697013134923,-4.58987013134923,-45.6074630252528,-37.5400562286377,True
FP3,SPes4,FP3_matched_sp4_pv.maegz,2332b53b22a03f7f2ea95a516ed521905cdb18d022138e5bbd27cb6b58f7c4c5,112,AnalogueB,AnalogueB-5,41,-2,-2.09435888736721,-4.62615888736721,-44.895356693884,-36.96248960495,True
FP3,SPes4,FP3_matched_sp4_pv.maegz,2332b53b22a03f7f2ea95a516ed521905cdb18d022138e5bbd27cb6b58f7c4c5,113,AnalogueB,AnalogueB-5,42,-2,-2.09332512727006,-4.62512512727006,-44.053316478696,-35.6446237564087,True
FP3,SPes4,FP3_matched_sp4_pv.maegz,2332b53b22a03f7f2ea95a516ed521905cdb18d022138e5bbd27cb6b58f7c4c5,114,AnalogueB,AnalogueB-5,43,-2,-2.05095996786726,-4.58275996786726,-44.551580119039,-36.5611743927002,True
FP3,SPes4,FP3_matched_sp4_pv.maegz,2332b53b22a03f7f2ea95a516ed521905cdb18d022138e5bbd27cb6b58f7c4c5,115,AnalogueB,AnalogueB-5,44,-2,-2.01477550731477,-4.54657550731477,-44.5386862806878,-36.9194355010986,True
FP3,SPes4,FP3_matched_sp4_pv.maegz,2332b53b22a03f7f2ea95a516ed521905cdb18d022138e5bbd27cb6b58f7c4c5,116,AnalogueB,AnalogueB-5,45,-2,-1.96855966994408,-4.50035966994408,-42.1450881345465,-34.7540354728699,True
FP3,SPes4,FP3_matched_sp4_pv.maegz,2332b53b22a03f7f2ea95a516ed521905cdb18d022138e5bbd27cb6b58f7c4c5,117,AnalogueB,AnalogueB-5,46,-2,-1.93662932503042,-4.46842932503042,-42.2565738707317,-34.632438659668,True
FP3,SPes4,FP3_matched_sp4_pv.maegz,2332b53b22a03f7f2ea95a516ed521905cdb18d022138e5bbd27cb6b58f7c4c5,118,AnalogueB,AnalogueB-5,47,-2,-1.58675420609623,-4.11855420609623,-40.9963608575036,-34.9642629623413,True
