target,compound,role,pH70_DockingScore,pH55_DockingScore,change,pH55_GlideScore,pH55_state
FP2,AnalogueA,matched-set member,,-5.8777,,-5.8777,AnalogueA-1
FP2,AnalogueB,matched-set member,,-4.9196,,-4.9196,AnalogueB-1
FP2,OPT1,matched-set member,,-4.5956,,-4.5956,OPT1-1
FP2,Parent_SANC00867,matched-set member,,-8.1714,,-8.1714,Parent_SANC00867-1
FP2,SANC00247,panel member,-3.1104,-7.2514,-4.141,-7.2514,SANC00247-1
FP2,SANC00248,panel member,-4.8788,-3.2538,1.625,-3.2538,SANC00248-1
FP2,SANC00251,panel member,-6.9077,-3.9847,2.923,-3.9847,SANC00251-1
FP2,SANC00369,panel member,-5.5363,-6.1946,-0.6583,-6.1946,SANC00369-1
FP2,SANC00370,panel member,-8.5464,-8.3867,0.1597,-8.3867,SANC00370-1
FP2,SANC00412,panel member,-6.5455,-5.1804,1.3651,-5.1804,SANC00412-1
FP2,SANC00548,panel member,-6.8819,-6.3392,0.5427,-6.3392,SANC00548-1
FP2,SANC00711,panel member,-6.3076,-6.7568,-0.4492,-6.7568,SANC00711-1
FP2,SANC00716,panel member,-4.714,-6.7874,-2.0734,-6.7874,SANC00716-1
FP2,SANC00724,panel member,-3.5263,-5.8659,-2.3395,-5.8659,SANC00724-1
FP2,SANC00853,panel member,-6.7832,-7.5961,-0.8129,-7.5961,SANC00853-1
FP2,SANC00867,panel member,-6.6934,-8.1714,-1.478,-8.1714,SANC00867-1
FP2,SANC00893,panel member,-5.7187,-5.979,-0.2604,-5.979,SANC00893-1
FP2,SANC00964,panel member,-8.0579,-7.0621,0.9958,-7.0621,SANC00964-1
FP2,SANC01001,panel member,-5.9483,-6.458,-0.5097,-6.458,SANC01001-1
FP2,SANC01026,panel member,-4.897,-5.129,-0.232,-5.129,SANC01026-1
FP2,SANC01049,panel member,-9.7703,-7.9375,1.8327,-7.9375,SANC01049-1
FP2,SANC01067,panel member,-8.1231,-8.5162,-0.3931,-8.5162,SANC01067-1
FP3,AnalogueA,matched-set member,,-6.4683,,-6.4683,AnalogueA-1
FP3,AnalogueB,matched-set member,,-4.5385,,-4.5385,AnalogueB-1
FP3,OPT1,matched-set member,,-0.4343,,-0.4343,OPT1-1
FP3,Parent_SANC00867,matched-set member,,-7.086,,-7.086,Parent_SANC00867-1
FP3,SANC00247,panel member,-7.0266,-5.8979,1.1287,-5.8979,SANC00247-1
FP3,SANC00248,panel member,-6.6642,-4.4475,2.2167,-4.4475,SANC00248-1
FP3,SANC00251,panel member,-5.7231,-5.7516,-0.0285,-5.7516,SANC00251-1
FP3,SANC00369,panel member,-6.3404,-4.9723,1.3681,-4.9723,SANC00369-1
FP3,SANC00370,panel member,-8.9497,-10.352,-1.4024,-10.352,SANC00370-1
FP3,SANC00412,panel member,-6.7044,-6.5459,0.1585,-6.5459,SANC00412-1
FP3,SANC00548,panel member,-6.933,-7.5086,-0.5756,-7.5086,SANC00548-1
FP3,SANC00711,panel member,-7.5372,-6.66,0.8772,-6.66,SANC00711-1
FP3,SANC00716,panel member,-6.8075,-4.4248,2.3828,-4.4248,SANC00716-1
FP3,SANC00724,panel member,-4.9421,-3.8363,1.1058,-3.8363,SANC00724-1
FP3,SANC00853,panel member,-7.4477,-8.0732,-0.6255,-8.0732,SANC00853-1
FP3,SANC00867,panel member,-6.5095,-7.086,-0.5765,-7.086,SANC00867-1
FP3,SANC00893,panel member,-7.0276,-1.5874,5.4402,-1.5874,SANC00893-1
FP3,SANC00964,panel member,-8.4579,-7.8117,0.6463,-7.8117,SANC00964-1
FP3,SANC01001,panel member,-7.3559,-6.4046,0.9513,-6.4046,SANC01001-1
FP3,SANC01026,panel member,-5.7125,-4.7051,1.0074,-4.7051,SANC01026-1
FP3,SANC01049,panel member,-7.7642,-6.7773,0.9868,-6.7773,SANC01049-1
FP3,SANC01067,panel member,-6.9814,-8.1261,-1.1447,-8.1261,SANC01067-1
