target,parent_id,DockingScore,GlideScore_of_selected_state,minimum_GlideScore,within_target_percentile,within_target_z,within_target_rank,DockingScore_state,GlideScore_state,DockingScore_pose_record,GlideScore_pose_record,selected_formal_charge,effective_state_penalty,state_changes_under_GlideScore_rule,states_with_pose,states_prepared,source_job
FP2,SANC00104,-4.62728982876718,-4.98348982876718,-4.98348982876718,68.57142857142857,-0.3292860431015304,55.0,SANC00104_minRM1.pdb-1,SANC00104_minRM1.pdb-1,59,59,0,0.3561999999999994,False,3,3,FP2_standard_xp_pv.maegz
FP2,SANC00108,-4.23303881666143,-4.23813881666143,-4.23813881666143,52.57142857142857,-0.0819064289837106,83.0,SANC00108_minRM1.pdb-1,SANC00108_minRM1.pdb-1,93,93,1,0.0051000000000005,False,1,1,FP2_standard_xp_pv.maegz
FP2,SANC00109,-4.85294951961902,-4.85514951961902,-4.85514951961902,75.42857142857142,-0.47088011776658417,43.0,SANC00109_minRM1.pdb-1,SANC00109_minRM1.pdb-1,46,46,1,0.0021999999999993,False,1,1,FP2_standard_xp_pv.maegz
FP2,SANC00110,-3.88251973548868,-3.89121973548868,-3.89121973548868,36.0,0.13803282894821026,112.0,SANC00110_minRM1.pdb-1,SANC00110_minRM1.pdb-1,129,129,1,0.0087000000000001,False,1,2,FP2_standard_xp_pv.maegz
FP2,SANC00111,-4.62884647951257,-4.63104647951257,-4.63104647951257,69.14285714285715,-0.3302627905261064,54.0,SANC00111_minRM1.pdb-1,SANC00111_minRM1.pdb-1,58,58,1,0.0021999999999993,False,1,1,FP2_standard_xp_pv.maegz
FP2,SANC00113,-2.66588854748948,-2.72618854748948,-3.02277122526401,9.714285714285719,0.9014291033253502,158.0,SANC00113_minRM1.pdb-1,SANC00113_minRM1.pdb-2,197,229,1,0.0603000000000002,True,2,2,FP2_standard_xp_pv.maegz
FP2,SANC00116,-0.750503909491131,-0.769503909491131,-0.769503909491131,4.0000000000000036,2.1032703113020994,168.0,SANC00116_minRM1.pdb-1,SANC00116_minRM1.pdb-1,250,250,1,0.019,False,1,2,FP2_standard_xp_pv.maegz
FP2,SANC00117,-3.67216523721926,-3.69116523721926,-3.69116523721926,30.85714285714286,0.2700233959017293,121.0,SANC00117_minRM1.pdb-1,SANC00117_minRM1.pdb-1,146,146,1,0.0190000000000001,False,1,2,FP2_standard_xp_pv.maegz
FP2,SANC00118,-4.82353046469146,-5.27763046469146,-5.27763046469146,73.14285714285714,-0.45242062309891123,47.0,SANC00118_minRM1.pdb-2,SANC00118_minRM1.pdb-2,50,50,0,0.4540999999999995,False,2,2,FP2_standard_xp_pv.maegz
FP2,SANC00119,-2.77384432965661,-2.89384432965661,-3.3403951897883,10.285714285714286,0.8336903812567594,157.0,SANC00119_minRM1.pdb-1,SANC00119_minRM1.pdb-2,195,213,-1,0.1200000000000001,True,2,2,FP2_standard_xp_pv.maegz
FP2,SANC00128,-4.30229617803144,-4.30229617803144,-4.30229617803144,56.00000000000001,-0.125363157830195,77.0,SANC00128_minRM1.pdb-1,SANC00128_minRM1.pdb-1,87,87,0,0.0,False,1,1,FP2_standard_xp_pv.maegz
FP2,SANC00131,-3.41281188155527,-3.41471188155527,-3.41471188155527,24.0,0.4327591431142438,133.0,SANC00131_minRM1.pdb-1,SANC00131_minRM1.pdb-1,162,162,0,0.0019,False,1,1,FP2_standard_xp_pv.maegz
FP2,SANC00140,-3.32659799861211,-3.32709799861211,-3.32709799861211,20.571428571428573,0.4868555345988575,139.0,SANC00140_minRM1.pdb-1,SANC00140_minRM1.pdb-1,169,169,0,0.0005000000000001,False,1,1,FP2_standard_xp_pv.maegz
FP2,SANC00146,-4.49727432423716,-4.49727432423716,-4.49727432423716,64.57142857142857,-0.24770556682530726,62.0,SANC00146_minRM1.pdb-1,SANC00146_minRM1.pdb-1,68,68,0,0.0,False,1,1,FP2_standard_xp_pv.maegz
FP2,SANC00147,-4.43746807724416,-4.43746807724416,-4.43746807724416,62.28571428571428,-0.21017910310377658,66.0,SANC00147_minRM1.pdb-1,SANC00147_minRM1.pdb-1,72,72,0,0.0,False,1,1,FP2_standard_xp_pv.maegz
FP2,SANC00151,-3.93432722865378,-3.93432722865378,-3.93432722865378,38.28571428571429,0.10552532161388199,108.0,SANC00151_minRM1.pdb-1,SANC00151_minRM1.pdb-1,124,124,0,0.0,False,1,1,FP2_standard_xp_pv.maegz
FP2,SANC00152,-4.25355545076226,-4.25355545076226,-4.25355545076226,53.714285714285715,-0.09477994578142654,81.0,SANC00152_minRM1.pdb-1,SANC00152_minRM1.pdb-1,91,91,0,0.0,False,1,1,FP2_standard_xp_pv.maegz
FP2,SANC00158,-4.07310995988903,-4.07310995988903,-4.07310995988903,45.714285714285715,0.018443697356734075,95.0,SANC00158_minRM1.pdb-1,SANC00158_minRM1.pdb-1,107,107,0,0.0,False,1,1,FP2_standard_xp_pv.maegz
FP2,SANC00166,-2.10552145469507,-2.11202145469507,-3.82874137411601,6.857142857142861,1.253041124406535,163.0,SANC00166_minRM1.pdb-1,SANC00166_minRM1.pdb-2,217,239,-1,0.0064999999999999,True,2,2,FP2_standard_xp_pv.maegz
FP2,SANC00187,-3.52186053393707,-3.52186053393707,-3.52186053393707,25.142857142857146,0.36433468073381003,131.0,SANC00187_minRM1.pdb-1,SANC00187_minRM1.pdb-1,159,159,0,0.0,False,1,1,FP2_standard_xp_pv.maegz
FP2,SANC00190,-3.75283884237263,-3.75283884237263,-3.75283884237263,32.57142857142858,0.21940334750732987,118.0,SANC00190_minRM1.pdb-1,SANC00190_minRM1.pdb-1,136,136,0,0.0,False,1,1,FP2_standard_xp_pv.maegz
FP2,SANC00200,-4.15740923124133,-4.15780923124133,-4.15780923124133,47.42857142857143,-0.034451337981695807,92.0,SANC00200_minRM1.pdb-1,SANC00200_minRM1.pdb-1,103,103,0,0.0003999999999999,False,1,1,FP2_standard_xp_pv.maegz
FP2,SANC00201,-3.54330110449894,-3.54370110449894,-3.54370110449894,26.857142857142858,0.35088142402881856,128.0,SANC00201_minRM1.pdb-1,SANC00201_minRM1.pdb-1,156,156,0,0.0003999999999999,False,1,1,FP2_standard_xp_pv.maegz
FP2,SANC00233,-4.36587063484094,-4.36607063484094,-4.36607063484094,59.42857142857143,-0.16525404995316947,71.0,SANC00233_minRM1.pdb-1,SANC00233_minRM1.pdb-1,80,80,0,0.0002000000000004,False,1,1,FP2_standard_xp_pv.maegz
FP2,SANC00239,-4.86507825463505,-4.86717825463505,-4.86717825463505,76.57142857142857,-0.4784905022573613,41.0,SANC00239_minRM1.pdb-1,SANC00239_minRM1.pdb-1,44,44,0,0.0020999999999995,False,1,1,FP2_standard_xp_pv.maegz
FP2,SANC00241,-4.85956130088773,-5.06836130088773,-5.06836130088773,76.0,-0.47502879424086575,42.0,SANC00241_minRM1.pdb-1,SANC00241_minRM1.pdb-1,45,45,0,0.2088000000000001,False,3,3,FP2_standard_xp_pv.maegz
FP2,SANC00243,-5.06563382627781,-5.27103382627781,-5.27103382627781,80.57142857142857,-0.604332563276235,34.0,SANC00243_minRM1.pdb-1,SANC00243_minRM1.pdb-1,37,37,0,0.2054,False,2,2,FP2_standard_xp_pv.maegz
FP2,SANC00244,-4.8473068373243,-5.0561068373243,-5.0561068373243,74.85714285714286,-0.46733951919918487,44.0,SANC00244_minRM1.pdb-1,SANC00244_minRM1.pdb-1,47,47,0,0.2088000000000001,False,3,3,FP2_standard_xp_pv.maegz
FP2,SANC00247,-3.1104131994006,-3.1119131994006,-3.1119131994006,16.000000000000004,0.622504424683981,147.0,SANC00247_minRM1.pdb-1,SANC00247_minRM1.pdb-1,181,181,-1,0.0015,False,1,1,FP2_standard_xp_pv.maegz
FP2,SANC00248,-4.87880131849992,-4.87880131849992,-4.87880131849992,77.14285714285715,-0.4871012759501756,40.0,SANC00248_minRM1.pdb-1,SANC00248_minRM1.pdb-1,43,43,0,0.0,False,1,1,FP2_standard_xp_pv.maegz
FP2,SANC00250,-3.70615899876081,-3.70765899876081,-3.70765899876081,31.428571428571427,0.24869342247275517,120.0,SANC00250_minRM1.pdb-1,SANC00250_minRM1.pdb-1,142,142,-1,0.0015,False,1,1,FP2_standard_xp_pv.maegz
FP2,SANC00251,-6.90774384539357,-6.90774384539357,-6.90774384539357,97.14285714285714,-1.7601963447221352,5.0,SANC00251_minRM1.pdb-1,SANC00251_minRM1.pdb-1,6,6,0,0.0,False,1,1,FP2_standard_xp_pv.maegz
FP2,SANC00253,-5.23202535717471,-5.43742535717471,-5.43742535717471,84.57142857142857,-0.7087378062352755,27.0,SANC00253_minRM1.pdb-1,SANC00253_minRM1.pdb-1,30,30,0,0.2054,False,2,2,FP2_standard_xp_pv.maegz
FP2,SANC00255,-2.60161773973436,-2.60161773973436,-2.60161773973436,9.142857142857142,0.9417569328890125,159.0,SANC00255_minRM1.pdb-1,SANC00255_minRM1.pdb-1,200,200,0,0.0,False,1,1,FP2_standard_xp_pv.maegz
FP2,SANC00258,-4.82097760848341,-5.02977760848341,-5.34892955770755,72.57142857142857,-0.45081878933246733,48.0,SANC00258_minRM1.pdb-1,SANC00258_minRM1.pdb-2,51,62,0,0.2087999999999992,True,3,3,FP2_standard_xp_pv.maegz
FP2,SANC00280,-3.61608608624214,-3.73218608624214,-3.73218608624214,28.57142857142857,0.30521122878687046,125.0,SANC00280_minRM1.pdb-1,SANC00280_minRM1.pdb-1,150,150,0,0.1161000000000003,False,2,2,FP2_standard_xp_pv.maegz
FP2,SANC00281,-4.18909351843822,-4.18909351843822,-4.18909351843822,49.71428571428571,-0.054332191802465006,88.0,SANC00281_minRM1.pdb-1,SANC00281_minRM1.pdb-1,99,99,0,0.0,False,1,1,FP2_standard_xp_pv.maegz
FP2,SANC00282,-3.33152994168549,-3.33152994168549,-3.33152994168549,21.71428571428572,0.48376090164451874,137.0,SANC00282_minRM1.pdb-1,SANC00282_minRM1.pdb-1,167,167,0,0.0,False,1,1,FP2_standard_xp_pv.maegz
FP2,SANC00283,-4.02918625331898,-4.02918625331898,-4.02918625331898,41.714285714285715,0.04600438648188651,102.0,SANC00283_minRM1.pdb-1,SANC00283_minRM1.pdb-1,116,116,0,0.0,False,1,1,FP2_standard_xp_pv.maegz
FP2,SANC00285,-3.11802378366213,-3.11802378366213,-3.11802378366213,16.57142857142857,0.6177290320026214,146.0,SANC00285_minRM1.pdb-1,SANC00285_minRM1.pdb-1,180,180,0,0.0,False,1,1,FP2_standard_xp_pv.maegz
FP2,SANC00292,-5.69951013459158,-5.69951013459158,-5.69951013459158,86.85714285714286,-1.0020692126041704,23.0,SANC00292_minRM1.pdb-1,SANC00292_minRM1.pdb-1,24,24,0,0.0,False,1,1,FP2_standard_xp_pv.maegz
FP2,SANC00297,-4.22687225437908,-4.22687225437908,-4.22687225437908,52.0,-0.07803711286022519,84.0,SANC00297_minRM1.pdb-1,SANC00297_minRM1.pdb-1,94,94,0,0.0,False,1,1,FP2_standard_xp_pv.maegz
FP2,SANC00298,-3.91395249802168,-3.91395249802168,-3.91395249802168,37.71428571428571,0.11830979862664225,109.0,SANC00298_minRM1.pdb-1,SANC00298_minRM1.pdb-1,125,125,0,0.0,False,1,1,FP2_standard_xp_pv.maegz
FP2,SANC00299,0.668170678496227,0.667770678496227,0.667770678496227,1.7142857142857126,2.99344221031788,172.0,SANC00299_minRM1.pdb-1,SANC00299_minRM1.pdb-1,258,258,0,0.0004,False,1,1,FP2_standard_xp_pv.maegz
FP2,SANC00300,-3.99267133106226,-3.99267133106226,-3.99267133106226,40.0,0.06891630579228436,105.0,SANC00300_minRM1.pdb-1,SANC00300_minRM1.pdb-1,121,121,0,0.0,False,1,1,FP2_standard_xp_pv.maegz
FP2,SANC00308,-4.17618027943899,-4.17618027943899,-4.17618027943899,48.57142857142858,-0.04622955672341053,90.0,SANC00308_minRM1.pdb-1,SANC00308_minRM1.pdb-1,101,101,0,0.0,False,1,1,FP2_standard_xp_pv.maegz
FP2,SANC00314,-5.10076447098912,-5.10076447098912,-5.10076447098912,81.71428571428572,-0.6263758937067043,32.0,SANC00314_minRM1.pdb-1,SANC00314_minRM1.pdb-1,35,35,0,0.0,False,1,1,FP2_standard_xp_pv.maegz
FP2,SANC00341,-4.38406458512465,-4.38436458512465,-4.38436458512465,60.0,-0.17667015863079444,70.0,SANC00341_minRM1.pdb-1,SANC00341_minRM1.pdb-1,79,79,0,0.0003000000000001,False,1,1,FP2_standard_xp_pv.maegz
FP2,SANC00349,-4.17745430601307,-4.19525430601307,-4.19525430601307,49.142857142857146,-0.04702896672514639,89.0,SANC00349_minRM1.pdb-1,SANC00349_minRM1.pdb-1,100,100,0,0.0178000000000002,False,2,2,FP2_standard_xp_pv.maegz
FP2,SANC00350,-4.5536710525328,-4.7624710525328,-4.7624710525328,65.71428571428571,-0.28309266908984315,60.0,SANC00350_minRM1.pdb-1,SANC00350_minRM1.pdb-1,65,65,0,0.2088000000000001,False,3,3,FP2_standard_xp_pv.maegz
FP2,SANC00353,-4.23795346828057,-4.23795346828057,-4.23795346828057,53.14285714285714,-0.08499021211611846,82.0,SANC00353_minRM1.pdb-1,SANC00353_minRM1.pdb-1,92,92,0,0.0,False,1,1,FP2_standard_xp_pv.maegz
FP2,SANC00354,-4.26527519079146,-4.26527519079146,-4.26527519079146,54.28571428571429,-0.1021336992962228,80.0,SANC00354_minRM1.pdb-1,SANC00354_minRM1.pdb-1,90,90,0,0.0,False,1,1,FP2_standard_xp_pv.maegz
FP2,SANC00364,1.8886626190448,1.8884626190448,1.8884626190448,0.0,3.7592609806342616,175.0,SANC00364_minRM1.pdb-1,SANC00364_minRM1.pdb-1,262,262,-1,0.0001999999999999,False,1,1,FP2_standard_xp_pv.maegz
FP2,SANC00365,-3.59599699131084,-3.59609699131085,-3.59609699131085,28.000000000000004,0.31781647874054253,126.0,SANC00365_minRM1.pdb-1,SANC00365_minRM1.pdb-1,151,151,-1,0.0001000000000099,False,1,1,FP2_standard_xp_pv.maegz
FP2,SANC00367,-5.70779512632587,-5.73309512632586,-5.73309512632586,88.57142857142857,-1.0072677739147706,20.0,SANC00367_minRM1.pdb-1,SANC00367_minRM1.pdb-1,21,21,0,0.0252999999999898,False,3,3,FP2_standard_xp_pv.maegz
FP2,SANC00369,-5.53626442596527,-5.56476442596527,-5.86142390780493,86.28571428571429,-0.8996378702198563,24.0,SANC00369_minRM1.pdb-1,SANC00369_minRM1.pdb-2,25,133,0,0.0285000000000001,True,3,3,FP2_standard_xp_pv.maegz
FP2,SANC00370,-8.54642795991969,-8.54642795991969,-8.54642795991969,98.85714285714286,-2.788417025113788,2.0,SANC00370_minRM1.pdb-1,SANC00370_minRM1.pdb-1,3,3,0,0.0,False,1,1,FP2_standard_xp_pv.maegz
FP2,SANC00371,-4.2259832971912,-4.2344832971912,-4.2344832971912,51.42857142857142,-0.07747932130268319,85.0,SANC00371_minRM1.pdb-1,SANC00371_minRM1.pdb-1,95,95,0,0.0084999999999997,False,2,2,FP2_standard_xp_pv.maegz
FP2,SANC00372,-4.32831146267126,-4.35331146267126,-4.35331146267126,57.14285714285714,-0.1416868979798779,75.0,SANC00372_minRM1.pdb-1,SANC00372_minRM1.pdb-1,85,85,0,0.0250000000000003,False,3,3,FP2_standard_xp_pv.maegz
FP2,SANC00373,-5.23751040744154,-5.26591040744154,-5.26591040744154,85.14285714285714,-0.7121794958613286,26.0,SANC00373_minRM1.pdb-1,SANC00373_minRM1.pdb-1,29,29,0,0.0283999999999995,False,3,3,FP2_standard_xp_pv.maegz
FP2,SANC00377,-3.07670260853266,-4.49160260853266,-4.49160260853266,14.857142857142858,0.6436567177777978,149.0,SANC00377_minRM1.pdb-2,SANC00377_minRM1.pdb-2,183,183,0,1.4149000000000005,False,3,3,FP2_standard_xp_pv.maegz
FP2,SANC00378,-3.31076711162047,-3.37216711162047,-3.37216711162047,19.999999999999996,0.49678889835667644,140.0,SANC00378_minRM1.pdb-1,SANC00378_minRM1.pdb-1,170,170,1,0.0613999999999999,False,2,2,FP2_standard_xp_pv.maegz
FP2,SANC00379,-4.30460851306681,-4.30460851306681,-4.30460851306681,56.57142857142857,-0.12681407242824683,76.0,SANC00379_minRM1.pdb-1,SANC00379_minRM1.pdb-1,86,86,0,0.0,False,1,1,FP2_standard_xp_pv.maegz
FP2,SANC00382,-4.02605231557998,-4.10995231557998,-4.15813731922485,41.142857142857146,0.0479708299017837,103.0,SANC00382_minRM1.pdb-1,SANC00382_minRM1.pdb-2,117,190,1,0.0838999999999998,True,3,3,FP2_standard_xp_pv.maegz
FP2,SANC00412,-6.54551451165323,-6.55091451165323,-6.55091451165323,94.85714285714286,-1.5329092863472424,9.0,SANC00412_minRM1.pdb-1,SANC00412_minRM1.pdb-1,10,10,0,0.0053999999999998,False,1,1,FP2_standard_xp_pv.maegz
FP2,SANC00430,1.36311260744156,1.36261260744156,1.36261260744156,0.5714285714285672,3.4294955391313438,174.0,SANC00430_minRM1.pdb-1,SANC00430_minRM1.pdb-1,260,260,0,0.0004999999999999,False,1,1,FP2_standard_xp_pv.maegz
FP2,SANC00431,-4.9123417784717,-4.9123417784717,-4.9123417784717,78.28571428571429,-0.5081468174716456,38.0,SANC00431_minRM1.pdb-1,SANC00431_minRM1.pdb-1,41,41,0,0.0,False,1,1,FP2_standard_xp_pv.maegz
FP2,SANC00432,-4.08629629561519,-4.08629629561519,-4.08629629561519,46.857142857142854,0.010169703014544595,93.0,SANC00432_minRM1.pdb-1,SANC00432_minRM1.pdb-1,105,105,0,0.0,False,1,1,FP2_standard_xp_pv.maegz
FP2,SANC00433,-3.35843129296162,-3.35843129296162,-3.35843129296162,22.857142857142854,0.4668811836638536,135.0,SANC00433_minRM1.pdb-1,SANC00433_minRM1.pdb-1,164,164,0,0.0,False,1,1,FP2_standard_xp_pv.maegz
FP2,SANC00434,-3.76238087586105,-4.88898087586105,-4.88898087586105,33.14285714285714,0.21341603361393768,117.0,SANC00434_minRM1.pdb-2,SANC00434_minRM1.pdb-2,135,135,0,1.1265999999999994,False,3,3,FP2_standard_xp_pv.maegz
FP2,SANC00435,-4.82847960657559,-4.87207960657559,-4.87207960657559,73.71428571428571,-0.4555260477444212,46.0,SANC00435_minRM1.pdb-1,SANC00435_minRM1.pdb-1,49,49,0,0.0435999999999996,False,3,3,FP2_standard_xp_pv.maegz
FP2,SANC00436,-4.59957755900753,-5.31887755900753,-5.38054276207497,66.85714285714286,-0.31189750029765706,58.0,SANC00436_minRM1.pdb-2,SANC00436_minRM1.pdb-3,63,74,0,0.7192999999999996,True,3,3,FP2_standard_xp_pv.maegz
FP2,SANC00437,-3.76623018599828,-3.77783018599828,-4.26142380544864,33.71428571428572,0.21100071741403323,116.0,SANC00437_minRM1.pdb-1,SANC00437_minRM1.pdb-2,134,223,0,0.0116,True,2,2,FP2_standard_xp_pv.maegz
FP2,SANC00438,-5.0699813032707,-5.3996813032707,-5.3996813032707,81.14285714285714,-0.6070604628829933,33.0,SANC00438_minRM1.pdb-1,SANC00438_minRM1.pdb-1,36,36,0,0.3296999999999999,False,4,4,FP2_standard_xp_pv.maegz
FP2,SANC00456,-2.79335195546034,-2.79335195546034,-2.79335195546034,11.428571428571432,0.8214499841607409,155.0,SANC00456_minRM1.pdb-1,SANC00456_minRM1.pdb-1,193,193,0,0.0,False,1,1,FP2_standard_xp_pv.maegz
FP2,SANC00459,-3.19512581189794,-3.19512581189794,-3.19512581189794,18.85714285714286,0.5693500312974569,142.0,SANC00459_minRM1.pdb-1,SANC00459_minRM1.pdb-1,174,174,0,0.0,False,1,1,FP2_standard_xp_pv.maegz
FP2,SANC00469,-3.22668617451169,-3.22668617451169,-3.22668617451169,19.428571428571427,0.5495469360990259,141.0,SANC00469_minRM1.pdb-1,SANC00469_minRM1.pdb-1,173,173,-1,0.0,False,1,1,FP2_standard_xp_pv.maegz
FP2,SANC00518,-4.07128588578215,-4.07268588578215,-4.07268588578215,45.14285714285714,0.01958824419320787,96.0,SANC00518_minRM1.pdb-1,SANC00518_minRM1.pdb-1,108,108,0,0.0013999999999994,False,1,1,FP2_standard_xp_pv.maegz
FP2,SANC00519,-6.11792524437502,-6.39492524437502,-6.39492524437502,93.71428571428572,-1.2646110076053934,11.0,SANC00519_minRM1.pdb-1,SANC00519_minRM1.pdb-1,12,12,0,0.2770000000000001,False,3,3,FP2_standard_xp_pv.maegz
FP2,SANC00521,-5.15152726628992,-5.42852726628992,-5.42852726628992,82.85714285714285,-0.6582278873033255,30.0,SANC00521_minRM1.pdb-1,SANC00521_minRM1.pdb-1,33,33,0,0.2770000000000001,False,3,3,FP2_standard_xp_pv.maegz
FP2,SANC00522,-4.48195832918653,-4.75925832918653,-4.88212079383434,63.42857142857143,-0.2380952809183204,64.0,SANC00522_minRM1.pdb-1,SANC00522_minRM1.pdb-2,70,115,0,0.2772999999999994,True,3,3,FP2_standard_xp_pv.maegz
FP2,SANC00523,-5.70236087923912,-5.90776087923912,-5.90776087923912,87.42857142857143,-1.0038579616224426,22.0,SANC00523_minRM1.pdb-1,SANC00523_minRM1.pdb-1,23,23,0,0.2054,False,2,2,FP2_standard_xp_pv.maegz
FP2,SANC00529,-6.09498932029085,-6.34198932029085,-6.34198932029085,93.14285714285714,-1.2502194654782781,12.0,SANC00529_minRM1.pdb-1,SANC00529_minRM1.pdb-1,13,13,0,0.2469999999999999,False,2,2,FP2_standard_xp_pv.maegz
FP2,SANC00530,-4.05815582742889,-4.07875582742889,-4.07875582742889,44.57142857142857,0.027826926324739713,97.0,SANC00530_minRM1.pdb-1,SANC00530_minRM1.pdb-1,109,109,-1,0.0205999999999999,False,3,3,FP2_standard_xp_pv.maegz
FP2,SANC00536,-2.44997675340432,-2.44997675340432,-2.44997675340432,7.9999999999999964,1.036906691623706,161.0,SANC00536_minRM1.pdb-1,SANC00536_minRM1.pdb-1,205,205,0,0.0,False,1,1,FP2_standard_xp_pv.maegz
FP2,SANC00537,-3.34085585504713,-3.34085585504713,-3.34085585504713,22.285714285714285,0.47790919606137666,136.0,SANC00537_minRM1.pdb-1,SANC00537_minRM1.pdb-1,166,166,0,0.0,False,1,1,FP2_standard_xp_pv.maegz
FP2,SANC00538,-3.8430063808204,-3.8430063808204,-3.8430063808204,34.857142857142854,0.16282616651792522,114.0,SANC00538_minRM1.pdb-1,SANC00538_minRM1.pdb-1,131,131,0,0.0,False,1,1,FP2_standard_xp_pv.maegz
FP2,SANC00539,-3.66086239884118,-3.66086239884118,-3.66086239884118,30.28571428571428,0.27711555726733034,122.0,SANC00539_minRM1.pdb-1,SANC00539_minRM1.pdb-1,147,147,0,0.0,False,1,1,FP2_standard_xp_pv.maegz
FP2,SANC00541,-4.04647702018242,-4.04647702018242,-4.04647702018242,43.42857142857143,0.035154995857287416,99.0,SANC00541_minRM1.pdb-1,SANC00541_minRM1.pdb-1,111,111,0,0.0,False,1,1,FP2_standard_xp_pv.maegz
FP2,SANC00542,-4.20875976946219,-4.20875976946219,-4.20875976946219,50.857142857142854,-0.06667212103554156,86.0,SANC00542_minRM1.pdb-1,SANC00542_minRM1.pdb-1,97,97,0,0.0,False,1,1,FP2_standard_xp_pv.maegz
FP2,SANC00548,-6.88189950619245,-6.88189950619245,-6.88189950619245,96.57142857142857,-1.7439798672435989,6.0,SANC00548_minRM1.pdb-1,SANC00548_minRM1.pdb-1,7,7,0,0.0,False,1,1,FP2_standard_xp_pv.maegz
FP2,SANC00560,-5.04124761575959,-5.04124761575959,-5.04124761575959,80.0,-0.589031013850726,35.0,SANC00560_minRM1.pdb-1,SANC00560_minRM1.pdb-1,38,38,0,0.0,False,1,1,FP2_standard_xp_pv.maegz
FP2,SANC00561,-4.49615283486312,-4.49615283486312,-4.49615283486312,64.0,-0.2470018689270944,63.0,SANC00561_minRM1.pdb-1,SANC00561_minRM1.pdb-1,69,69,0,0.0,False,1,1,FP2_standard_xp_pv.maegz
FP2,SANC00578,-5.94710463440259,-5.94710463440259,-5.94710463440259,91.42857142857143,-1.1574266624019485,15.0,SANC00578_minRM1.pdb-1,SANC00578_minRM1.pdb-1,16,16,0,0.0,False,1,1,FP2_standard_xp_pv.maegz
FP2,SANC00581,-4.54302572217965,-5.59482572217965,-5.59482572217965,65.14285714285715,-0.27641307250275193,61.0,SANC00581_minRM1.pdb-2,SANC00581_minRM1.pdb-2,66,66,1,1.0517999999999992,False,2,2,FP2_standard_xp_pv.maegz
FP2,SANC00582,-4.68963907989982,-5.74143907989982,-5.74143907989982,70.85714285714286,-0.3684081587388396,51.0,SANC00582_minRM1.pdb-2,SANC00582_minRM1.pdb-2,54,54,1,1.0518,False,2,2,FP2_standard_xp_pv.maegz
FP2,SANC00583,-4.78376440700393,-4.92526440700393,-4.92526440700393,72.0,-0.42746872265055025,49.0,SANC00583_minRM1.pdb-1,SANC00583_minRM1.pdb-1,52,52,0,0.1415000000000006,False,2,2,FP2_standard_xp_pv.maegz
FP2,SANC00603,-0.949854948719212,-0.950054948719212,-0.950054948719212,5.142857142857138,1.978184054973096,166.0,SANC00603_minRM1.pdb-1,SANC00603_minRM1.pdb-1,244,244,1,0.0001999999999999,False,1,1,FP2_standard_xp_pv.maegz
FP2,SANC00606,-4.8362403230075,-4.9067403230075,-4.9067403230075,74.28571428571429,-0.46039564345186007,45.0,SANC00606_minRM1.pdb-1,SANC00606_minRM1.pdb-1,48,48,1,0.0705,False,2,2,FP2_standard_xp_pv.maegz
FP2,SANC00612,-4.59221956234546,-4.80101956234546,-4.80101956234546,66.28571428571428,-0.3072805980728002,59.0,SANC00612_minRM1.pdb-1,SANC00612_minRM1.pdb-1,64,64,0,0.2088000000000001,False,3,3,FP2_standard_xp_pv.maegz
FP2,SANC00616,-0.334879084344466,-0.334879084344466,-0.334879084344466,2.857142857142858,2.364061293964154,170.0,SANC00616_minRM1.pdb-1,SANC00616_minRM1.pdb-1,254,254,0,0.0,False,1,1,FP2_standard_xp_pv.maegz
FP2,SANC00621,-4.40380406180095,-4.88470406180095,-4.88470406180095,60.57142857142856,-0.18905603456549244,69.0,SANC00621_minRM1.pdb-2,SANC00621_minRM1.pdb-2,77,77,0,0.4809000000000001,False,2,2,FP2_standard_xp_pv.maegz
FP2,SANC00622,-4.40575125696819,-4.81385125696819,-4.81385125696819,61.142857142857146,-0.1902778358400437,68.0,SANC00622_minRM1.pdb-1,SANC00622_minRM1.pdb-1,76,76,0,0.4081000000000001,False,2,2,FP2_standard_xp_pv.maegz
FP2,SANC00623,-3.63023425434596,-4.03833425434596,-4.03833425434596,29.14285714285715,0.29633371608930437,124.0,SANC00623_minRM1.pdb-1,SANC00623_minRM1.pdb-1,149,149,0,0.4081000000000001,False,2,2,FP2_standard_xp_pv.maegz
FP2,SANC00624,-0.933946374731825,-3.46294637473182,-3.46294637473182,4.571428571428571,1.9881661647795992,167.0,SANC00624_minRM1.pdb-2,SANC00624_minRM1.pdb-2,245,245,0,2.528999999999995,False,2,2,FP2_standard_xp_pv.maegz
FP2,SANC00625,-3.46049757232745,-3.91509757232745,-3.91509757232745,24.571428571428566,0.40283793195702466,132.0,SANC00625_minRM1.pdb-2,SANC00625_minRM1.pdb-2,161,161,1,0.4546000000000001,False,2,2,FP2_standard_xp_pv.maegz
FP2,SANC00657,-4.60335616542946,-4.60335616542946,-4.60335616542946,67.42857142857143,-0.3142684522289344,57.0,SANC00657_minRM1.pdb-1,SANC00657_minRM1.pdb-1,61,61,0,0.0,False,1,1,FP2_standard_xp_pv.maegz
FP2,SANC00658,-5.49565029447924,-5.49565029447924,-5.49565029447924,85.71428571428572,-0.8741538312034904,25.0,SANC00658_minRM1.pdb-1,SANC00658_minRM1.pdb-1,26,26,0,0.0,False,1,1,FP2_standard_xp_pv.maegz
FP2,SANC00659,-0.725288428104465,-0.725288428104465,-0.725288428104465,3.4285714285714253,2.1190922010720494,169.0,SANC00659_minRM1.pdb-1,SANC00659_minRM1.pdb-1,251,251,0,0.0,False,1,1,FP2_standard_xp_pv.maegz
FP2,SANC00660,-4.19651919323278,-4.19651919323278,-4.19651919323278,50.28571428571429,-0.058991559841702915,87.0,SANC00660_minRM1.pdb-1,SANC00660_minRM1.pdb-1,98,98,0,0.0,False,1,1,FP2_standard_xp_pv.maegz
FP2,SANC00661,-4.98156357520427,-4.98156357520427,-4.98156357520427,79.42857142857143,-0.551581230671458,36.0,SANC00661_minRM1.pdb-1,SANC00661_minRM1.pdb-1,39,39,0,0.0,False,1,1,FP2_standard_xp_pv.maegz
FP2,SANC00662,-4.62969224467637,-4.62969224467637,-4.62969224467637,69.71428571428571,-0.3307934805013524,53.0,SANC00662_minRM1.pdb-1,SANC00662_minRM1.pdb-1,57,57,0,0.0,False,1,1,FP2_standard_xp_pv.maegz
FP2,SANC00691,-3.89150218052529,-3.89150218052529,-3.89150218052529,36.57142857142858,0.13239663850415115,111.0,SANC00691_minRM1.pdb-1,SANC00691_minRM1.pdb-1,128,128,0,0.0,False,1,1,FP2_standard_xp_pv.maegz
FP2,SANC00697,-4.0233637392207,-4.0233637392207,-4.0233637392207,40.57142857142857,0.04965782362370891,104.0,SANC00697_minRM1.pdb-1,SANC00697_minRM1.pdb-1,118,118,0,0.0,False,1,1,FP2_standard_xp_pv.maegz
FP2,SANC00698,-4.35001682190357,-4.35001682190357,-4.35001682190357,58.285714285714285,-0.15530630091431438,73.0,SANC00698_minRM1.pdb-1,SANC00698_minRM1.pdb-1,82,82,0,0.0,False,1,1,FP2_standard_xp_pv.maegz
FP2,SANC00699,-5.13102591658484,-5.13102591658484,-5.13102591658484,82.28571428571428,-0.6453639609639895,31.0,SANC00699_minRM1.pdb-1,SANC00699_minRM1.pdb-1,34,34,0,0.0,False,1,1,FP2_standard_xp_pv.maegz
FP2,SANC00701,-3.00368804791853,-3.00368804791853,-3.00368804791853,13.714285714285712,0.6894709662517134,151.0,SANC00701_minRM1.pdb-1,SANC00701_minRM1.pdb-1,186,186,0,0.0,False,1,1,FP2_standard_xp_pv.maegz
FP2,SANC00702,-3.8994892787074,-3.8994892787074,-3.8994892787074,37.142857142857146,0.12738499565342457,110.0,SANC00702_minRM1.pdb-1,SANC00702_minRM1.pdb-1,127,127,0,0.0,False,1,1,FP2_standard_xp_pv.maegz
FP2,SANC00706,-4.47455514659089,-4.56505514659089,-4.56505514659089,62.857142857142854,-0.23345002599818354,65.0,SANC00706_minRM1.pdb-1,SANC00706_minRM1.pdb-1,71,71,0,0.0904999999999995,False,2,2,FP2_standard_xp_pv.maegz
FP2,SANC00711,-6.30761609938356,-6.30761609938356,-6.30761609938356,94.28571428571428,-1.3836358143219454,10.0,SANC00711_minRM1.pdb-1,SANC00711_minRM1.pdb-1,11,11,0,0.0,False,1,1,FP2_standard_xp_pv.maegz
FP2,SANC00716,-4.71395008662492,-4.71395008662492,-4.71395008662492,71.42857142857143,-0.3836625202440877,50.0,SANC00716_minRM1.pdb-1,SANC00716_minRM1.pdb-1,53,53,0,0.0,False,1,1,FP2_standard_xp_pv.maegz
FP2,SANC00720,-3.95305379618254,-3.95305379618254,-3.95305379618254,39.42857142857142,0.09377501303693574,106.0,SANC00720_minRM1.pdb-1,SANC00720_minRM1.pdb-1,122,122,0,0.0,False,1,1,FP2_standard_xp_pv.maegz
FP2,SANC00724,-3.5263350114217,-3.5263350114217,-3.5263350114217,25.71428571428571,0.36152709247268017,130.0,SANC00724_minRM1.pdb-1,SANC00724_minRM1.pdb-1,158,158,0,0.0,False,1,1,FP2_standard_xp_pv.maegz
FP2,SANC00736,-5.99949365003189,-5.99949365003189,-5.99949365003189,92.57142857142857,-1.1902990560609208,13.0,SANC00736_minRM1.pdb-1,SANC00736_minRM1.pdb-1,14,14,0,0.0,False,1,1,FP2_standard_xp_pv.maegz
FP2,SANC00737,-4.6738071431481,-4.7615071431481,-4.92015844374319,70.28571428571428,-0.358474136290908,52.0,SANC00737_minRM1.pdb-1,SANC00737_minRM1.pdb-2,55,138,-1,0.0877000000000007,True,2,2,FP2_standard_xp_pv.maegz
FP2,SANC00771,-4.07484531193056,-4.42274531193056,-4.52196519597339,46.285714285714285,0.017354820714162108,94.0,SANC00771_minRM1.pdb-1,SANC00771_minRM1.pdb-2,106,112,1,0.3479000000000001,True,2,2,FP2_standard_xp_pv.maegz
FP2,SANC00774,-3.09626122524448,-3.10506122524448,-3.74799845936542,15.428571428571425,0.6313843255548689,148.0,SANC00774_minRM1.pdb-1,SANC00774_minRM1.pdb-2,182,237,0,0.0087999999999999,True,2,2,FP2_standard_xp_pv.maegz
FP2,SANC00781,-2.85695632457616,-2.87085632457616,-2.98909456279249,12.571428571428566,0.7815403230439841,153.0,SANC00781_minRM1.pdb-1,SANC00781_minRM1.pdb-2,191,249,0,0.0139,True,2,2,FP2_standard_xp_pv.maegz
FP2,SANC00782,-2.77452144476313,-2.78762144476313,-2.78762144476313,10.857142857142854,0.8332655136759013,156.0,SANC00782_minRM1.pdb-1,SANC00782_minRM1.pdb-1,194,194,0,0.0131000000000001,False,2,2,FP2_standard_xp_pv.maegz
FP2,SANC00783,-4.96250775412062,-4.97580775412062,-4.97580775412062,78.85714285714286,-0.5396243262587249,37.0,SANC00783_minRM1.pdb-1,SANC00783_minRM1.pdb-1,40,40,0,0.0133,False,2,2,FP2_standard_xp_pv.maegz
FP2,SANC00784,-4.15948054781015,-4.54618054781015,-4.54618054781015,48.0,-0.035751021375718624,91.0,SANC00784_minRM1.pdb-1,SANC00784_minRM1.pdb-1,102,102,0,0.3866999999999994,False,2,2,FP2_standard_xp_pv.maegz
FP2,SANC00787,-4.03361028544553,-4.04771028544553,-4.50611436699801,42.285714285714285,0.04322845103288092,101.0,SANC00787_minRM1.pdb-1,SANC00787_minRM1.pdb-2,114,215,0,0.0141,True,2,2,FP2_standard_xp_pv.maegz
FP2,SANC00788,-4.42358907832191,-4.43538907832191,-4.43538907832191,61.71428571428572,-0.2014704852631023,67.0,SANC00788_minRM1.pdb-1,SANC00788_minRM1.pdb-1,73,73,0,0.0118,False,2,2,FP2_standard_xp_pv.maegz
FP2,SANC00789,-3.17251061221579,-3.54371061221579,-3.54371061221579,18.285714285714285,0.5835403293532221,143.0,SANC00789_minRM1.pdb-1,SANC00789_minRM1.pdb-1,175,175,1,0.3712,False,2,2,FP2_standard_xp_pv.maegz
FP2,SANC00793,-4.04040174911785,-4.05290174911785,-4.84322684326222,42.85714285714286,0.038967029727758104,100.0,SANC00793_minRM1.pdb-1,SANC00793_minRM1.pdb-2,113,201,0,0.0125000000000001,True,2,2,FP2_standard_xp_pv.maegz
FP2,SANC00796,-4.04681547578837,-4.06581547578837,-4.06581547578837,43.99999999999999,0.03494262603546035,98.0,SANC00796_minRM1.pdb-1,SANC00796_minRM1.pdb-1,110,110,1,0.0190000000000001,False,2,2,FP2_standard_xp_pv.maegz
FP2,SANC00797,-4.33645462047861,-4.78385462047861,-4.78385462047861,57.714285714285715,-0.14679646314072112,74.0,SANC00797_minRM1.pdb-2,SANC00797_minRM1.pdb-2,84,84,0,0.4474,False,2,2,FP2_standard_xp_pv.maegz
FP2,SANC00799,-2.40299192682484,-2.77279192682484,-2.77279192682484,7.428571428571429,1.0663881334253233,162.0,SANC00799_minRM1.pdb-1,SANC00799_minRM1.pdb-1,210,210,0,0.3698000000000001,False,2,2,FP2_standard_xp_pv.maegz
FP2,SANC00807,-1.51135306529996,-1.51135306529996,-1.51135306529996,5.714285714285716,1.6258623534618524,165.0,SANC00807_minRM1.pdb-1,SANC00807_minRM1.pdb-1,232,232,0,0.0,False,1,1,FP2_standard_xp_pv.maegz
FP2,SANC00808,-3.82977834028986,-3.82977834028986,-3.82977834028986,34.285714285714285,0.17112632926069613,115.0,SANC00808_minRM1.pdb-1,SANC00808_minRM1.pdb-1,132,132,0,0.0,False,1,1,FP2_standard_xp_pv.maegz
FP2,SANC00809,0.530166461271256,0.528166461271256,0.528166461271256,2.285714285714291,2.906849078136934,171.0,SANC00809_minRM1.pdb-1,SANC00809_minRM1.pdb-1,257,257,0,0.002,False,1,1,FP2_standard_xp_pv.maegz
FP2,SANC00810,-3.86131635991898,-3.86311635991898,-3.86311635991898,35.42857142857143,0.1513372535542799,113.0,SANC00810_minRM1.pdb-1,SANC00810_minRM1.pdb-1,130,130,0,0.0018000000000002,False,1,1,FP2_standard_xp_pv.maegz
FP2,SANC00811,1.08588822620121,1.08588822620121,1.08588822620121,1.1428571428571455,3.2555463079321756,173.0,SANC00811_minRM1.pdb-1,SANC00811_minRM1.pdb-1,259,259,0,0.0,False,1,1,FP2_standard_xp_pv.maegz
FP2,SANC00852,-4.35632724037363,-4.42492724037363,-4.42492724037363,58.857142857142854,-0.15926588209004147,72.0,SANC00852_minRM1.pdb-1,SANC00852_minRM1.pdb-1,81,81,0,0.0686,False,2,2,FP2_standard_xp_pv.maegz
FP2,SANC00853,-6.78322005746305,-6.78322005746305,-6.78322005746305,96.0,-1.6820617409776597,7.0,SANC00853_minRM1.pdb-1,SANC00853_minRM1.pdb-1,8,8,-1,0.0,False,1,1,FP2_standard_xp_pv.maegz
FP2,SANC00867,-6.69337833291074,-6.72197833291074,-7.27355884874811,95.42857142857143,-1.6256889975502604,8.0,SANC00867_minRM1.pdb-1,SANC00867_minRM1.pdb-2,9,28,0,0.0285999999999999,True,2,2,FP2_standard_xp_pv.maegz
FP2,SANC00871,-4.29298567371279,-4.29298567371279,-4.29298567371279,55.42857142857143,-0.11952112091749797,78.0,SANC00871_minRM1.pdb-1,SANC00871_minRM1.pdb-1,88,88,0,0.0,False,1,1,FP2_standard_xp_pv.maegz
FP2,SANC00891,-5.76830003092253,-5.76930003092253,-5.76930003092253,89.71428571428571,-1.045232622429459,18.0,SANC00891_minRM1.pdb-1,SANC00891_minRM1.pdb-1,19,19,0,0.0009999999999994,False,1,1,FP2_standard_xp_pv.maegz
FP2,SANC00893,-5.71866350424682,-5.71926350424682,-5.71926350424682,89.14285714285714,-1.014087325554755,19.0,SANC00893_minRM1.pdb-1,SANC00893_minRM1.pdb-1,20,20,0,0.0006000000000003,False,1,1,FP2_standard_xp_pv.maegz
FP2,SANC00928,-3.53771957972192,-3.53771957972192,-3.53771957972192,26.285714285714292,0.3543836482543279,129.0,SANC00928_minRM1.pdb-1,SANC00928_minRM1.pdb-1,157,157,0,0.0,False,1,1,FP2_standard_xp_pv.maegz
FP2,SANC00930,-3.01061690763047,-3.01061690763047,-3.01061690763047,14.28571428571429,0.6851233334259631,150.0,SANC00930_minRM1.pdb-1,SANC00930_minRM1.pdb-1,185,185,0,0.0,False,1,1,FP2_standard_xp_pv.maegz
FP2,SANC00953,-3.75145269876624,-3.75145269876624,-3.75145269876624,31.999999999999996,0.22027310727948404,119.0,SANC00953_minRM1.pdb-1,SANC00953_minRM1.pdb-1,137,137,-1,0.0,False,1,1,FP2_standard_xp_pv.maegz
FP2,SANC00962,-4.60942529937518,-4.60942529937518,-4.60942529937518,68.0,-0.318076635258072,56.0,SANC00962_minRM1.pdb-1,SANC00962_minRM1.pdb-1,60,60,0,0.0,False,1,1,FP2_standard_xp_pv.maegz
FP2,SANC00964,-8.05786691981042,-8.05786691981042,-8.05786691981042,97.71428571428571,-2.481860953311458,4.0,SANC00964_minRM1.pdb-1,SANC00964_minRM1.pdb-1,5,5,0,0.0,False,1,1,FP2_standard_xp_pv.maegz
FP2,SANC00965,-5.87754805152229,-5.88244805152229,-5.88244805152229,90.85714285714286,-1.1137821818453144,16.0,SANC00965_minRM1.pdb-1,SANC00965_minRM1.pdb-1,17,17,0,0.0048999999999992,False,1,1,FP2_standard_xp_pv.maegz
FP2,SANC00984,-3.94998094907438,-3.94998094907438,-3.94998094907438,38.857142857142854,0.09570312408425954,107.0,SANC00984_minRM1.pdb-1,SANC00984_minRM1.pdb-1,123,123,-1,0.0,False,1,1,FP2_standard_xp_pv.maegz
FP2,SANC00994,-5.22568257063925,-5.22568257063925,-5.22568257063925,84.0,-0.7047579151572708,28.0,SANC00994_minRM1.pdb-1,SANC00994_minRM1.pdb-1,31,31,0,0.0,False,1,1,FP2_standard_xp_pv.maegz
FP2,SANC00995,-1.72256177772112,-1.74036177772112,-3.52406244826307,6.285714285714283,1.4933357950695216,164.0,SANC00995_minRM1.pdb-1,SANC00995_minRM1.pdb-2,227,233,-1,0.0178,True,2,2,FP2_standard_xp_pv.maegz
FP2,SANC00999,-5.17305710476235,-5.43515710476235,-5.43515710476235,83.42857142857143,-0.6717371567022337,29.0,SANC00999_minRM1.pdb-1,SANC00999_minRM1.pdb-1,32,32,0,0.2621000000000002,False,2,2,FP2_standard_xp_pv.maegz
FP2,SANC01001,-5.94831241501969,-5.94831241501969,-5.94831241501969,92.0,-1.158184505232589,14.0,SANC01001_minRM1.pdb-1,SANC01001_minRM1.pdb-1,15,15,0,0.0,False,1,1,FP2_standard_xp_pv.maegz
FP2,SANC01010,-2.80085633061302,-2.80085633061302,-2.80085633061302,12.0,0.8167412342210771,154.0,SANC01010_minRM1.pdb-1,SANC01010_minRM1.pdb-1,192,192,0,0.0,False,1,1,FP2_standard_xp_pv.maegz
FP2,SANC01026,-4.89699028871557,-4.89699028871557,-4.89699028871557,77.71428571428571,-0.49851425979799174,39.0,SANC01026_minRM1.pdb-1,SANC01026_minRM1.pdb-1,42,42,0,0.0,False,1,1,FP2_standard_xp_pv.maegz
FP2,SANC01036,-3.59060007812571,-3.65580007812571,-3.73707515929944,27.428571428571423,0.3212028652307989,127.0,SANC01036_minRM1.pdb-1,SANC01036_minRM1.pdb-2,152,211,1,0.0651999999999999,True,2,2,FP2_standard_xp_pv.maegz
FP2,SANC01040,-3.12383336917785,-3.12383336917785,-3.12383336917785,17.14285714285714,0.6140837071234609,145.0,SANC01040_minRM1.pdb-1,SANC01040_minRM1.pdb-1,179,179,0,0.0,False,1,1,FP2_standard_xp_pv.maegz
FP2,SANC01049,-9.77025391794391,-9.77085391794391,-9.77085391794391,99.42857142857143,-3.5563277823401904,1.0,SANC01049_minRM1.pdb-1,SANC01049_minRM1.pdb-1,2,2,0,0.0006000000000003,False,1,1,FP2_standard_xp_pv.maegz
FP2,SANC01055,-3.63121096335928,-3.63121096335928,-3.63121096335928,29.714285714285715,0.295720863131667,123.0,SANC01055_minRM1.pdb-1,SANC01055_minRM1.pdb-1,148,148,0,0.0,False,1,1,FP2_standard_xp_pv.maegz
FP2,SANC01056,-2.9435599480831,-2.9435599480831,-2.9435599480831,13.142857142857146,0.72719938210404,152.0,SANC01056_minRM1.pdb-1,SANC01056_minRM1.pdb-1,188,188,0,0.0,False,1,1,FP2_standard_xp_pv.maegz
FP2,SANC01067,-8.12310617372954,-8.12310617372954,-8.12310617372954,98.28571428571429,-2.522796451165087,3.0,SANC01067_minRM1.pdb-1,SANC01067_minRM1.pdb-1,4,4,0,0.0,False,1,1,FP2_standard_xp_pv.maegz
FP2,SANC01075,-3.39505468701457,-3.48435468701457,-3.61460814815273,23.42857142857143,0.44390120184944154,134.0,SANC01075_minRM1.pdb-1,SANC01075_minRM1.pdb-2,163,206,0,0.0892999999999997,True,2,2,FP2_standard_xp_pv.maegz
FP2,SANC01076,-3.33071651302621,-3.67091651302621,-3.76175896779512,21.142857142857142,0.48427130152090786,138.0,SANC01076_minRM1.pdb-1,SANC01076_minRM1.pdb-2,168,171,-1,0.3401999999999998,True,2,2,FP2_standard_xp_pv.maegz
FP2,SANC01082,-2.53144602348146,-2.53144602348146,-2.53144602348146,8.571428571428575,0.985787389515897,160.0,SANC01082_minRM1.pdb-1,SANC01082_minRM1.pdb-1,202,202,0,0.0,False,1,1,FP2_standard_xp_pv.maegz
FP2,SANC01090,-5.8717371501617,-5.8743371501617,-5.8743371501617,90.28571428571428,-1.1101360313165394,17.0,SANC01090_minRM1.pdb-1,SANC01090_minRM1.pdb-1,18,18,-1,0.0025999999999992,False,1,1,FP2_standard_xp_pv.maegz
FP2,SANC01112,-5.70494234927698,-5.77474234927698,-5.77474234927698,88.0,-1.0054777496311316,21.0,SANC01112_minRM1.pdb-1,SANC01112_minRM1.pdb-1,22,22,0,0.0697999999999998,False,2,2,FP2_standard_xp_pv.maegz
FP2,SANC01126,-4.2914586666124,-4.2914586666124,-4.2914586666124,54.85714285714286,-0.11856297391051376,79.0,SANC01126_minRM1.pdb-1,SANC01126_minRM1.pdb-1,89,89,0,0.0,False,1,1,FP2_standard_xp_pv.maegz
FP2,SANC01130,-3.12629886615024,-3.12629886615024,-3.12629886615024,17.714285714285715,0.6125366884198666,144.0,SANC01130_minRM1.pdb-1,SANC01130_minRM1.pdb-1,178,178,0,0.0,False,1,1,FP2_standard_xp_pv.maegz
FP3,SANC00104,-5.68931814892848,-6.04551814892848,-6.04551814892848,79.67032967032968,-0.7055012656929122,37.0,SANC00104_minRM1.pdb-1,SANC00104_minRM1.pdb-1,39,39,0,0.3561999999999994,False,3,3,XP_FP3_apo_185_pv.maegz
FP3,SANC00108,-5.26583841870182,-5.27093841870182,-5.27093841870182,68.68131868131869,-0.3996633528477269,57.0,SANC00108_minRM1.pdb-1,SANC00108_minRM1.pdb-1,59,59,1,0.0050999999999996,False,1,1,XP_FP3_apo_185_pv.maegz
FP3,SANC00109,-4.43249460109658,-4.43469460109658,-4.43469460109658,42.307692307692314,0.20217922819484596,105.0,SANC00109_minRM1.pdb-1,SANC00109_minRM1.pdb-1,117,117,1,0.0022000000000002,False,1,1,XP_FP3_apo_185_pv.maegz
FP3,SANC00110,-5.30130992708205,-5.31000992708205,-5.31000992708205,70.87912087912088,-0.42528094753796974,53.0,SANC00110_minRM1.pdb-1,SANC00110_minRM1.pdb-1,55,55,1,0.0087000000000001,False,1,2,XP_FP3_apo_185_pv.maegz
FP3,SANC00111,-4.63518759721243,-4.63738759721243,-4.63738759721243,50.0,0.05579393875672068,91.0,SANC00111_minRM1.pdb-1,SANC00111_minRM1.pdb-1,102,102,1,0.0022000000000002,False,1,1,XP_FP3_apo_185_pv.maegz
FP3,SANC00113,-3.29052005003127,-3.35082005003127,-3.64778642356237,7.14285714285714,1.0269155456407766,169.0,SANC00113_minRM1.pdb-1,SANC00113_minRM1.pdb-2,207,239,1,0.0602999999999998,True,2,2,XP_FP3_apo_185_pv.maegz
FP3,SANC00116,-4.01400225992471,-4.03300225992471,-4.03300225992471,28.021978021978022,0.5044152386343422,131.0,SANC00116_minRM1.pdb-1,SANC00116_minRM1.pdb-1,148,148,1,0.0190000000000001,False,1,2,XP_FP3_apo_185_pv.maegz
FP3,SANC00117,-2.91145435972656,-4.95805435972656,-4.95805435972656,4.395604395604391,1.300677549531638,174.0,SANC00117_minRM1.pdb-2,SANC00117_minRM1.pdb-2,219,219,0,2.0466,False,2,2,XP_FP3_apo_185_pv.maegz
FP3,SANC00118,-4.88112800316777,-5.33522800316777,-5.33522800316777,57.14285714285714,-0.12182471704392382,78.0,SANC00118_minRM1.pdb-2,SANC00118_minRM1.pdb-2,85,85,0,0.4540999999999995,False,2,2,XP_FP3_apo_185_pv.maegz
FP3,SANC00119,-2.17766006131137,-3.18276006131137,-3.18276006131137,2.7472527472527486,1.8306252676074968,177.0,SANC00119_minRM1.pdb-2,SANC00119_minRM1.pdb-2,244,244,0,1.0050999999999997,False,2,2,XP_FP3_apo_185_pv.maegz
FP3,SANC00128,-3.83016521571241,-3.83016521571241,-3.83016521571241,23.076923076923073,0.6371827216858326,140.0,SANC00128_minRM1.pdb-1,SANC00128_minRM1.pdb-1,161,161,0,0.0,False,1,1,XP_FP3_apo_185_pv.maegz
FP3,SANC00131,-4.18188361084266,-4.18378361084266,-4.18378361084266,32.417582417582416,0.3831709893691064,123.0,SANC00131_minRM1.pdb-1,SANC00131_minRM1.pdb-1,139,139,0,0.0019,False,1,1,XP_FP3_apo_185_pv.maegz
FP3,SANC00140,-4.56457587630623,-4.56507587630623,-4.56507587630623,46.7032967032967,0.10678986560497908,97.0,SANC00140_minRM1.pdb-1,SANC00140_minRM1.pdb-1,109,109,0,0.0004999999999997,False,1,1,XP_FP3_apo_185_pv.maegz
FP3,SANC00146,-6.36962047546396,-6.36962047546396,-6.36962047546396,89.56043956043956,-1.1968169740975936,19.0,SANC00146_minRM1.pdb-1,SANC00146_minRM1.pdb-1,21,21,0,0.0,False,1,1,XP_FP3_apo_185_pv.maegz
FP3,SANC00147,-5.17528579415898,-5.17528579415898,-5.17528579415898,65.38461538461539,-0.33426606528921016,63.0,SANC00147_minRM1.pdb-1,SANC00147_minRM1.pdb-1,65,65,0,0.0,False,1,1,XP_FP3_apo_185_pv.maegz
FP3,SANC00151,-3.58876787263495,-3.58876787263495,-3.58876787263495,17.03296703296703,0.8115203683393529,151.0,SANC00151_minRM1.pdb-1,SANC00151_minRM1.pdb-1,180,180,0,0.0,False,1,1,XP_FP3_apo_185_pv.maegz
FP3,SANC00152,-4.62479966160149,-4.62479966160149,-4.62479966160149,47.802197802197796,0.06329612674649643,95.0,SANC00152_minRM1.pdb-1,SANC00152_minRM1.pdb-1,106,106,0,0.0,False,1,1,XP_FP3_apo_185_pv.maegz
FP3,SANC00158,-4.55666200285041,-4.55666200285041,-4.55666200285041,45.604395604395606,0.11250528093065106,99.0,SANC00158_minRM1.pdb-1,SANC00158_minRM1.pdb-1,111,111,0,0.0,False,1,1,XP_FP3_apo_185_pv.maegz
FP3,SANC00166,-2.13187023696481,-2.13837023696481,-3.24087587974986,2.197802197802201,1.863694770840164,178.0,SANC00166_minRM1.pdb-1,SANC00166_minRM1.pdb-2,246,265,-1,0.0064999999999999,True,2,2,XP_FP3_apo_185_pv.maegz
FP3,SANC00187,-3.74025902274161,-3.74025902274161,-3.74025902274161,20.329670329670336,0.7021131550629599,145.0,SANC00187_minRM1.pdb-1,SANC00187_minRM1.pdb-1,168,168,0,0.0,False,1,1,XP_FP3_apo_185_pv.maegz
FP3,SANC00190,-4.54437919344128,-4.54437919344128,-4.54437919344128,45.05494505494505,0.12137595058832948,100.0,SANC00190_minRM1.pdb-1,SANC00190_minRM1.pdb-1,112,112,0,0.0,False,1,1,XP_FP3_apo_185_pv.maegz
FP3,SANC00200,-5.1842147948248,-5.1846147948248,-5.1846147948248,65.93406593406593,-0.34071460752750315,62.0,SANC00200_minRM1.pdb-1,SANC00200_minRM1.pdb-1,64,64,0,0.0003999999999999,False,1,1,XP_FP3_apo_185_pv.maegz
FP3,SANC00201,-4.51118506859801,-4.51158506859801,-4.51158506859801,44.505494505494504,0.14534881430805105,101.0,SANC00201_minRM1.pdb-1,SANC00201_minRM1.pdb-1,113,113,0,0.0003999999999999,False,1,1,XP_FP3_apo_185_pv.maegz
FP3,SANC00233,-4.71612755776232,-4.71632755776232,-4.71632755776232,53.84615384615385,-0.00266106353370921,84.0,SANC00233_minRM1.pdb-1,SANC00233_minRM1.pdb-1,93,93,0,0.0001999999999995,False,1,1,XP_FP3_apo_185_pv.maegz
FP3,SANC00239,-3.57069330473389,-3.57279330473389,-3.57279330473389,16.483516483516482,0.8245738576279195,152.0,SANC00239_minRM1.pdb-1,SANC00239_minRM1.pdb-1,182,182,0,0.0020999999999999,False,1,1,XP_FP3_apo_185_pv.maegz
FP3,SANC00241,-4.38030834138144,-4.58910834138144,-4.58910834138144,41.208791208791204,0.23986824991480543,107.0,SANC00241_minRM1.pdb-1,SANC00241_minRM1.pdb-1,120,120,0,0.2088000000000001,False,3,3,XP_FP3_apo_185_pv.maegz
FP3,SANC00243,-4.95417134812675,-5.15957134812675,-5.15957134812675,59.34065934065934,-0.17457676767342734,74.0,SANC00243_minRM1.pdb-1,SANC00243_minRM1.pdb-1,80,80,0,0.2054,False,2,2,XP_FP3_apo_185_pv.maegz
FP3,SANC00244,-5.83940982881969,-6.04820982881969,-6.04820982881969,82.41758241758241,-0.8138977787651814,32.0,SANC00244_minRM1.pdb-1,SANC00244_minRM1.pdb-1,34,34,0,0.2088000000000001,False,3,3,XP_FP3_apo_185_pv.maegz
FP3,SANC00246,-4.32905547903393,-4.32905547903393,-4.32905547903393,39.56043956043956,0.276883170178673,110.0,SANC00246_minRM1.pdb-1,SANC00246_minRM1.pdb-1,123,123,0,0.0,False,1,1,XP_FP3_apo_185_pv.maegz
FP3,SANC00247,-7.0266006430429,-7.0281006430429,-7.0281006430429,95.05494505494505,-1.6712893723998195,9.0,SANC00247_minRM1.pdb-1,SANC00247_minRM1.pdb-1,11,11,-1,0.0015,False,1,1,XP_FP3_apo_185_pv.maegz
FP3,SANC00248,-6.66422778245897,-6.66422778245897,-6.66422778245897,91.20879120879121,-1.4095829637048625,16.0,SANC00248_minRM1.pdb-1,SANC00248_minRM1.pdb-1,18,18,0,0.0,False,1,1,XP_FP3_apo_185_pv.maegz
FP3,SANC00250,-5.60278833485183,-5.60428833485183,-5.60428833485183,78.02197802197803,-0.6430092599434983,40.0,SANC00250_minRM1.pdb-1,SANC00250_minRM1.pdb-1,42,42,-1,0.0015,False,1,1,XP_FP3_apo_185_pv.maegz
FP3,SANC00251,-5.72312986706461,-5.72312986706461,-5.72312986706461,81.31868131868131,-0.7299201565308011,34.0,SANC00251_minRM1.pdb-1,SANC00251_minRM1.pdb-1,36,36,0,0.0,False,1,1,XP_FP3_apo_185_pv.maegz
FP3,SANC00253,-5.02039337872938,-5.22579337872938,-5.22579337872938,61.53846153846154,-0.22240245135618125,70.0,SANC00253_minRM1.pdb-1,SANC00253_minRM1.pdb-1,76,76,0,0.2054,False,2,2,XP_FP3_apo_185_pv.maegz
FP3,SANC00255,-3.98691345925524,-3.98691345925524,-3.98691345925524,25.82417582417582,0.5239788249571059,135.0,SANC00255_minRM1.pdb-1,SANC00255_minRM1.pdb-1,152,152,0,0.0,False,1,1,XP_FP3_apo_185_pv.maegz
FP3,SANC00258,-5.5363109705518,-5.7451109705518,-5.86081760626222,76.92307692307692,-0.5949991737509709,42.0,SANC00258_minRM1.pdb-1,SANC00258_minRM1.pdb-2,44,71,0,0.2088000000000001,True,3,3,XP_FP3_apo_185_pv.maegz
FP3,SANC00280,-3.72746057430345,-3.84356057430345,-3.84356057430345,19.23076923076923,0.7113562202644244,147.0,SANC00280_minRM1.pdb-1,SANC00280_minRM1.pdb-1,170,170,0,0.1161000000000003,False,2,2,XP_FP3_apo_185_pv.maegz
FP3,SANC00281,-4.1203704522372,-4.1203704522372,-4.1203704522372,30.219780219780223,0.4275959162253207,127.0,SANC00281_minRM1.pdb-1,SANC00281_minRM1.pdb-1,143,143,0,0.0,False,1,1,XP_FP3_apo_185_pv.maegz
FP3,SANC00282,-0.019061674771458,-0.019061674771458,-0.019061674771458,1.098901098901095,3.389569363602365,180.0,SANC00282_minRM1.pdb-1,SANC00282_minRM1.pdb-1,267,267,0,0.0,False,1,1,XP_FP3_apo_185_pv.maegz
FP3,SANC00283,-5.45946455289962,-5.45946455289962,-5.45946455289962,74.72527472527473,-0.5395005363739402,46.0,SANC00283_minRM1.pdb-1,SANC00283_minRM1.pdb-1,48,48,0,0.0,False,1,1,XP_FP3_apo_185_pv.maegz
FP3,SANC00285,-3.38198091285358,-3.38198091285358,-3.38198091285358,9.890109890109889,0.9608623265702361,164.0,SANC00285_minRM1.pdb-1,SANC00285_minRM1.pdb-1,199,199,0,0.0,False,1,1,XP_FP3_apo_185_pv.maegz
FP3,SANC00292,-6.14581185413666,-6.14581185413666,-6.14581185413666,86.81318681318682,-1.0351819376653573,24.0,SANC00292_minRM1.pdb-1,SANC00292_minRM1.pdb-1,26,26,0,0.0,False,1,1,XP_FP3_apo_185_pv.maegz
FP3,SANC00297,-4.6337792828845,-4.6337792828845,-4.6337792828845,48.901098901098905,0.05681102619666357,93.0,SANC00297_minRM1.pdb-1,SANC00297_minRM1.pdb-1,104,104,0,0.0,False,1,1,XP_FP3_apo_185_pv.maegz
FP3,SANC00298,-4.65464376470242,-4.65464376470242,-4.65464376470242,51.098901098901095,0.041742655466443804,89.0,SANC00298_minRM1.pdb-1,SANC00298_minRM1.pdb-1,99,99,0,0.0,False,1,1,XP_FP3_apo_185_pv.maegz
FP3,SANC00299,-5.9976330065553,-5.9980330065553,-5.9980330065553,84.06593406593407,-0.9281668759342276,29.0,SANC00299_minRM1.pdb-1,SANC00299_minRM1.pdb-1,31,31,0,0.0003999999999999,False,1,1,XP_FP3_apo_185_pv.maegz
FP3,SANC00300,-4.62618711956855,-4.62618711956855,-4.62618711956855,48.35164835164834,0.062294101812318446,94.0,SANC00300_minRM1.pdb-1,SANC00300_minRM1.pdb-1,105,105,0,0.0,False,1,1,XP_FP3_apo_185_pv.maegz
FP3,SANC00308,-4.99732893021712,-4.99732893021712,-4.99732893021712,60.439560439560445,-0.20574526025487563,72.0,SANC00308_minRM1.pdb-1,SANC00308_minRM1.pdb-1,78,78,0,0.0,False,1,1,XP_FP3_apo_185_pv.maegz
FP3,SANC00314,-5.60475208633713,-5.60475208633713,-5.60475208633713,78.57142857142857,-0.6444274852155539,39.0,SANC00314_minRM1.pdb-1,SANC00314_minRM1.pdb-1,41,41,0,0.0,False,1,1,XP_FP3_apo_185_pv.maegz
FP3,SANC00341,-4.46254328404674,-4.46284328404674,-4.46284328404674,42.85714285714286,0.18047800893624077,104.0,SANC00341_minRM1.pdb-1,SANC00341_minRM1.pdb-1,116,116,0,0.0003000000000001,False,1,1,XP_FP3_apo_185_pv.maegz
FP3,SANC00349,-5.40190765615885,-5.41970765615885,-5.41970765615885,73.62637362637363,-0.4979328297929876,48.0,SANC00349_minRM1.pdb-1,SANC00349_minRM1.pdb-1,50,50,0,0.0177999999999993,False,2,2,XP_FP3_apo_185_pv.maegz
FP3,SANC00350,-5.20178957168923,-5.41058957168923,-5.41058957168923,66.4835164835165,-0.3534071467242678,61.0,SANC00350_minRM1.pdb-1,SANC00350_minRM1.pdb-1,63,63,0,0.2088000000000001,False,3,3,XP_FP3_apo_185_pv.maegz
FP3,SANC00353,-4.20065793571416,-4.20065793571416,-4.20065793571416,34.065934065934066,0.3696121341891814,120.0,SANC00353_minRM1.pdb-1,SANC00353_minRM1.pdb-1,135,135,0,0.0,False,1,1,XP_FP3_apo_185_pv.maegz
FP3,SANC00354,-4.33483588180824,-4.33483588180824,-4.33483588180824,40.10989010989011,0.2727085516698883,109.0,SANC00354_minRM1.pdb-1,SANC00354_minRM1.pdb-1,122,122,0,0.0,False,1,1,XP_FP3_apo_185_pv.maegz
FP3,SANC00365,-2.86701072421907,-2.86711072421907,-2.86711072421907,3.8461538461538436,1.3327748324773596,175.0,SANC00365_minRM1.pdb-1,SANC00365_minRM1.pdb-1,222,222,-1,9.999999999976694e-05,False,1,1,XP_FP3_apo_185_pv.maegz
FP3,SANC00367,-4.94899458635144,-4.97429458635144,-4.97429458635144,58.791208791208796,-0.1708380999081245,75.0,SANC00367_minRM1.pdb-1,SANC00367_minRM1.pdb-1,81,81,0,0.0252999999999996,False,3,3,XP_FP3_apo_185_pv.maegz
FP3,SANC00369,-6.34036165281735,-6.36886165281735,-6.36886165281735,88.46153846153845,-1.175686193538729,21.0,SANC00369_minRM1.pdb-1,SANC00369_minRM1.pdb-1,23,23,0,0.0285000000000001,False,3,3,XP_FP3_apo_185_pv.maegz
FP3,SANC00370,-8.94965720019399,-8.94965720019399,-8.94965720019399,99.45054945054946,-3.060124685503338,1.0,SANC00370_minRM1.pdb-1,SANC00370_minRM1.pdb-1,2,2,0,0.0,False,1,1,XP_FP3_apo_185_pv.maegz
FP3,SANC00371,-4.83689199725933,-4.84539199725933,-4.84539199725933,55.494505494505496,-0.08987738461220728,81.0,SANC00371_minRM1.pdb-1,SANC00371_minRM1.pdb-1,89,89,0,0.0084999999999997,False,2,2,XP_FP3_apo_185_pv.maegz
FP3,SANC00372,-5.27592545577776,-5.30092545577776,-5.30092545577776,69.23076923076923,-0.40694823131037805,56.0,SANC00372_minRM1.pdb-1,SANC00372_minRM1.pdb-1,58,58,0,0.0249999999999994,False,3,3,XP_FP3_apo_185_pv.maegz
FP3,SANC00373,-4.55955658479796,-4.58795658479796,-4.77268005542733,46.15384615384615,0.11041480802673131,98.0,SANC00373_minRM1.pdb-1,SANC00373_minRM1.pdb-3,110,240,0,0.0284000000000004,True,3,3,XP_FP3_apo_185_pv.maegz
FP3,SANC00377,-4.84955369244751,-4.95375369244751,-4.95375369244751,56.043956043956044,-0.09902168634150697,80.0,SANC00377_minRM1.pdb-1,SANC00377_minRM1.pdb-1,87,87,1,0.1041999999999996,False,3,3,XP_FP3_apo_185_pv.maegz
FP3,SANC00378,-4.21622840695826,-4.27762840695826,-4.27762840695826,34.61538461538461,0.35836710854235115,119.0,SANC00378_minRM1.pdb-1,SANC00378_minRM1.pdb-1,134,134,1,0.0613999999999999,False,2,2,XP_FP3_apo_185_pv.maegz
FP3,SANC00379,-4.10565974136249,-4.10565974136249,-4.10565974136249,29.670329670329664,0.4382200212042822,128.0,SANC00379_minRM1.pdb-1,SANC00379_minRM1.pdb-1,144,144,0,0.0,False,1,1,XP_FP3_apo_185_pv.maegz
FP3,SANC00382,-5.06440757392266,-5.14830757392266,-5.14830757392266,62.08791208791209,-0.2541895916433172,69.0,SANC00382_minRM1.pdb-1,SANC00382_minRM1.pdb-1,75,75,1,0.0838999999999998,False,3,3,XP_FP3_apo_185_pv.maegz
FP3,SANC00412,-6.70440586918769,-6.70980586918769,-6.70980586918769,91.75824175824175,-1.438599658743956,15.0,SANC00412_minRM1.pdb-1,SANC00412_minRM1.pdb-1,17,17,0,0.0053999999999998,False,1,1,XP_FP3_apo_185_pv.maegz
FP3,SANC00430,-5.11903365906778,-5.11953365906778,-5.11953365906778,64.28571428571428,-0.29364066019563007,65.0,SANC00430_minRM1.pdb-1,SANC00430_minRM1.pdb-1,70,70,0,0.0004999999999997,False,1,1,XP_FP3_apo_185_pv.maegz
FP3,SANC00431,-4.50124533120163,-4.50124533120163,-4.50124533120163,43.40659340659341,0.15252731264588457,103.0,SANC00431_minRM1.pdb-1,SANC00431_minRM1.pdb-1,115,115,0,0.0,False,1,1,XP_FP3_apo_185_pv.maegz
FP3,SANC00432,-5.23017658429056,-5.23017658429056,-5.23017658429056,67.58241758241759,-0.3739083043151022,59.0,SANC00432_minRM1.pdb-1,SANC00432_minRM1.pdb-1,61,61,0,0.0,False,1,1,XP_FP3_apo_185_pv.maegz
FP3,SANC00433,-3.78079975272644,-3.78079975272644,-3.78079975272644,21.42857142857143,0.6728345583349788,143.0,SANC00433_minRM1.pdb-1,SANC00433_minRM1.pdb-1,165,165,0,0.0,False,1,1,XP_FP3_apo_185_pv.maegz
FP3,SANC00434,-4.14162556813272,-5.26822556813272,-5.26822556813272,31.318681318681318,0.41224542877863946,125.0,SANC00434_minRM1.pdb-2,SANC00434_minRM1.pdb-2,141,141,0,1.1265999999999998,False,3,3,XP_FP3_apo_185_pv.maegz
FP3,SANC00435,-5.32275316018402,-5.36635316018402,-5.36635316018402,72.52747252747253,-0.44076729360947886,50.0,SANC00435_minRM1.pdb-1,SANC00435_minRM1.pdb-1,52,52,0,0.0435999999999996,False,3,3,XP_FP3_apo_185_pv.maegz
FP3,SANC00436,-4.30337030569498,-5.02267030569498,-5.02267030569498,39.01098901098901,0.2954330540204495,111.0,SANC00436_minRM1.pdb-2,SANC00436_minRM1.pdb-2,125,125,0,0.7193000000000005,False,3,3,XP_FP3_apo_185_pv.maegz
FP3,SANC00437,-6.10538770577744,-6.11698770577744,-6.11698770577744,85.71428571428572,-1.0059875364218533,26.0,SANC00437_minRM1.pdb-1,SANC00437_minRM1.pdb-1,28,28,0,0.0115999999999996,False,2,2,XP_FP3_apo_185_pv.maegz
FP3,SANC00438,-4.27460547390007,-4.60430547390007,-4.60430547390007,36.81318681318682,0.31620707339273324,115.0,SANC00438_minRM1.pdb-1,SANC00438_minRM1.pdb-1,129,129,0,0.3297000000000007,False,4,4,XP_FP3_apo_185_pv.maegz
FP3,SANC00454,-3.15432327762255,-3.15432327762255,-3.15432327762255,6.043956043956045,1.125277128584638,171.0,SANC00454_minRM1.pdb-1,SANC00454_minRM1.pdb-1,212,212,0,0.0,False,1,1,XP_FP3_apo_185_pv.maegz
FP3,SANC00456,-3.56767146745837,-3.56767146745837,-3.56767146745837,15.934065934065933,0.8267562345856269,153.0,SANC00456_minRM1.pdb-1,SANC00456_minRM1.pdb-1,183,183,0,0.0,False,1,1,XP_FP3_apo_185_pv.maegz
FP3,SANC00459,-5.99564002747449,-5.99564002747449,-5.99564002747449,83.51648351648352,-0.9267275424339142,30.0,SANC00459_minRM1.pdb-1,SANC00459_minRM1.pdb-1,32,32,0,0.0,False,1,1,XP_FP3_apo_185_pv.maegz
FP3,SANC00469,-3.32336226428588,-3.32336226428588,-3.32336226428588,8.791208791208794,1.0031968324559253,166.0,SANC00469_minRM1.pdb-1,SANC00469_minRM1.pdb-1,204,204,-1,0.0,False,1,1,XP_FP3_apo_185_pv.maegz
FP3,SANC00518,-3.54450025499392,-3.54590025499392,-3.54590025499392,14.835164835164838,0.843490530827921,155.0,SANC00518_minRM1.pdb-1,SANC00518_minRM1.pdb-1,185,185,0,0.0013999999999998,False,1,1,XP_FP3_apo_185_pv.maegz
FP3,SANC00519,-6.36250072658163,-6.63950072658163,-6.63950072658163,89.01098901098901,-1.191675077135989,20.0,SANC00519_minRM1.pdb-1,SANC00519_minRM1.pdb-1,22,22,0,0.2770000000000001,False,3,3,XP_FP3_apo_185_pv.maegz
FP3,SANC00521,-5.56080205965125,-5.83780205965125,-5.97397166543378,77.47252747252747,-0.6126866875535139,41.0,SANC00521_minRM1.pdb-1,SANC00521_minRM1.pdb-2,43,69,0,0.2770000000000001,True,3,3,XP_FP3_apo_185_pv.maegz
FP3,SANC00522,-3.94114233943318,-4.21844233943318,-4.90798080124828,25.274725274725274,0.5570348197445619,136.0,SANC00522_minRM1.pdb-1,SANC00522_minRM1.pdb-3,155,171,0,0.2772999999999999,True,3,3,XP_FP3_apo_185_pv.maegz
FP3,SANC00523,-5.69644411611361,-5.90184411611361,-5.90184411611361,80.21978021978022,-0.7106476535253046,36.0,SANC00523_minRM1.pdb-1,SANC00523_minRM1.pdb-1,38,38,0,0.2054,False,2,2,XP_FP3_apo_185_pv.maegz
FP3,SANC00529,-5.12609482641292,-5.79379482641292,-5.79379482641292,64.83516483516483,-0.29874024945326055,64.0,SANC00529_minRM1.pdb-2,SANC00529_minRM1.pdb-2,68,68,-1,0.6677000000000008,False,2,2,XP_FP3_apo_185_pv.maegz
FP3,SANC00530,-3.73008617593362,-3.75068617593362,-5.37559752184352,19.780219780219777,0.7094600054866724,146.0,SANC00530_minRM1.pdb-1,SANC00530_minRM1.pdb-3,169,200,-1,0.0205999999999999,True,3,3,XP_FP3_apo_185_pv.maegz
FP3,SANC00536,-4.60219681429548,-4.60219681429548,-4.60219681429548,47.25274725274725,0.07961994852830552,96.0,SANC00536_minRM1.pdb-1,SANC00536_minRM1.pdb-1,107,107,0,0.0,False,1,1,XP_FP3_apo_185_pv.maegz
FP3,SANC00537,-4.191734115792,-4.191734115792,-4.191734115792,32.96703296703297,0.376056934883984,122.0,SANC00537_minRM1.pdb-1,SANC00537_minRM1.pdb-1,138,138,0,0.0,False,1,1,XP_FP3_apo_185_pv.maegz
FP3,SANC00538,-5.30775613109459,-5.30775613109459,-5.30775613109459,71.42857142857143,-0.42993640904002134,52.0,SANC00538_minRM1.pdb-1,SANC00538_minRM1.pdb-1,54,54,0,0.0,False,1,1,XP_FP3_apo_185_pv.maegz
FP3,SANC00539,-4.40904274313842,-4.40904274313842,-4.40904274313842,41.75824175824175,0.21911620717711397,106.0,SANC00539_minRM1.pdb-1,SANC00539_minRM1.pdb-1,119,119,0,0.0,False,1,1,XP_FP3_apo_185_pv.maegz
FP3,SANC00541,-4.28590330919843,-4.28590330919843,-4.28590330919843,37.91208791208791,0.30804775401876994,113.0,SANC00541_minRM1.pdb-1,SANC00541_minRM1.pdb-1,127,127,0,0.0,False,1,1,XP_FP3_apo_185_pv.maegz
FP3,SANC00542,-4.94580720073356,-4.94580720073356,-4.94580720073356,58.241758241758234,-0.16853616360462417,76.0,SANC00542_minRM1.pdb-1,SANC00542_minRM1.pdb-1,82,82,0,0.0,False,1,1,XP_FP3_apo_185_pv.maegz
FP3,SANC00548,-6.93301472355866,-6.93301472355866,-6.93301472355866,93.95604395604396,-1.603701433134254,11.0,SANC00548_minRM1.pdb-1,SANC00548_minRM1.pdb-1,13,13,0,0.0,False,1,1,XP_FP3_apo_185_pv.maegz
FP3,SANC00560,-5.48506042822644,-5.48506042822644,-5.48506042822644,76.37362637362637,-0.5579859290117657,43.0,SANC00560_minRM1.pdb-1,SANC00560_minRM1.pdb-1,45,45,0,0.0,False,1,1,XP_FP3_apo_185_pv.maegz
FP3,SANC00561,-6.61350800985346,-6.61350800985346,-6.61350800985346,90.65934065934066,-1.372953041924783,17.0,SANC00561_minRM1.pdb-1,SANC00561_minRM1.pdb-1,19,19,0,0.0,False,1,1,XP_FP3_apo_185_pv.maegz
FP3,SANC00578,-3.54318374233029,-3.54318374233029,-3.54318374233029,14.28571428571429,0.844441318921281,156.0,SANC00578_minRM1.pdb-1,SANC00578_minRM1.pdb-1,186,186,0,0.0,False,1,1,XP_FP3_apo_185_pv.maegz
FP3,SANC00581,-5.22442607455718,-5.33442607455718,-5.33442607455718,67.03296703296704,-0.36975527462059593,60.0,SANC00581_minRM1.pdb-1,SANC00581_minRM1.pdb-1,62,62,0,0.1099999999999994,False,2,2,XP_FP3_apo_185_pv.maegz
FP3,SANC00582,-7.78127170666753,-7.89127170666753,-8.69496532693235,98.35164835164835,-2.216314332295958,3.0,SANC00582_minRM1.pdb-1,SANC00582_minRM1.pdb-2,4,6,0,0.1100000000000003,True,2,2,XP_FP3_apo_185_pv.maegz
FP3,SANC00583,-3.81670369930395,-3.95820369930395,-3.95820369930395,22.527472527472526,0.6469046559089681,141.0,SANC00583_minRM1.pdb-1,SANC00583_minRM1.pdb-1,163,163,0,0.1415000000000001,False,2,2,XP_FP3_apo_185_pv.maegz
FP3,SANC00603,-3.31185017184815,-3.31205017184815,-3.31205017184815,8.241758241758246,1.0115108887668418,167.0,SANC00603_minRM1.pdb-1,SANC00603_minRM1.pdb-1,205,205,1,0.0001999999999999,False,1,1,XP_FP3_apo_185_pv.maegz
FP3,SANC00606,-3.78693838719396,-3.85743838719396,-4.8773369689762,21.978021978021978,0.6684012241769046,142.0,SANC00606_minRM1.pdb-1,SANC00606_minRM1.pdb-2,164,181,1,0.0705,True,2,2,XP_FP3_apo_185_pv.maegz
FP3,SANC00612,-5.44115502566187,-5.64995502566187,-5.68604004099181,74.17582417582418,-0.526277358979881,47.0,SANC00612_minRM1.pdb-1,SANC00612_minRM1.pdb-2,49,84,0,0.2088000000000001,True,3,3,XP_FP3_apo_185_pv.maegz
FP3,SANC00616,-5.09769202357429,-5.09769202357429,-5.09769202357429,63.18681318681318,-0.27822768812129245,67.0,SANC00616_minRM1.pdb-1,SANC00616_minRM1.pdb-1,73,73,0,0.0,False,1,1,XP_FP3_apo_185_pv.maegz
FP3,SANC00618,-5.46439171634445,-5.46439171634445,-5.46439171634445,75.27472527472527,-0.5430589437229945,45.0,SANC00618_minRM1.pdb-1,SANC00618_minRM1.pdb-1,47,47,0,0.0,False,1,1,XP_FP3_apo_185_pv.maegz
FP3,SANC00621,-4.18128210342487,-4.66218210342487,-4.66218210342487,31.868131868131865,0.38360539923594783,124.0,SANC00621_minRM1.pdb-2,SANC00621_minRM1.pdb-2,140,140,0,0.4809000000000001,False,2,2,XP_FP3_apo_185_pv.maegz
FP3,SANC00622,-4.07864910821209,-4.49194910821209,-4.49194910821209,29.120879120879117,0.45772715478756765,129.0,SANC00622_minRM1.pdb-2,SANC00622_minRM1.pdb-2,146,146,1,0.4132999999999995,False,2,2,XP_FP3_apo_185_pv.maegz
FP3,SANC00623,-4.23326276703082,-4.64656276703082,-4.64656276703082,35.71428571428571,0.3460648594395271,117.0,SANC00623_minRM1.pdb-2,SANC00623_minRM1.pdb-2,132,132,1,0.4132999999999995,False,2,2,XP_FP3_apo_185_pv.maegz
FP3,SANC00624,-5.31293112075517,-5.32133112075517,-5.46173618129211,71.97802197802197,-0.43367379698050246,51.0,SANC00624_minRM1.pdb-1,SANC00624_minRM1.pdb-2,53,218,1,0.0083999999999999,True,2,2,XP_FP3_apo_185_pv.maegz
FP3,SANC00625,-3.30616364227104,-3.67596364227104,-3.74504977106068,7.692307692307687,1.0156177118638172,168.0,SANC00625_minRM1.pdb-1,SANC00625_minRM1.pdb-2,206,208,0,0.3698000000000001,True,2,2,XP_FP3_apo_185_pv.maegz
FP3,SANC00648,-4.6344979088802,-4.6344979088802,-4.6344979088802,49.45054945054945,0.05629203305731435,92.0,SANC00648_minRM1.pdb-1,SANC00648_minRM1.pdb-1,103,103,0,0.0,False,1,1,XP_FP3_apo_185_pv.maegz
FP3,SANC00650,-3.44814202890438,-3.44814202890438,-3.44814202890438,11.538461538461542,0.9130806354993207,161.0,SANC00650_minRM1.pdb-1,SANC00650_minRM1.pdb-1,195,195,0,0.0,False,1,1,XP_FP3_apo_185_pv.maegz
FP3,SANC00651,-5.10986024993908,-5.10986024993908,-5.10986024993908,63.73626373626373,-0.2870156056739065,66.0,SANC00651_minRM1.pdb-1,SANC00651_minRM1.pdb-1,72,72,0,0.0,False,1,1,XP_FP3_apo_185_pv.maegz
FP3,SANC00652,-4.50440708738523,-4.50440708738523,-4.50440708738523,43.956043956043956,0.15024388597136532,102.0,SANC00652_minRM1.pdb-1,SANC00652_minRM1.pdb-1,114,114,0,0.0,False,1,1,XP_FP3_apo_185_pv.maegz
FP3,SANC00657,-6.15506708889585,-6.15506708889585,-6.15506708889585,87.36263736263736,-1.0418660868219831,23.0,SANC00657_minRM1.pdb-1,SANC00657_minRM1.pdb-1,25,25,0,0.0,False,1,1,XP_FP3_apo_185_pv.maegz
FP3,SANC00658,-6.8606331930417,-6.8606331930417,-6.8606331930417,93.4065934065934,-1.5514273462257764,12.0,SANC00658_minRM1.pdb-1,SANC00658_minRM1.pdb-1,14,14,0,0.0,False,1,1,XP_FP3_apo_185_pv.maegz
FP3,SANC00659,-4.13763474736773,-4.13763474736773,-4.13763474736773,30.76923076923077,0.41512760756120015,126.0,SANC00659_minRM1.pdb-1,SANC00659_minRM1.pdb-1,142,142,0,0.0,False,1,1,XP_FP3_apo_185_pv.maegz
FP3,SANC00660,-4.71107037589578,-4.71107037589578,-4.71107037589578,52.74725274725275,0.0009912433809886679,86.0,SANC00660_minRM1.pdb-1,SANC00660_minRM1.pdb-1,95,95,0,0.0,False,1,1,XP_FP3_apo_185_pv.maegz
FP3,SANC00661,-5.84617649766776,-5.84617649766776,-5.84617649766776,82.96703296703296,-0.8187846806159516,31.0,SANC00661_minRM1.pdb-1,SANC00661_minRM1.pdb-1,33,33,0,0.0,False,1,1,XP_FP3_apo_185_pv.maegz
FP3,SANC00662,-6.74378982592125,-6.74378982592125,-6.74378982592125,92.3076923076923,-1.4670428315034412,14.0,SANC00662_minRM1.pdb-1,SANC00662_minRM1.pdb-1,16,16,0,0.0,False,1,1,XP_FP3_apo_185_pv.maegz
FP3,SANC00691,-5.29765148634217,-5.29765148634217,-5.29765148634217,70.32967032967032,-0.42263881427800526,54.0,SANC00691_minRM1.pdb-1,SANC00691_minRM1.pdb-1,56,56,0,0.0,False,1,1,XP_FP3_apo_185_pv.maegz
FP3,SANC00697,-6.07388919628536,-6.07388919628536,-6.07388919628536,85.16483516483517,-0.9832392495188743,27.0,SANC00697_minRM1.pdb-1,SANC00697_minRM1.pdb-1,29,29,0,0.0,False,1,1,XP_FP3_apo_185_pv.maegz
FP3,SANC00698,-5.09442335304171,-5.09442335304171,-5.09442335304171,62.637362637362635,-0.2758670476889204,68.0,SANC00698_minRM1.pdb-1,SANC00698_minRM1.pdb-1,74,74,0,0.0,False,1,1,XP_FP3_apo_185_pv.maegz
FP3,SANC00699,-5.25924575983364,-5.25924575983364,-5.25924575983364,68.13186813186813,-0.39490212135439123,58.0,SANC00699_minRM1.pdb-1,SANC00699_minRM1.pdb-1,60,60,0,0.0,False,1,1,XP_FP3_apo_185_pv.maegz
FP3,SANC00701,-3.48824914782071,-3.48824914782071,-3.48824914782071,13.186813186813184,0.8841151935570613,158.0,SANC00701_minRM1.pdb-1,SANC00701_minRM1.pdb-1,190,190,0,0.0,False,1,1,XP_FP3_apo_185_pv.maegz
FP3,SANC00702,-5.28424738753495,-5.28424738753495,-5.28424738753495,69.78021978021978,-0.4129583471619598,55.0,SANC00702_minRM1.pdb-1,SANC00702_minRM1.pdb-1,57,57,0,0.0,False,1,1,XP_FP3_apo_185_pv.maegz
FP3,SANC00706,-4.00300735764228,-4.09350735764228,-4.09350735764228,27.472527472527474,0.5123557791749608,132.0,SANC00706_minRM1.pdb-1,SANC00706_minRM1.pdb-1,149,149,0,0.0904999999999995,False,2,2,XP_FP3_apo_185_pv.maegz
FP3,SANC00711,-7.53721702849939,-7.53721702849939,-7.53721702849939,97.25274725274726,-2.040057552895685,5.0,SANC00711_minRM1.pdb-1,SANC00711_minRM1.pdb-1,7,7,0,0.0,False,1,1,XP_FP3_apo_185_pv.maegz
FP3,SANC00716,-6.80751967787706,-6.80751967787706,-6.80751967787706,92.85714285714286,-1.513068658755351,13.0,SANC00716_minRM1.pdb-1,SANC00716_minRM1.pdb-1,15,15,0,0.0,False,1,1,XP_FP3_apo_185_pv.maegz
FP3,SANC00720,-4.22517303911139,-4.22517303911139,-4.22517303911139,35.16483516483516,0.35190727721248527,118.0,SANC00720_minRM1.pdb-1,SANC00720_minRM1.pdb-1,133,133,0,0.0,False,1,1,XP_FP3_apo_185_pv.maegz
FP3,SANC00724,-4.94205811668138,-4.94205811668138,-4.94205811668138,57.692307692307686,-0.16582856756222084,77.0,SANC00724_minRM1.pdb-1,SANC00724_minRM1.pdb-1,83,83,0,0.0,False,1,1,XP_FP3_apo_185_pv.maegz
FP3,SANC00736,-4.69580301070901,-4.69580301070901,-4.69580301070901,52.19780219780219,0.01201736522362708,87.0,SANC00736_minRM1.pdb-1,SANC00736_minRM1.pdb-1,97,97,0,0.0,False,1,1,XP_FP3_apo_185_pv.maegz
FP3,SANC00737,-5.0136819222078,-5.1013819222078,-5.81305971614514,60.98901098901099,-0.21755542395864197,71.0,SANC00737_minRM1.pdb-1,SANC00737_minRM1.pdb-2,77,101,-1,0.0876999999999998,True,2,2,XP_FP3_apo_185_pv.maegz
FP3,SANC00771,-4.64671345801916,-5.12761345801916,-5.12761345801916,50.54945054945055,0.04746993890202253,90.0,SANC00771_minRM1.pdb-2,SANC00771_minRM1.pdb-2,100,100,0,0.4809000000000001,False,2,2,XP_FP3_apo_185_pv.maegz
FP3,SANC00774,-3.19839240620057,-3.20719240620057,-3.87204189419073,6.593406593406592,1.0934503152965642,170.0,SANC00774_minRM1.pdb-1,SANC00774_minRM1.pdb-2,211,259,0,0.0087999999999999,True,2,2,XP_FP3_apo_185_pv.maegz
FP3,SANC00781,-2.96216302266063,-2.97606302266063,-4.38877850994575,4.94505494505495,1.264055651178616,173.0,SANC00781_minRM1.pdb-1,SANC00781_minRM1.pdb-2,217,245,0,0.0139,True,2,2,XP_FP3_apo_185_pv.maegz
FP3,SANC00782,-2.73618056912037,-2.74928056912037,-2.98755565761198,3.296703296703296,1.4272606336069253,176.0,SANC00782_minRM1.pdb-1,SANC00782_minRM1.pdb-2,230,264,0,0.0131000000000001,True,2,2,XP_FP3_apo_185_pv.maegz
FP3,SANC00783,-3.48033136441259,-3.49363136441259,-4.25075819620721,12.637362637362637,0.8898334326581478,159.0,SANC00783_minRM1.pdb-1,SANC00783_minRM1.pdb-2,193,249,0,0.0133,True,2,2,XP_FP3_apo_185_pv.maegz
FP3,SANC00784,-4.99030713891382,-5.42600713891382,-5.42600713891382,59.89010989010989,-0.20067410845385233,73.0,SANC00784_minRM1.pdb-2,SANC00784_minRM1.pdb-2,79,79,1,0.4357000000000006,False,2,2,XP_FP3_apo_185_pv.maegz
FP3,SANC00787,-4.27641984226721,-4.29051984226721,-5.19264506250582,37.362637362637365,0.3148967329090419,114.0,SANC00787_minRM1.pdb-1,SANC00787_minRM1.pdb-2,128,216,0,0.0141,True,2,2,XP_FP3_apo_185_pv.maegz
FP3,SANC00788,-3.55430520916209,-3.56610520916209,-3.56610520916209,15.384615384615385,0.8364093732085686,154.0,SANC00788_minRM1.pdb-1,SANC00788_minRM1.pdb-1,184,184,0,0.0118,False,2,2,XP_FP3_apo_185_pv.maegz
FP3,SANC00789,-3.67857293809664,-4.13157293809664,-4.13157293809664,18.131868131868135,0.7466629694526863,149.0,SANC00789_minRM1.pdb-2,SANC00789_minRM1.pdb-2,174,174,0,0.4529999999999998,False,2,2,XP_FP3_apo_185_pv.maegz
FP3,SANC00793,-4.24420017303927,-4.25670017303927,-4.25670017303927,36.26373626373627,0.33816584282360923,116.0,SANC00793_minRM1.pdb-1,SANC00793_minRM1.pdb-1,131,131,0,0.0125000000000001,False,2,2,XP_FP3_apo_185_pv.maegz
FP3,SANC00796,-4.19980955052067,-4.21880955052067,-4.67843414177378,33.51648351648352,0.37022483968213815,121.0,SANC00796_minRM1.pdb-1,SANC00796_minRM1.pdb-2,136,232,1,0.0190000000000001,True,2,2,XP_FP3_apo_185_pv.maegz
FP3,SANC00797,-6.19291930351951,-6.56901930351951,-6.56901930351951,87.91208791208791,-1.0692030323491564,22.0,SANC00797_minRM1.pdb-1,SANC00797_minRM1.pdb-1,24,24,1,0.3761000000000001,False,2,2,XP_FP3_apo_185_pv.maegz
FP3,SANC00799,-3.60529308542474,-3.97509308542474,-3.97509308542474,17.582417582417587,0.79958582642811,150.0,SANC00799_minRM1.pdb-1,SANC00799_minRM1.pdb-1,179,179,0,0.3698000000000001,False,2,2,XP_FP3_apo_185_pv.maegz
FP3,SANC00807,-3.84168479913073,-3.84168479913073,-3.84168479913073,24.17582417582418,0.6288632553736688,138.0,SANC00807_minRM1.pdb-1,SANC00807_minRM1.pdb-1,158,158,0,0.0,False,1,1,XP_FP3_apo_185_pv.maegz
FP3,SANC00808,-4.73700956897834,-4.73700956897834,-4.73700956897834,54.3956043956044,-0.017742094030490936,83.0,SANC00808_minRM1.pdb-1,SANC00808_minRM1.pdb-1,92,92,0,0.0,False,1,1,XP_FP3_apo_185_pv.maegz
FP3,SANC00809,-3.99456800989022,-3.99656800989022,-3.99656800989022,26.37362637362637,0.5184506930941781,134.0,SANC00809_minRM1.pdb-1,SANC00809_minRM1.pdb-1,151,151,0,0.0020000000000002,False,1,1,XP_FP3_apo_185_pv.maegz
FP3,SANC00810,0.883761552577228,0.881961552577228,0.881961552577228,0.5494505494505475,4.041590114094223,181.0,SANC00810_minRM1.pdb-1,SANC00810_minRM1.pdb-1,269,269,0,0.0018,False,1,1,XP_FP3_apo_185_pv.maegz
FP3,SANC00811,0.962459147370643,0.962459147370643,0.962459147370643,0.0,4.098425675325623,182.0,SANC00811_minRM1.pdb-1,SANC00811_minRM1.pdb-1,270,270,0,0.0,False,1,1,XP_FP3_apo_185_pv.maegz
FP3,SANC00852,-4.71344120367425,-4.78204120367425,-4.78204120367425,53.2967032967033,-0.0007209732086808237,85.0,SANC00852_minRM1.pdb-1,SANC00852_minRM1.pdb-1,94,94,0,0.0686,False,2,2,XP_FP3_apo_185_pv.maegz
FP3,SANC00853,-7.44769796935185,-7.44769796935185,-7.44769796935185,96.7032967032967,-1.9754067083442954,6.0,SANC00853_minRM1.pdb-1,SANC00853_minRM1.pdb-1,8,8,-1,0.0,False,1,1,XP_FP3_apo_185_pv.maegz
FP3,SANC00867,-6.50951400698239,-6.53811400698239,-7.06985492333657,90.10989010989012,-1.297848363905174,18.0,SANC00867_minRM1.pdb-1,SANC00867_minRM1.pdb-2,20,67,0,0.0285999999999999,True,2,2,XP_FP3_apo_185_pv.maegz
FP3,SANC00871,-6.14165240001086,-6.14165240001086,-6.14165240001086,86.26373626373626,-1.0321779715304744,25.0,SANC00871_minRM1.pdb-1,SANC00871_minRM1.pdb-1,27,27,0,0.0,False,1,1,XP_FP3_apo_185_pv.maegz
FP3,SANC00891,-5.46808847868749,-5.46908847868749,-5.46908847868749,75.82417582417582,-0.5457287529218312,44.0,SANC00891_minRM1.pdb-1,SANC00891_minRM1.pdb-1,46,46,0,0.0009999999999994,False,1,1,XP_FP3_apo_185_pv.maegz
FP3,SANC00893,-7.02763492935218,-7.02823492935218,-7.02823492935218,95.6043956043956,-1.6720363360524724,8.0,SANC00893_minRM1.pdb-1,SANC00893_minRM1.pdb-1,10,10,0,0.0006000000000003,False,1,1,XP_FP3_apo_185_pv.maegz
FP3,SANC00928,-4.06498138205355,-4.06498138205355,-4.06498138205355,28.57142857142857,0.46759801410692675,130.0,SANC00928_minRM1.pdb-1,SANC00928_minRM1.pdb-1,147,147,0,0.0,False,1,1,XP_FP3_apo_185_pv.maegz
FP3,SANC00930,-3.49653495646313,-3.49653495646313,-3.49653495646313,13.736263736263732,0.8781311658916143,157.0,SANC00930_minRM1.pdb-1,SANC00930_minRM1.pdb-1,189,189,0,0.0,False,1,1,XP_FP3_apo_185_pv.maegz
FP3,SANC00953,-3.85291485478065,-3.85291485478065,-3.85291485478065,24.725274725274726,0.620752886598123,137.0,SANC00953_minRM1.pdb-1,SANC00953_minRM1.pdb-1,157,157,-1,0.0,False,1,1,XP_FP3_apo_185_pv.maegz
FP3,SANC00962,-5.79176871209259,-5.79176871209259,-5.79176871209259,81.86813186813187,-0.7794912684520865,33.0,SANC00962_minRM1.pdb-1,SANC00962_minRM1.pdb-1,35,35,0,0.0,False,1,1,XP_FP3_apo_185_pv.maegz
FP3,SANC00964,-8.45792496190345,-8.45792496190345,-8.45792496190345,98.9010989010989,-2.704994674069317,2.0,SANC00964_minRM1.pdb-1,SANC00964_minRM1.pdb-1,3,3,0,0.0,False,1,1,XP_FP3_apo_185_pv.maegz
FP3,SANC00965,-4.67376480313398,-4.67866480313398,-4.67866480313398,51.64835164835164,0.027933403056154937,88.0,SANC00965_minRM1.pdb-1,SANC00965_minRM1.pdb-1,98,98,0,0.0049000000000001,False,1,1,XP_FP3_apo_185_pv.maegz
FP3,SANC00984,-4.35825698927271,-4.35825698927271,-4.35825698927271,40.65934065934066,0.2557937807560067,108.0,SANC00984_minRM1.pdb-1,SANC00984_minRM1.pdb-1,121,121,-1,0.0,False,1,1,XP_FP3_apo_185_pv.maegz
FP3,SANC00994,-5.62419272593164,-5.62419272593164,-5.62419272593164,79.12087912087912,-0.6584675542284867,38.0,SANC00994_minRM1.pdb-1,SANC00994_minRM1.pdb-1,40,40,0,0.0,False,1,1,XP_FP3_apo_185_pv.maegz
FP3,SANC00995,-3.38773270986143,-3.40553270986143,-4.68828835230603,10.439560439560436,0.9567083672035186,163.0,SANC00995_minRM1.pdb-1,SANC00995_minRM1.pdb-2,198,234,-1,0.0178000000000002,True,2,2,XP_FP3_apo_185_pv.maegz
FP3,SANC00999,-5.32949427782347,-5.59159427782347,-5.59159427782347,73.07692307692308,-0.4456357423259966,49.0,SANC00999_minRM1.pdb-1,SANC00999_minRM1.pdb-1,51,51,0,0.2620999999999993,False,2,2,XP_FP3_apo_185_pv.maegz
FP3,SANC01001,-7.35588054867008,-7.35588054867008,-7.35588054867008,96.15384615384616,-1.909095982470566,7.0,SANC01001_minRM1.pdb-1,SANC01001_minRM1.pdb-1,9,9,0,0.0,False,1,1,XP_FP3_apo_185_pv.maegz
FP3,SANC01010,-3.8368063752814,-3.8368063752814,-3.8368063752814,23.62637362637363,0.6323864628888306,139.0,SANC01010_minRM1.pdb-1,SANC01010_minRM1.pdb-1,159,159,0,0.0,False,1,1,XP_FP3_apo_185_pv.maegz
FP3,SANC01026,-5.71252279163473,-5.71252279163473,-5.71252279163473,80.76923076923077,-0.7222597053230668,35.0,SANC01026_minRM1.pdb-1,SANC01026_minRM1.pdb-1,37,37,0,0.0,False,1,1,XP_FP3_apo_185_pv.maegz
FP3,SANC01036,-4.29661947456806,-4.36181947456806,-4.86268118012542,38.46153846153846,0.30030851783715284,112.0,SANC01036_minRM1.pdb-1,SANC01036_minRM1.pdb-2,126,187,1,0.0651999999999999,True,2,2,XP_FP3_apo_185_pv.maegz
FP3,SANC01040,-3.03731664763804,-3.03731664763804,-3.03731664763804,5.494505494505497,1.2097795520757413,172.0,SANC01040_minRM1.pdb-1,SANC01040_minRM1.pdb-1,215,215,0,0.0,False,1,1,XP_FP3_apo_185_pv.maegz
FP3,SANC01049,-7.76415573397766,-7.76475573397766,-7.76475573397766,97.8021978021978,-2.203953142396778,4.0,SANC01049_minRM1.pdb-1,SANC01049_minRM1.pdb-1,5,5,0,0.0006000000000003,False,1,1,XP_FP3_apo_185_pv.maegz
FP3,SANC01055,-4.75015716679567,-4.75015716679567,-4.75015716679567,54.94505494505495,-0.027237315615779488,82.0,SANC01055_minRM1.pdb-1,SANC01055_minRM1.pdb-1,91,91,0,0.0,False,1,1,XP_FP3_apo_185_pv.maegz
FP3,SANC01056,-4.85927987875315,-4.85927987875315,-4.85927987875315,56.59340659340659,-0.10604595765212724,79.0,SANC01056_minRM1.pdb-1,SANC01056_minRM1.pdb-1,86,86,0,0.0,False,1,1,XP_FP3_apo_185_pv.maegz
FP3,SANC01067,-6.98141688420907,-6.98141688420907,-6.98141688420907,94.5054945054945,-1.638657570899326,10.0,SANC01067_minRM1.pdb-1,SANC01067_minRM1.pdb-1,12,12,0,0.0,False,1,1,XP_FP3_apo_185_pv.maegz
FP3,SANC01074,-1.82981204822252,-1.83051204822252,-1.83051204822252,1.6483516483516536,2.081841802230058,179.0,SANC01074_minRM1.pdb-1,SANC01074_minRM1.pdb-1,253,253,0,0.0006999999999999,False,1,1,XP_FP3_apo_185_pv.maegz
FP3,SANC01075,-3.70696018440777,-3.79626018440777,-3.79626018440777,18.681318681318682,0.7261616430761644,148.0,SANC01075_minRM1.pdb-1,SANC01075_minRM1.pdb-1,172,172,0,0.0893000000000001,False,2,2,XP_FP3_apo_185_pv.maegz
FP3,SANC01076,-3.77794273026005,-4.11814273026005,-4.12683160380277,20.879120879120883,0.6748979057060673,144.0,SANC01076_minRM1.pdb-1,SANC01076_minRM1.pdb-2,167,176,-1,0.3402000000000003,True,2,2,XP_FP3_apo_185_pv.maegz
FP3,SANC01082,-3.4054644295852,-3.4054644295852,-3.4054644295852,10.989010989010994,0.943902483558105,162.0,SANC01082_minRM1.pdb-1,SANC01082_minRM1.pdb-1,197,197,0,0.0,False,1,1,XP_FP3_apo_185_pv.maegz
FP3,SANC01090,-3.33690889370653,-3.33950889370653,-3.33950889370653,9.340659340659341,0.9934134294442128,165.0,SANC01090_minRM1.pdb-1,SANC01090_minRM1.pdb-1,202,202,-1,0.0026000000000001,False,1,1,XP_FP3_apo_185_pv.maegz
FP3,SANC01112,-6.05622498795181,-6.12602498795181,-6.12602498795181,84.61538461538461,-0.9704821227352529,28.0,SANC01112_minRM1.pdb-1,SANC01112_minRM1.pdb-1,30,30,0,0.0697999999999998,False,2,2,XP_FP3_apo_185_pv.maegz
FP3,SANC01126,-3.46951494413629,-3.46951494413629,-3.46951494413629,12.08791208791209,0.8976450731349881,160.0,SANC01126_minRM1.pdb-1,SANC01126_minRM1.pdb-1,194,194,0,0.0,False,1,1,XP_FP3_apo_185_pv.maegz
FP3,SANC01130,-3.99887001020922,-3.99887001020922,-3.99887001020922,26.923076923076927,0.5153437798118871,133.0,SANC01130_minRM1.pdb-1,SANC01130_minRM1.pdb-1,150,150,0,0.0,False,1,1,XP_FP3_apo_185_pv.maegz
