molecule,set,records,mol_MW_min,mol_MW_max,QPlogPo/w_min,QPlogPo/w_max,QPlogS_min,QPlogS_max,QPPCaco_min,QPPCaco_max,QPlogBB_min,QPlogBB_max,PercentHumanOralAbsorption_min,PercentHumanOralAbsorption_max,QPlogHERG_min,QPlogHERG_max,RuleOfFive_min,RuleOfFive_max,RuleOfThree_min,RuleOfThree_max,#stars_min,#stars_max
SANC00247,shortlist,1,424.579,424.579,5.968,5.968,-7.017,-7.017,120.604,120.604,-1.689,-1.689,86.181,86.181,-3.706,-3.706,1.0,1.0,2.0,2.0,2.0,2.0
SANC00248,shortlist,1,408.58,408.58,5.322,5.322,-6.748,-6.748,385.679,385.679,-1.819,-1.819,91.434,91.434,-5.657,-5.657,1.0,1.0,2.0,2.0,3.0,3.0
SANC00251,shortlist,1,319.316,319.316,-0.862,-0.862,-2.256,-2.256,56.815,56.815,-1.789,-1.789,53.298,53.298,-3.904,-3.904,0.0,0.0,0.0,0.0,0.0,0.0
SANC00369,shortlist,3,450.53,450.53,3.899,3.91,-6.596,-6.566,106.56,108.648,-1.978,-1.967,86.064,86.232,-5.737,-5.707,0.0,0.0,1.0,1.0,1.0,1.0
SANC00370,shortlist,1,624.594,624.594,-1.538,-1.538,-2.992,-2.992,1.123,1.123,-5.571,-5.571,0.0,0.0,-6.755,-6.755,3.0,3.0,2.0,2.0,9.0,9.0
SANC00412,shortlist,1,540.523,540.523,0.766,0.766,-4.788,-4.788,9.056,9.056,-3.87,-3.87,22.64,22.64,-6.698,-6.698,2.0,2.0,2.0,2.0,4.0,4.0
SANC00548,shortlist,1,634.849,634.849,2.703,2.703,-5.649,-5.649,40.936,40.936,-3.052,-3.052,45.707,45.707,-5.429,-5.429,2.0,2.0,0.0,0.0,3.0,3.0
SANC00711,shortlist,1,540.523,540.523,0.344,0.344,-3.891,-3.891,6.4,6.4,-3.681,-3.681,17.47,17.47,-5.805,-5.805,2.0,2.0,2.0,2.0,4.0,4.0
SANC00716,shortlist,1,342.477,342.477,3.965,3.965,-5.492,-5.492,519.808,519.808,-1.444,-1.444,100.0,100.0,-5.381,-5.381,0.0,0.0,1.0,1.0,1.0,1.0
SANC00724,shortlist,1,342.477,342.477,4.017,4.017,-5.218,-5.218,814.609,814.609,-1.189,-1.189,100.0,100.0,-5.221,-5.221,0.0,0.0,1.0,1.0,0.0,0.0
SANC00853,shortlist,1,360.32,360.32,1.139,1.139,-3.432,-3.432,1.499,1.499,-3.64,-3.64,36.764,36.764,-4.148,-4.148,0.0,0.0,1.0,1.0,2.0,2.0
SANC00867,shortlist,2,594.528,594.528,0.692,1.007,-4.95,-2.984,2.047,6.562,-4.765,-3.344,0.0,6.743,-7.378,-5.363,3.0,3.0,2.0,2.0,4.0,5.0
SANC00893,shortlist,1,554.549,554.549,1.058,1.058,-4.285,-4.285,12.926,12.926,-3.379,-3.379,27.118,27.118,-5.787,-5.787,2.0,2.0,2.0,2.0,2.0,2.0
SANC00964,shortlist,1,686.665,686.665,-0.922,-0.922,-3.03,-3.03,4.395,4.395,-4.339,-4.339,0.0,0.0,-6.197,-6.197,3.0,3.0,2.0,2.0,9.0,9.0
SANC01026,shortlist,1,190.241,190.241,1.572,1.572,-2.171,-2.171,1221.442,1221.442,-0.359,-0.359,91.396,91.396,-3.6,-3.6,0.0,0.0,0.0,0.0,1.0,1.0
SANC01049,shortlist,1,702.665,702.665,-1.582,-1.582,-2.794,-2.794,1.459,1.459,-4.938,-4.938,0.0,0.0,-5.958,-5.958,3.0,3.0,2.0,2.0,9.0,9.0
SANC01067,shortlist,1,652.648,652.648,-0.114,-0.114,-3.73,-3.73,8.959,8.959,-4.569,-4.569,4.446,4.446,-6.753,-6.753,3.0,3.0,2.0,2.0,9.0,9.0
OPT1,analogue,3,450.831,450.831,3.82,3.825,-6.365,-6.331,76.925,80.23,-2.09,-2.064,83.096,83.398,-6.978,-6.957,0.0,0.0,1.0,1.0,0.0,0.0
