job,index,label,element,x,y,z,ESP_charge,Mulliken_charge,Mulliken_spin
wh_OMe_water.01.mae,1,C1,C,5.369072,-0.487008,-1.138079,-0.117090269793798,,
wh_OMe_water.01.mae,2,O2,O,3.968865,-0.368003,-0.778226,-0.381932703766618,,
wh_OMe_water.01.mae,3,C3,C,3.664364,-0.409636,0.534076,0.962392650034173,,
wh_OMe_water.01.mae,4,O4,O,4.528729,-0.54097,1.405817,-0.725491035512785,,
wh_OMe_water.01.mae,5,C5,C,2.234348,-0.287846,0.841074,-0.527184054117784,,
wh_OMe_water.01.mae,6,C6,C,1.256715,-0.149904,-0.087513,-0.0892824840741421,,
wh_OMe_water.01.mae,7,C7,C,-0.179942,-0.028356,0.148751,0.206823976960545,,
wh_OMe_water.01.mae,8,C8,C,-0.76755,-0.038974,1.437989,-0.124781863498885,,
wh_OMe_water.01.mae,9,C9,C,-2.139495,0.078637,1.597604,-0.425212360690415,,
wh_OMe_water.01.mae,10,C10,C,-2.979263,0.210797,0.472467,0.576522147609504,,
wh_OMe_water.01.mae,11,O11,O,-4.312342,0.318049,0.739894,-0.47854850709275,,
wh_OMe_water.01.mae,12,C12,C,-5.240131,0.451648,-0.354211,0.0602821632477345,,
wh_OMe_water.01.mae,13,C13,C,-2.423239,0.224005,-0.814995,-0.280153419373438,,
wh_OMe_water.01.mae,14,C14,C,-1.038892,0.105238,-0.960264,-0.297246202405581,,
wh_OMe_water.01.mae,15,H15,H,5.944251,0.334242,-0.701655,0.111412573225747,,
wh_OMe_water.01.mae,16,H16,H,5.389945,-0.432101,-2.227283,0.133321349639635,,
wh_OMe_water.01.mae,17,H17,H,5.768812,-1.44498,-0.795019,0.111568072898453,,
wh_OMe_water.01.mae,18,H18,H,2.020131,-0.320585,1.905099,0.175191878056769,,
wh_OMe_water.01.mae,19,H19,H,1.555883,-0.126045,-1.134333,0.112408699379348,,
wh_OMe_water.01.mae,20,H20,H,-0.149479,-0.138996,2.32609,0.193032251962651,,
wh_OMe_water.01.mae,21,H21,H,-2.58839,0.070718,2.587409,0.194319067452567,,
wh_OMe_water.01.mae,22,H22,H,-6.227391,0.516298,0.106518,0.101801934845002,,
wh_OMe_water.01.mae,23,H23,H,-5.195838,-0.423364,-1.012333,0.0593200827439151,,
wh_OMe_water.01.mae,24,H24,H,-5.039237,1.364069,-0.926759,0.0590420398577262,,
wh_OMe_water.01.mae,25,H25,H,-3.046494,0.324691,-1.696413,0.180676435763983,,
wh_OMe_water.01.mae,26,H26,H,-0.617226,0.116829,-1.963259,0.208807576648442,,
wh_OMe_water_anion.01.mae,1,C1,C,5.369072,-0.487008,-1.138079,-0.115874277967054,,
wh_OMe_water_anion.01.mae,2,O2,O,3.968865,-0.368003,-0.778226,-0.391047038099854,,
wh_OMe_water_anion.01.mae,3,C3,C,3.664364,-0.409636,0.534076,0.920729081420098,,
wh_OMe_water_anion.01.mae,4,O4,O,4.528729,-0.54097,1.405817,-0.906530859518035,,
wh_OMe_water_anion.01.mae,5,C5,C,2.234348,-0.287846,0.841074,-0.704894113360299,,
wh_OMe_water_anion.01.mae,6,C6,C,1.256715,-0.149904,-0.087513,-0.312214478178379,,
wh_OMe_water_anion.01.mae,7,C7,C,-0.179942,-0.028356,0.148751,0.287059033668496,,
wh_OMe_water_anion.01.mae,8,C8,C,-0.76755,-0.038974,1.437989,-0.172399470652999,,
wh_OMe_water_anion.01.mae,9,C9,C,-2.139495,0.078637,1.597604,-0.472824423341627,,
wh_OMe_water_anion.01.mae,10,C10,C,-2.979263,0.210797,0.472467,0.534274497286401,,
wh_OMe_water_anion.01.mae,11,O11,O,-4.312342,0.318049,0.739894,-0.518502714916337,,
wh_OMe_water_anion.01.mae,12,C12,C,-5.240131,0.451648,-0.354211,0.078512180052164,,
wh_OMe_water_anion.01.mae,13,C13,C,-2.423239,0.224005,-0.814995,-0.286322402248324,,
wh_OMe_water_anion.01.mae,14,C14,C,-1.038892,0.105238,-0.960264,-0.417465163904735,,
wh_OMe_water_anion.01.mae,15,H15,H,5.944251,0.334242,-0.701655,0.100809185309142,,
wh_OMe_water_anion.01.mae,16,H16,H,5.389945,-0.432101,-2.227283,0.115506869117981,,
wh_OMe_water_anion.01.mae,17,H17,H,5.768812,-1.44498,-0.795019,0.10145483375032,,
wh_OMe_water_anion.01.mae,18,H18,H,2.020131,-0.320585,1.905099,0.16933241504429,,
wh_OMe_water_anion.01.mae,19,H19,H,1.555883,-0.126045,-1.134333,0.0848678199842351,,
wh_OMe_water_anion.01.mae,20,H20,H,-0.149479,-0.138996,2.32609,0.166898216423885,,
wh_OMe_water_anion.01.mae,21,H21,H,-2.58839,0.070718,2.587409,0.18640825068063,,
wh_OMe_water_anion.01.mae,22,H22,H,-6.227391,0.516298,0.106518,0.0901145795003245,,
wh_OMe_water_anion.01.mae,23,H23,H,-5.195838,-0.423364,-1.012333,0.045503734984076,,
wh_OMe_water_anion.01.mae,24,H24,H,-5.039237,1.364069,-0.926759,0.0452483324966733,,
wh_OMe_water_anion.01.mae,25,H25,H,-3.046494,0.324691,-1.696413,0.169585906451509,,
wh_OMe_water_anion.01.mae,26,H26,H,-0.617226,0.116829,-1.963259,0.201770006017417,,
coumarate_water.01.mae,1,C1,C,-5.005008,0.973376,1.019766,0.0311517659236296,,
coumarate_water.01.mae,2,O2,O,-3.626319,1.261382,0.664098,-0.492972027633287,,
coumarate_water.01.mae,3,C3,C,-2.782594,0.206344,0.585679,1.00304377260344,,
coumarate_water.01.mae,4,O4,O,-3.158667,-0.946464,0.801222,-0.705028165287386,,
coumarate_water.01.mae,5,C5,C,-1.415187,0.617941,0.223605,-0.541533142033033,,
coumarate_water.01.mae,6,C6,C,-0.447711,-0.323212,0.109975,-0.0704310408463637,,
coumarate_water.01.mae,7,C7,C,0.966494,-0.18448,-0.225583,0.219069692683058,,
coumarate_water.01.mae,8,C8,C,1.614954,1.039215,-0.514192,-0.201866846238025,,
coumarate_water.01.mae,9,C9,C,2.972593,1.076526,-0.821786,-0.321040968496225,,
coumarate_water.01.mae,10,C10,C,3.720352,-0.115968,-0.847276,0.536998724089458,,
coumarate_water.01.mae,11,O11,O,5.05322,-0.0317,-1.152893,-0.722463174595439,,
coumarate_water.01.mae,12,C12,C,3.101236,-1.33934,-0.565936,-0.349813662075946,,
coumarate_water.01.mae,13,C13,C,1.742968,-1.363788,-0.260931,-0.229264226001713,,
coumarate_water.01.mae,14,H14,H,-5.051067,0.504247,2.006198,0.0732488055244698,,
coumarate_water.01.mae,15,H15,H,-5.458654,0.313505,0.275556,0.0732400257123421,,
coumarate_water.01.mae,16,H16,H,-5.509416,1.939881,1.031396,0.107850903061724,,
coumarate_water.01.mae,17,H17,H,-1.245295,1.679219,0.06458,0.189541483988885,,
coumarate_water.01.mae,18,H18,H,-0.762506,-1.349206,0.298685,0.107575403447771,,
coumarate_water.01.mae,19,H19,H,1.056468,1.972199,-0.502256,0.197708636705009,,
coumarate_water.01.mae,20,H20,H,3.463451,2.020708,-1.044458,0.197323484439628,,
coumarate_water.01.mae,21,H21,H,5.486007,-0.907108,-1.142435,0.507463148941939,,
coumarate_water.01.mae,22,H22,H,3.682779,-2.257892,-0.588329,0.197316469847477,,
coumarate_water.01.mae,23,H23,H,1.270355,-2.31898,-0.044298,0.192880936238585,,
coumarate_water_anion.01.mae,1,C1,C,-5.005008,0.973376,1.019766,0.0696948847045656,,
coumarate_water_anion.01.mae,2,O2,O,-3.626319,1.261382,0.664098,-0.560467494312686,,
coumarate_water_anion.01.mae,3,C3,C,-2.782594,0.206344,0.585679,0.98932811717528,,
coumarate_water_anion.01.mae,4,O4,O,-3.158667,-0.946464,0.801222,-0.853000074758341,,
coumarate_water_anion.01.mae,5,C5,C,-1.415187,0.617941,0.223605,-0.759379370557249,,
coumarate_water_anion.01.mae,6,C6,C,-0.447711,-0.323212,0.109975,-0.236733418926502,,
coumarate_water_anion.01.mae,7,C7,C,0.966494,-0.18448,-0.225583,0.276531852814426,,
coumarate_water_anion.01.mae,8,C8,C,1.614954,1.039215,-0.514192,-0.247747778862157,,
coumarate_water_anion.01.mae,9,C9,C,2.972593,1.076526,-0.821786,-0.389066006795231,,
coumarate_water_anion.01.mae,10,C10,C,3.720352,-0.115968,-0.847276,0.508236277462325,,
coumarate_water_anion.01.mae,11,O11,O,5.05322,-0.0317,-1.152893,-0.77249339120906,,
coumarate_water_anion.01.mae,12,C12,C,3.101236,-1.33934,-0.565936,-0.350677859147752,,
coumarate_water_anion.01.mae,13,C13,C,1.742968,-1.363788,-0.260931,-0.353843030114373,,
coumarate_water_anion.01.mae,14,H14,H,-5.051067,0.504247,2.006198,0.0520283874844065,,
coumarate_water_anion.01.mae,15,H15,H,-5.458654,0.313505,0.275556,0.0521248179390496,,
coumarate_water_anion.01.mae,16,H16,H,-5.509416,1.939881,1.031396,0.0864005525122173,,
coumarate_water_anion.01.mae,17,H17,H,-1.245295,1.679219,0.06458,0.180091394697174,,
coumarate_water_anion.01.mae,18,H18,H,-0.762506,-1.349206,0.298685,0.0798826232673357,,
coumarate_water_anion.01.mae,19,H19,H,1.056468,1.972199,-0.502256,0.173191394465629,,
coumarate_water_anion.01.mae,20,H20,H,3.463451,2.020708,-1.044458,0.193768098262765,,
coumarate_water_anion.01.mae,21,H21,H,5.486007,-0.907108,-1.142435,0.495372555170535,,
coumarate_water_anion.01.mae,22,H22,H,3.682779,-2.257892,-0.588329,0.180102135079233,,
coumarate_water_anion.01.mae,23,H23,H,1.270355,-2.31898,-0.044298,0.18665533364841,,
cinnamate_water.01.mae,1,C1,C,4.77246,-0.918576,-0.151169,0.011716885704933,,
cinnamate_water.01.mae,2,O2,O,3.343237,-1.00954,-0.38449,-0.487929805592306,,
cinnamate_water.01.mae,3,C3,C,2.559467,-0.087346,0.216905,1.01244917755419,,
cinnamate_water.01.mae,4,O4,O,3.017167,0.800302,0.935258,-0.706256772251859,,
cinnamate_water.01.mae,5,C5,C,1.138282,-0.299974,-0.106832,-0.485504206224356,,
cinnamate_water.01.mae,6,C6,C,0.18917,0.521709,0.393252,-0.177746863060189,,
cinnamate_water.01.mae,7,C7,C,-1.258487,0.459928,0.176948,0.346619646502617,,
cinnamate_water.01.mae,8,C8,C,-2.063459,1.444034,0.789012,-0.298009710126809,,
cinnamate_water.01.mae,9,C9,C,-3.450219,1.443188,0.622027,-0.0809801904718557,,
cinnamate_water.01.mae,10,C10,C,-4.058403,0.456181,-0.160365,-0.133433714336241,,
cinnamate_water.01.mae,11,C11,C,-3.271365,-0.529433,-0.774497,-0.111994346419354,,
cinnamate_water.01.mae,12,C12,C,-1.886741,-0.530216,-0.61031,-0.251893229830592,,
cinnamate_water.01.mae,13,H13,H,5.152929,0.041212,-0.51031,0.079005706782087,,
cinnamate_water.01.mae,14,H14,H,5.2095,-1.740855,-0.718823,0.114205397589609,,
cinnamate_water.01.mae,15,H15,H,4.988204,-1.029734,0.914721,0.0789125565696905,,
cinnamate_water.01.mae,16,H16,H,0.911883,-1.137793,-0.759405,0.17820425242915,,
cinnamate_water.01.mae,17,H17,H,0.529257,1.334281,1.035477,0.146930955871225,,
cinnamate_water.01.mae,18,H18,H,-1.594191,2.213312,1.398715,0.174056025381591,,
cinnamate_water.01.mae,19,H19,H,-4.053929,2.20948,1.101033,0.133317461933728,,
cinnamate_water.01.mae,20,H20,H,-5.137474,0.452035,-0.291802,0.13766318957599,,
cinnamate_water.01.mae,21,H21,H,-3.742422,-1.297736,-1.381977,0.136836810433781,,
cinnamate_water.01.mae,22,H22,H,-1.297602,-1.30433,-1.09417,0.183830771984968,,
cinnamate_water_anion.01.mae,1,C1,C,4.77246,-0.918576,-0.151169,0.0532204692131433,,
cinnamate_water_anion.01.mae,2,O2,O,3.343237,-1.00954,-0.38449,-0.558966816933956,,
cinnamate_water_anion.01.mae,3,C3,C,2.559467,-0.087346,0.216905,1.00734567762528,,
cinnamate_water_anion.01.mae,4,O4,O,3.017167,0.800302,0.935258,-0.855194017467616,,
cinnamate_water_anion.01.mae,5,C5,C,1.138282,-0.299974,-0.106832,-0.691584684429982,,
cinnamate_water_anion.01.mae,6,C6,C,0.18917,0.521709,0.393252,-0.374845775090264,,
cinnamate_water_anion.01.mae,7,C7,C,-1.258487,0.459928,0.176948,0.418755334990319,,
cinnamate_water_anion.01.mae,8,C8,C,-2.063459,1.444034,0.789012,-0.418238456105064,,
cinnamate_water_anion.01.mae,9,C9,C,-3.450219,1.443188,0.622027,-0.0636429243296327,,
cinnamate_water_anion.01.mae,10,C10,C,-4.058403,0.456181,-0.160365,-0.238027391560473,,
cinnamate_water_anion.01.mae,11,C11,C,-3.271365,-0.529433,-0.774497,-0.14268633316108,,
cinnamate_water_anion.01.mae,12,C12,C,-1.886741,-0.530216,-0.61031,-0.306521415846149,,
cinnamate_water_anion.01.mae,13,H13,H,5.152929,0.041212,-0.51031,0.0564762834850716,,
cinnamate_water_anion.01.mae,14,H14,H,5.2095,-1.740855,-0.718823,0.0929555906074449,,
cinnamate_water_anion.01.mae,15,H15,H,4.988204,-1.029734,0.914721,0.0562857730306487,,
cinnamate_water_anion.01.mae,16,H16,H,0.911883,-1.137793,-0.759405,0.168415994921854,,
cinnamate_water_anion.01.mae,17,H17,H,0.529257,1.334281,1.035477,0.130863364420052,,
cinnamate_water_anion.01.mae,18,H18,H,-1.594191,2.213312,1.398715,0.160596045303611,,
cinnamate_water_anion.01.mae,19,H19,H,-4.053929,2.20948,1.101033,0.109521935228438,,
cinnamate_water_anion.01.mae,20,H20,H,-5.137474,0.452035,-0.291802,0.113557002984085,,
cinnamate_water_anion.01.mae,21,H21,H,-3.742422,-1.297736,-1.381977,0.125366727530033,,
cinnamate_water_anion.01.mae,22,H22,H,-1.297602,-1.30433,-1.09417,0.156347615584231,,
wh_Cl_water.01.mae,1,C1,C,4.579238,-0.224515,0.229919,-0.131226179641448,,
wh_Cl_water.01.mae,2,O2,O,3.131006,-0.133125,0.198498,-0.365381060714838,,
wh_Cl_water.01.mae,3,C3,C,2.517541,-0.493547,-0.942593,0.936141278803604,,
wh_Cl_water.01.mae,4,O4,O,3.136296,-0.88952,-1.932773,-0.713717938872185,,
wh_Cl_water.01.mae,5,C5,C,1.050652,-0.377745,-0.915724,-0.431603441310941,,
wh_Cl_water.01.mae,6,C6,C,0.340308,0.05253,0.150139,-0.200911605070036,,
wh_Cl_water.01.mae,7,C7,C,-1.116349,0.189716,0.239745,0.39332480827015,,
wh_Cl_water.01.mae,8,C8,C,-1.670631,0.649326,1.452139,-0.367031988963424,,
wh_Cl_water.01.mae,9,C9,C,-3.048962,0.801902,1.607698,0.0105477547486789,,
wh_Cl_water.01.mae,10,C10,C,-3.882294,0.490422,0.533326,-0.0200813454212732,,
wh_Cl_water.01.mae,11,Cl11,Cl,-5.624885,0.677311,0.710946,-0.120584551085602,,
wh_Cl_water.01.mae,12,C12,C,-3.368212,0.032738,-0.684721,-0.0166498440159424,,
wh_Cl_water.01.mae,13,C13,C,-1.991364,-0.11509,-0.825383,-0.320134399862919,,
wh_Cl_water.01.mae,14,H14,H,4.864199,0.109268,1.228378,0.136679732045464,,
wh_Cl_water.01.mae,15,H15,H,5.014669,0.426418,-0.532925,0.117409991586275,,
wh_Cl_water.01.mae,16,H16,H,4.895974,-1.257926,0.064179,0.117114112389527,,
wh_Cl_water.01.mae,17,H17,H,0.578645,-0.674769,-1.847491,0.167122941217287,,
wh_Cl_water.01.mae,18,H18,H,0.887955,0.331137,1.048873,0.133122152936874,,
wh_Cl_water.01.mae,19,H19,H,-1.016786,0.891167,2.287235,0.214387249616671,,
wh_Cl_water.01.mae,20,H20,H,-3.466944,1.155735,2.544735,0.121074981274288,,
wh_Cl_water.01.mae,21,H21,H,-4.036304,-0.202667,-1.507126,0.124374500914453,,
wh_Cl_water.01.mae,22,H22,H,-1.607054,-0.470594,-1.776853,0.216022851155337,,
wh_Cl_water_anion.01.mae,1,C1,C,4.579238,-0.224515,0.229919,-0.129690098735718,,
wh_Cl_water_anion.01.mae,2,O2,O,3.131006,-0.133125,0.198498,-0.370581088789635,,
wh_Cl_water_anion.01.mae,3,C3,C,2.517541,-0.493547,-0.942593,0.900733456642519,,
wh_Cl_water_anion.01.mae,4,O4,O,3.136296,-0.88952,-1.932773,-0.880450723124132,,
wh_Cl_water_anion.01.mae,5,C5,C,1.050652,-0.377745,-0.915724,-0.608762679824164,,
wh_Cl_water_anion.01.mae,6,C6,C,0.340308,0.05253,0.150139,-0.416353568132831,,
wh_Cl_water_anion.01.mae,7,C7,C,-1.116349,0.189716,0.239745,0.461232233246778,,
wh_Cl_water_anion.01.mae,8,C8,C,-1.670631,0.649326,1.452139,-0.466874172100963,,
wh_Cl_water_anion.01.mae,9,C9,C,-3.048962,0.801902,1.607698,-0.0561390140364303,,
wh_Cl_water_anion.01.mae,10,C10,C,-3.882294,0.490422,0.533326,0.00893881218306661,,
wh_Cl_water_anion.01.mae,11,Cl11,Cl,-5.624885,0.677311,0.710946,-0.201591179943663,,
wh_Cl_water_anion.01.mae,12,C12,C,-3.368212,0.032738,-0.684721,-0.112768417457855,,
wh_Cl_water_anion.01.mae,13,C13,C,-1.991364,-0.11509,-0.825383,-0.368330058616125,,
wh_Cl_water_anion.01.mae,14,H14,H,4.864199,0.109268,1.228378,0.118850568360479,,
wh_Cl_water_anion.01.mae,15,H15,H,5.014669,0.426418,-0.532925,0.107362178048647,,
wh_Cl_water_anion.01.mae,16,H16,H,4.895974,-1.257926,0.064179,0.106936315089964,,
wh_Cl_water_anion.01.mae,17,H17,H,0.578645,-0.674769,-1.847491,0.16003434819335,,
wh_Cl_water_anion.01.mae,18,H18,H,0.887955,0.331137,1.048873,0.11091769346476,,
wh_Cl_water_anion.01.mae,19,H19,H,-1.016786,0.891167,2.287235,0.205360961109964,,
wh_Cl_water_anion.01.mae,20,H20,H,-3.466944,1.155735,2.544735,0.11472919946307,,
wh_Cl_water_anion.01.mae,21,H21,H,-4.036304,-0.202667,-1.507126,0.129311745975223,,
wh_Cl_water_anion.01.mae,22,H22,H,-1.607054,-0.470594,-1.776853,0.187133488983699,,
wh_CN_water.01.mae,1,C1,C,5.177412,0.071314,-0.339311,0.00574769534003847,,
wh_CN_water.01.mae,2,O2,O,3.7887,0.488012,-0.42377,-0.477957471999992,,
wh_CN_water.01.mae,3,C3,C,2.850378,-0.429239,-0.116853,1.00932955664351,,
wh_CN_water.01.mae,4,O4,O,3.12683,-1.577306,0.22296,-0.697878324778934,,
wh_CN_water.01.mae,5,C5,C,1.49015,0.133097,-0.245604,-0.460037323723492,,
wh_CN_water.01.mae,6,C6,C,0.409202,-0.625617,0.028972,-0.168820455899741,,
wh_CN_water.01.mae,7,C7,C,-1.002082,-0.231342,-0.044813,0.360199889955419,,
wh_CN_water.01.mae,8,C8,C,-1.431825,1.055307,-0.437746,-0.235001095118965,,
wh_CN_water.01.mae,9,C9,C,-2.785132,1.367268,-0.487976,-0.124523200006939,,
wh_CN_water.01.mae,10,C10,C,-3.741967,0.389772,-0.142916,-0.0236353708207452,,
wh_CN_water.01.mae,11,C11,C,-5.13861,0.709882,-0.194503,0.426943609667007,,
wh_CN_water.01.mae,12,N12,N,-6.273532,0.970325,-0.23649,-0.565049535193037,,
wh_CN_water.01.mae,13,C13,C,-3.333206,-0.89704,0.251054,-0.0877805280907838,,
wh_CN_water.01.mae,14,C14,C,-1.974268,-1.195377,0.2965,-0.285901957288065,,
wh_CN_water.01.mae,15,H15,H,5.415311,-0.237213,0.681981,0.0817755916960595,,
wh_CN_water.01.mae,16,H16,H,5.364319,-0.752802,-1.032311,0.0818275262273533,,
wh_CN_water.01.mae,17,H17,H,5.757665,0.95057,-0.620941,0.116759884629956,,
wh_CN_water.01.mae,18,H18,H,1.424685,1.168799,-0.565278,0.179274807598766,,
wh_CN_water.01.mae,19,H19,H,0.589631,-1.652912,0.344143,0.146317053819402,,
wh_CN_water.01.mae,20,H20,H,-0.711971,1.821629,-0.708616,0.197323686833898,,
wh_CN_water.01.mae,21,H21,H,-3.106868,2.359293,-0.791505,0.167804576871444,,
wh_CN_water.01.mae,22,H22,H,-4.070817,-1.648874,0.516274,0.163537523112501,,
wh_CN_water.01.mae,23,H23,H,-1.65959,-2.190533,0.600776,0.189743860525339,,
wh_CN_water_anion.01.mae,1,C1,C,5.177412,0.071314,-0.339311,0.0395035413629626,,
wh_CN_water_anion.01.mae,2,O2,O,3.7887,0.488012,-0.42377,-0.536574200813257,,
wh_CN_water_anion.01.mae,3,C3,C,2.850378,-0.429239,-0.116853,1.02465243589062,,
wh_CN_water_anion.01.mae,4,O4,O,3.12683,-1.577306,0.22296,-0.818215164257548,,
wh_CN_water_anion.01.mae,5,C5,C,1.49015,0.133097,-0.245604,-0.64785421587962,,
wh_CN_water_anion.01.mae,6,C6,C,0.409202,-0.625617,0.028972,-0.323326486876831,,
wh_CN_water_anion.01.mae,7,C7,C,-1.002082,-0.231342,-0.044813,0.400035760296542,,
wh_CN_water_anion.01.mae,8,C8,C,-1.431825,1.055307,-0.437746,-0.283569502715789,,
wh_CN_water_anion.01.mae,9,C9,C,-2.785132,1.367268,-0.487976,-0.200662764910561,,
wh_CN_water_anion.01.mae,10,C10,C,-3.741967,0.389772,-0.142916,-0.0678741190834939,,
wh_CN_water_anion.01.mae,11,C11,C,-5.13861,0.709882,-0.194503,0.429208923407253,,
wh_CN_water_anion.01.mae,12,N12,N,-6.273532,0.970325,-0.23649,-0.678671434151942,,
wh_CN_water_anion.01.mae,13,C13,C,-3.333206,-0.89704,0.251054,-0.139415169576425,,
wh_CN_water_anion.01.mae,14,C14,C,-1.974268,-1.195377,0.2965,-0.387310632100457,,
wh_CN_water_anion.01.mae,15,H15,H,5.415311,-0.237213,0.681981,0.0633283748821618,,
wh_CN_water_anion.01.mae,16,H16,H,5.364319,-0.752802,-1.032311,0.0626658470661379,,
wh_CN_water_anion.01.mae,17,H17,H,5.757665,0.95057,-0.620941,0.100464218251732,,
wh_CN_water_anion.01.mae,18,H18,H,1.424685,1.168799,-0.565278,0.171909527701926,,
wh_CN_water_anion.01.mae,19,H19,H,0.589631,-1.652912,0.344143,0.142737656578268,,
wh_CN_water_anion.01.mae,20,H20,H,-0.711971,1.821629,-0.708616,0.167623799042883,,
wh_CN_water_anion.01.mae,21,H21,H,-3.106868,2.359293,-0.791505,0.162098664395113,,
wh_CN_water_anion.01.mae,22,H22,H,-4.070817,-1.648874,0.516274,0.1481759753001,,
wh_CN_water_anion.01.mae,23,H23,H,-1.65959,-2.190533,0.600776,0.171068966190222,,
wh_NO2_water.01.mae,1,C1,C,5.348195,0.203649,0.726837,0.00146231420506322,,
wh_NO2_water.01.mae,2,O2,O,3.924851,0.42751,0.90901,-0.47179208307813,,
wh_NO2_water.01.mae,3,C3,C,3.089763,-0.194016,0.052849,1.00719454248838,,
wh_NO2_water.01.mae,4,O4,O,3.485775,-0.923992,-0.851645,-0.693675918738951,,
wh_NO2_water.01.mae,5,C5,C,1.678464,0.124922,0.35613,-0.472374267103772,,
wh_NO2_water.01.mae,6,C6,C,0.687471,-0.402876,-0.390848,-0.112573157372186,,
wh_NO2_water.01.mae,7,C7,C,-0.754882,-0.192592,-0.231613,0.251733351457056,,
wh_NO2_water.01.mae,8,C8,C,-1.312853,0.635133,0.768589,-0.125919018393635,,
wh_NO2_water.01.mae,9,C9,C,-2.689086,0.794553,0.870474,-0.302835759849387,,
wh_NO2_water.01.mae,10,C10,C,-3.515508,0.120638,-0.036709,0.241784548521383,,
wh_NO2_water.01.mae,11,N11,N,-4.967793,0.288434,0.069505,0.658485524551076,,
wh_NO2_water.01.mae,12,O12,O,-5.410143,1.024525,0.958515,-0.458196808389952,,
wh_NO2_water.01.mae,13,O13,O,-5.687521,-0.313867,-0.734931,-0.464401020109192,,
wh_NO2_water.01.mae,14,C14,C,-3.001803,-0.705438,-1.038646,-0.248469586622819,,
wh_NO2_water.01.mae,15,C15,C,-1.620937,-0.85513,-1.128004,-0.192651841376408,,
wh_NO2_water.01.mae,16,H16,H,5.579022,-0.859104,0.838079,0.0827260448433233,,
wh_NO2_water.01.mae,17,H17,H,5.659914,0.551282,-0.261648,0.0830041294596696,,
wh_NO2_water.01.mae,18,H18,H,5.833842,0.786306,1.510169,0.117490865545117,,
wh_NO2_water.01.mae,19,H19,H,1.503135,0.792812,1.194013,0.180962387184639,,
wh_NO2_water.01.mae,20,H20,H,0.975654,-1.062198,-1.208672,0.134224916352051,,
wh_NO2_water.01.mae,21,H21,H,-0.676827,1.159601,1.47475,0.18891994480554,,
wh_NO2_water.01.mae,22,H22,H,-3.120617,1.428991,1.636454,0.207882382581085,,
wh_NO2_water.01.mae,23,H23,H,-3.665546,-1.215401,-1.727825,0.203637199545675,,
wh_NO2_water.01.mae,24,H24,H,-1.206394,-1.495127,-1.902876,0.183381309494373,,
wh_NO2_water_anion.01.mae,1,C1,C,5.348195,0.203649,0.726837,0.0179930538562652,,
wh_NO2_water_anion.01.mae,2,O2,O,3.924851,0.42751,0.90901,-0.491082501062594,,
wh_NO2_water_anion.01.mae,3,C3,C,3.089763,-0.194016,0.052849,1.015147841813,,
wh_NO2_water_anion.01.mae,4,O4,O,3.485775,-0.923992,-0.851645,-0.724164542228168,,
wh_NO2_water_anion.01.mae,5,C5,C,1.678464,0.124922,0.35613,-0.551934522474788,,
wh_NO2_water_anion.01.mae,6,C6,C,0.687471,-0.402876,-0.390848,-0.138165380568369,,
wh_NO2_water_anion.01.mae,7,C7,C,-0.754882,-0.192592,-0.231613,0.207552183515188,,
wh_NO2_water_anion.01.mae,8,C8,C,-1.312853,0.635133,0.768589,-0.118510844383263,,
wh_NO2_water_anion.01.mae,9,C9,C,-2.689086,0.794553,0.870474,-0.383896108918852,,
wh_NO2_water_anion.01.mae,10,C10,C,-3.515508,0.120638,-0.036709,0.274455023474321,,
wh_NO2_water_anion.01.mae,11,N11,N,-4.967793,0.288434,0.069505,0.652841902135421,,
wh_NO2_water_anion.01.mae,12,O12,O,-5.410143,1.024525,0.958515,-0.758980599976345,,
wh_NO2_water_anion.01.mae,13,O13,O,-5.687521,-0.313867,-0.734931,-0.767281383252636,,
wh_NO2_water_anion.01.mae,14,C14,C,-3.001803,-0.705438,-1.038646,-0.328044899205278,,
wh_NO2_water_anion.01.mae,15,C15,C,-1.620937,-0.85513,-1.128004,-0.204411506701634,,
wh_NO2_water_anion.01.mae,16,H16,H,5.579022,-0.859104,0.838079,0.0743800235702063,,
wh_NO2_water_anion.01.mae,17,H17,H,5.659914,0.551282,-0.261648,0.0746417236582744,,
wh_NO2_water_anion.01.mae,18,H18,H,5.833842,0.786306,1.510169,0.109943205352497,,
wh_NO2_water_anion.01.mae,19,H19,H,1.503135,0.792812,1.194013,0.178500450634626,,
wh_NO2_water_anion.01.mae,20,H20,H,0.975654,-1.062198,-1.208672,0.134925242272264,,
wh_NO2_water_anion.01.mae,21,H21,H,-0.676827,1.159601,1.47475,0.169463049837079,,
wh_NO2_water_anion.01.mae,22,H22,H,-3.120617,1.428991,1.636454,0.198615810969285,,
wh_NO2_water_anion.01.mae,23,H23,H,-3.665546,-1.215401,-1.727825,0.192938798532408,,
wh_NO2_water_anion.01.mae,24,H24,H,-1.206394,-1.495127,-1.902876,0.165073979151087,,
fc_OMe_N.01.mae,1,C1,C,5.369072,-0.487008,-1.138079,-0.11736833656299,-0.213331215564018,
fc_OMe_N.01.mae,2,O2,O,3.968865,-0.368003,-0.778226,-0.382275706226977,-0.380003976490755,
fc_OMe_N.01.mae,3,C3,C,3.664364,-0.409636,0.534076,0.962607974350483,0.610164258019546,
fc_OMe_N.01.mae,4,O4,O,4.528729,-0.54097,1.405817,-0.724730065047601,-0.642759740558379,
fc_OMe_N.01.mae,5,C5,C,2.234348,-0.287846,0.841074,-0.525694707030669,-0.259147819890915,
fc_OMe_N.01.mae,6,C6,C,1.256715,-0.149904,-0.087513,-0.0906727415345532,-0.0961217532719286,
fc_OMe_N.01.mae,7,C7,C,-0.179942,-0.028356,0.148751,0.207252528814168,0.0483458519040736,
fc_OMe_N.01.mae,8,C8,C,-0.76755,-0.038974,1.437989,-0.124325672959946,-0.16714328067043,
fc_OMe_N.01.mae,9,C9,C,-2.139495,0.078637,1.597604,-0.424932201523557,-0.214004776096327,
fc_OMe_N.01.mae,10,C10,C,-2.979263,0.210797,0.472467,0.575944305385307,0.281877145723842,
fc_OMe_N.01.mae,11,O11,O,-4.312342,0.318049,0.739894,-0.478170806184735,-0.416209136984926,
fc_OMe_N.01.mae,12,C12,C,-5.240131,0.451648,-0.354211,0.0602892530358592,-0.187063929079944,
fc_OMe_N.01.mae,13,C13,C,-2.423239,0.224005,-0.814995,-0.280893287417153,-0.237477446865705,
fc_OMe_N.01.mae,14,C14,C,-1.038892,0.105238,-0.960264,-0.298074980003314,-0.174304687463427,
fc_OMe_N.01.mae,15,H15,H,5.944251,0.334242,-0.701655,0.11153916767417,0.174346726944134,
fc_OMe_N.01.mae,16,H16,H,5.389945,-0.432101,-2.227283,0.133188407267994,0.174877164077923,
fc_OMe_N.01.mae,17,H17,H,5.768812,-1.44498,-0.795019,0.111690462394641,0.174375301018124,
fc_OMe_N.01.mae,18,H18,H,2.020131,-0.320585,1.905099,0.175302873030011,0.152887061737302,
fc_OMe_N.01.mae,19,H19,H,1.555883,-0.126045,-1.134333,0.112246910003469,0.165081260470615,
fc_OMe_N.01.mae,20,H20,H,-0.149479,-0.138996,2.32609,0.193149186961194,0.1697637730607,
fc_OMe_N.01.mae,21,H21,H,-2.58839,0.070718,2.587409,0.194457157556036,0.174192162654723,
fc_OMe_N.01.mae,22,H22,H,-6.227391,0.516298,0.106518,0.101916266591046,0.176075829286869,
fc_OMe_N.01.mae,23,H23,H,-5.195838,-0.423364,-1.012333,0.0592166069324251,0.168058032648312,
fc_OMe_N.01.mae,24,H24,H,-5.039237,1.364069,-0.926759,0.0589340252299182,0.16779874225826,
fc_OMe_N.01.mae,25,H25,H,-3.046494,0.324691,-1.696413,0.180658611298834,0.175459214324223,
fc_OMe_N.01.mae,26,H26,H,-0.617226,0.116829,-1.963259,0.208744767965939,0.174265238808068,
fc_OMe_A.01.mae,1,C1,C,5.369072,-0.487008,-1.138079,-0.11587237603255,-0.210044430818857,-0.00260419724561425
fc_OMe_A.01.mae,2,O2,O,3.968865,-0.368003,-0.778226,-0.391050887375111,-0.431697877160185,0.0166770603396099
fc_OMe_A.01.mae,3,C3,C,3.664364,-0.409636,0.534076,0.920733433985719,0.598734698317652,0.191635565126223
fc_OMe_A.01.mae,4,O4,O,4.528729,-0.54097,1.405817,-0.906533984348571,-0.823206632987467,0.0842838307319274
fc_OMe_A.01.mae,5,C5,C,2.234348,-0.287846,0.841074,-0.704895175721658,-0.397452278469227,0.100078397051351
fc_OMe_A.01.mae,6,C6,C,1.256715,-0.149904,-0.087513,-0.312214960959715,-0.217383205887096,0.37834476461225
fc_OMe_A.01.mae,7,C7,C,-0.179942,-0.028356,0.148751,0.287060929224274,0.0310571057161209,-0.0620561834179062
fc_OMe_A.01.mae,8,C8,C,-0.76755,-0.038974,1.437989,-0.172401936183027,-0.220522214751867,0.162796977417364
fc_OMe_A.01.mae,9,C9,C,-2.139495,0.078637,1.597604,-0.472822694588122,-0.230454525688445,-0.0795920954171813
fc_OMe_A.01.mae,10,C10,C,-2.979263,0.210797,0.472467,0.534273523519626,0.24273372962267,0.165927462558425
fc_OMe_A.01.mae,11,O11,O,-4.312342,0.318049,0.739894,-0.518500920738812,-0.45288479624201,0.0150240573631774
fc_OMe_A.01.mae,12,C12,C,-5.240131,0.451648,-0.354211,0.0785094567119659,-0.17620720536426,-0.00180831800829931
fc_OMe_A.01.mae,13,C13,C,-2.423239,0.224005,-0.814995,-0.286323093633215,-0.260978081392392,-0.0705080119611963
fc_OMe_A.01.mae,14,C14,C,-1.038892,0.105238,-0.960264,-0.417465261719867,-0.211456094111409,0.131848672936228
fc_OMe_A.01.mae,15,H15,H,5.944251,0.334242,-0.701655,0.100803553059668,0.160454473093798,0.00187849972107515
fc_OMe_A.01.mae,16,H16,H,5.389945,-0.432101,-2.227283,0.115508263843174,0.161923979123423,-0.000142534131357128
fc_OMe_A.01.mae,17,H17,H,5.768812,-1.44498,-0.795019,0.101457508025127,0.160470947239072,0.00186627917228334
fc_OMe_A.01.mae,18,H18,H,2.020131,-0.320585,1.905099,0.169334836205556,0.101450577575814,-0.00758024425263633
fc_OMe_A.01.mae,19,H19,H,1.555883,-0.126045,-1.134333,0.0848670610019841,0.105539679575785,-0.0210123169857068
fc_OMe_A.01.mae,20,H20,H,-0.149479,-0.138996,2.32609,0.166896904904512,0.141410863038726,-0.00843281972120107
fc_OMe_A.01.mae,21,H21,H,-2.58839,0.070718,2.587409,0.186408532590349,0.150425476549685,0.00357017820156902
fc_OMe_A.01.mae,22,H22,H,-6.227391,0.516298,0.106518,0.0901156589588141,0.167223553084859,-0.000144377372854515
fc_OMe_A.01.mae,23,H23,H,-5.195838,-0.423364,-1.012333,0.045506510037536,0.15738084597484,0.00208907923662551
fc_OMe_A.01.mae,24,H24,H,-5.039237,1.364069,-0.926759,0.0452476062873185,0.157149247207771,0.00208334794456817
fc_OMe_A.01.mae,25,H25,H,-3.046494,0.324691,-1.696413,0.169587892376298,0.153043171786883,0.00311077278657277
fc_OMe_A.01.mae,26,H26,H,-0.617226,0.116829,-1.963259,0.201769620568729,0.143288994966089,-0.00733384668528215
fc_Cl_N.01.mae,1,C1,C,4.579238,-0.224515,0.229919,-0.131346259590264,-0.218343684763634,
fc_Cl_N.01.mae,2,O2,O,3.131006,-0.133125,0.198498,-0.365860897645656,-0.37959737044166,
fc_Cl_N.01.mae,3,C3,C,2.517541,-0.493547,-0.942593,0.936218872284776,0.619234094480466,
fc_Cl_N.01.mae,4,O4,O,3.136296,-0.88952,-1.932773,-0.712873023440657,-0.631677894993246,
fc_Cl_N.01.mae,5,C5,C,1.050652,-0.377745,-0.915724,-0.430325802894585,-0.234702596855244,
fc_Cl_N.01.mae,6,C6,C,0.340308,0.05253,0.150139,-0.202036382848208,-0.0840827314436432,
fc_Cl_N.01.mae,7,C7,C,-1.116349,0.189716,0.239745,0.393569103754622,0.0573818478668473,
fc_Cl_N.01.mae,8,C8,C,-1.670631,0.649326,1.452139,-0.367705651555735,-0.168731558271154,
fc_Cl_N.01.mae,9,C9,C,-3.048962,0.801902,1.607698,0.0105250516383246,-0.111045350651511,
fc_Cl_N.01.mae,10,C10,C,-3.882294,0.490422,0.533326,-0.0206138109825028,-0.136946581765442,
fc_Cl_N.01.mae,11,Cl11,Cl,-5.624885,0.677311,0.710946,-0.120221780425947,-0.0327494674492732,
fc_Cl_N.01.mae,12,C12,C,-3.368212,0.032738,-0.684721,-0.0162768712284075,-0.104800819304422,
fc_Cl_N.01.mae,13,C13,C,-1.991364,-0.11509,-0.825383,-0.320643746513615,-0.170612558081204,
fc_Cl_N.01.mae,14,H14,H,4.864199,0.109268,1.228378,0.136518357521696,0.17657554992231,
fc_Cl_N.01.mae,15,H15,H,5.014669,0.426418,-0.532925,0.117543076169676,0.176548531099698,
fc_Cl_N.01.mae,16,H16,H,4.895974,-1.257926,0.064179,0.117241182990494,0.176252334656422,
fc_Cl_N.01.mae,17,H17,H,0.578645,-0.674769,-1.847491,0.167213211151521,0.158943453888164,
fc_Cl_N.01.mae,18,H18,H,0.887955,0.331137,1.048873,0.132935077292361,0.170538556150726,
fc_Cl_N.01.mae,19,H19,H,-1.016786,0.891167,2.287235,0.214379061943932,0.18675730920485,
fc_Cl_N.01.mae,20,H20,H,-3.466944,1.155735,2.544735,0.121106217482797,0.185717513209606,
fc_Cl_N.01.mae,21,H21,H,-4.036304,-0.202667,-1.507126,0.124430006015701,0.184772182250642,
fc_Cl_N.01.mae,22,H22,H,-1.607054,-0.470594,-1.776853,0.216225008879675,0.180569241290687,
fc_Cl_A.01.mae,1,C1,C,4.579238,-0.224515,0.229919,-0.129691083850168,-0.212737835595263,-0.00198411413261715
fc_Cl_A.01.mae,2,O2,O,3.131006,-0.133125,0.198498,-0.370581516079952,-0.426314542017277,0.0165303908860423
fc_Cl_A.01.mae,3,C3,C,2.517541,-0.493547,-0.942593,0.900733971572724,0.604296195575575,0.158545858703075
fc_Cl_A.01.mae,4,O4,O,3.136296,-0.88952,-1.932773,-0.880450454807857,-0.798163530916101,0.079766872182151
fc_Cl_A.01.mae,5,C5,C,1.050652,-0.377745,-0.915724,-0.608762819118639,-0.366892072666354,0.143523864058694
fc_Cl_A.01.mae,6,C6,C,0.340308,0.05253,0.150139,-0.41635307311503,-0.196223392419386,0.307551175154995
fc_Cl_A.01.mae,7,C7,C,-1.116349,0.189716,0.239745,0.461231202709427,0.0347954123053372,-0.0140756266383073
fc_Cl_A.01.mae,8,C8,C,-1.670631,0.649326,1.452139,-0.466873412792036,-0.206303762635962,0.100071520195292
fc_Cl_A.01.mae,9,C9,C,-3.048962,0.801902,1.607698,-0.0561399656803696,-0.143667699946414,-0.0379737670021552
fc_Cl_A.01.mae,10,C10,C,-3.882294,0.490422,0.533326,0.0089395611689934,-0.169494722124243,0.17658164598777
fc_Cl_A.01.mae,11,Cl11,Cl,-5.624885,0.677311,0.710946,-0.201591185310767,-0.0975382558846089,0.00870915668389366
fc_Cl_A.01.mae,12,C12,C,-3.368212,0.032738,-0.684721,-0.112768968960918,-0.123391122319758,-0.0727839650547048
fc_Cl_A.01.mae,13,C13,C,-1.991364,-0.11509,-0.825383,-0.368329571522342,-0.234039230763926,0.168759519774057
fc_Cl_A.01.mae,14,H14,H,4.864199,0.109268,1.228378,0.11885062475788,0.16388137395196,-0.000111418893787437
fc_Cl_A.01.mae,15,H15,H,5.014669,0.426418,-0.532925,0.107362521161535,0.163578153746271,0.00170091848616842
fc_Cl_A.01.mae,16,H16,H,4.895974,-1.257926,0.064179,0.106936776104527,0.16343665264488,0.00169926771135412
fc_Cl_A.01.mae,17,H17,H,0.578645,-0.674769,-1.847491,0.160034612785698,0.106966026444224,-0.00943416561266153
fc_Cl_A.01.mae,18,H18,H,0.887955,0.331137,1.048873,0.110916920676635,0.114455172689298,-0.0175119887069887
fc_Cl_A.01.mae,19,H19,H,-1.016786,0.891167,2.287235,0.205361003360737,0.154850879060435,-0.00564769612216011
fc_Cl_A.01.mae,20,H20,H,-3.466944,1.155735,2.544735,0.114729032629516,0.159148516435342,0.00158762415066666
fc_Cl_A.01.mae,21,H21,H,-4.036304,-0.202667,-1.507126,0.129312359570802,0.159768932733521,0.00331310021874939
fc_Cl_A.01.mae,22,H22,H,-1.607054,-0.470594,-1.776853,0.187133464739603,0.149588851702483,-0.00881817202951768
fc_CN_N.01.mae,1,C1,C,5.177412,0.071314,-0.339311,0.00577314462989487,-0.215381889466795,
fc_CN_N.01.mae,2,O2,O,3.7887,0.488012,-0.42377,-0.478011452690035,-0.365380911429969,
fc_CN_N.01.mae,3,C3,C,2.850378,-0.429239,-0.116853,1.00900947903952,0.611526993218492,
fc_CN_N.01.mae,4,O4,O,3.12683,-1.577306,0.22296,-0.697613741997936,-0.628938507775346,
fc_CN_N.01.mae,5,C5,C,1.49015,0.133097,-0.245604,-0.460333554477622,-0.218904211071508,
fc_CN_N.01.mae,6,C6,C,0.409202,-0.625617,0.028972,-0.168290230345704,-0.0848357148973713,
fc_CN_N.01.mae,7,C7,C,-1.002082,-0.231342,-0.044813,0.360484336403176,0.0863522402727599,
fc_CN_N.01.mae,8,C8,C,-1.431825,1.055307,-0.437746,-0.234314919921231,-0.17429419993039,
fc_CN_N.01.mae,9,C9,C,-2.785132,1.367268,-0.487976,-0.125084966166435,-0.100040962115144,
fc_CN_N.01.mae,10,C10,C,-3.741967,0.389772,-0.142916,-0.0239797681293204,-0.0445458628841701,
fc_CN_N.01.mae,11,C11,C,-5.13861,0.709882,-0.194503,0.425996444770295,-0.103289020919562,
fc_CN_N.01.mae,12,N12,N,-6.273532,0.970325,-0.23649,-0.564202185600156,-0.101021191695181,
fc_CN_N.01.mae,13,C13,C,-3.333206,-0.89704,0.251054,-0.088339881749125,-0.100581113704891,
fc_CN_N.01.mae,14,C14,C,-1.974268,-1.195377,0.2965,-0.28536694571073,-0.182399112084332,
fc_CN_N.01.mae,15,H15,H,5.415311,-0.237213,0.681981,0.0817336396199684,0.176373949555089,
fc_CN_N.01.mae,16,H16,H,5.364319,-0.752802,-1.032311,0.0817856182849041,0.176598169938109,
fc_CN_N.01.mae,17,H17,H,5.757665,0.95057,-0.620941,0.116804540172189,0.178382415664202,
fc_CN_N.01.mae,18,H18,H,1.424685,1.168799,-0.565278,0.179348384321711,0.163747954073937,
fc_CN_N.01.mae,19,H19,H,0.589631,-1.652912,0.344143,0.146241699389645,0.173666391775314,
fc_CN_N.01.mae,20,H20,H,-0.711971,1.821629,-0.708616,0.197317680102344,0.18115261069508,
fc_CN_N.01.mae,21,H21,H,-3.106868,2.359293,-0.791505,0.167806358622745,0.191109358503582,
fc_CN_N.01.mae,22,H22,H,-4.070817,-1.648874,0.516274,0.163518813944181,0.192783953800486,
fc_CN_N.01.mae,23,H23,H,-1.65959,-2.190533,0.600776,0.189717507487716,0.187918660477497,
fc_CN_A.01.mae,1,C1,C,5.177412,0.071314,-0.339311,0.0395072171273489,-0.209857894954423,-0.00258241063437464
fc_CN_A.01.mae,2,O2,O,3.7887,0.488012,-0.42377,-0.536592854280756,-0.410480950966858,0.0207521764345077
fc_CN_A.01.mae,3,C3,C,2.850378,-0.429239,-0.116853,1.02466081062351,0.603018015573454,0.110303582257167
fc_CN_A.01.mae,4,O4,O,3.12683,-1.577306,0.22296,-0.818198378861274,-0.756014624320715,0.0554270493099796
fc_CN_A.01.mae,5,C5,C,1.49015,0.133097,-0.245604,-0.647884646450751,-0.327605935779786,0.175795124435793
fc_CN_A.01.mae,6,C6,C,0.409202,-0.625617,0.028972,-0.323279868626942,-0.174431289256088,0.181959539836087
fc_CN_A.01.mae,7,C7,C,-1.002082,-0.231342,-0.044813,0.399989229716879,0.0528656073271877,0.0748355881160178
fc_CN_A.01.mae,8,C8,C,-1.431825,1.055307,-0.437746,-0.283511695554891,-0.235367260990098,0.106738508394975
fc_CN_A.01.mae,9,C9,C,-2.785132,1.367268,-0.487976,-0.200738320445391,-0.131177892218936,-0.0258708171010353
fc_CN_A.01.mae,10,C10,C,-3.741967,0.389772,-0.142916,-0.0677880881896021,-0.0980893174318653,0.160109431402937
fc_CN_A.01.mae,11,C11,C,-5.13861,0.709882,-0.194503,0.429138075696424,-0.0921235476272745,-0.00931669445066821
fc_CN_A.01.mae,12,N12,N,-6.273532,0.970325,-0.23649,-0.678661677875079,-0.217787231499182,0.0976837111979292
fc_CN_A.01.mae,13,C13,C,-3.333206,-0.89704,0.251054,-0.139461868658931,-0.146831618567532,0.0263097268695226
fc_CN_A.01.mae,14,C14,C,-1.974268,-1.195377,0.2965,-0.387266076888583,-0.22023204434469,0.0544507128679284
fc_CN_A.01.mae,15,H15,H,5.415311,-0.237213,0.681981,0.0633410344579393,0.164164680313757,0.00219826954447641
fc_CN_A.01.mae,16,H16,H,5.364319,-0.752802,-1.032311,0.0626628430563728,0.163908567093185,0.0022354228225062
fc_CN_A.01.mae,17,H17,H,5.757665,0.95057,-0.620941,0.100471600248231,0.16829911449889,-5.23174648530132e-05
fc_CN_A.01.mae,18,H18,H,1.424685,1.168799,-0.565278,0.171902898966614,0.11610278916444,-0.0101767882900024
fc_CN_A.01.mae,19,H19,H,0.589631,-1.652912,0.344143,0.142728040430421,0.12773031883486,-0.0109090733998298
fc_CN_A.01.mae,20,H20,H,-0.711971,1.821629,-0.708616,0.16760932393848,0.148165117080295,-0.00563728925503468
fc_CN_A.01.mae,21,H21,H,-3.106868,2.359293,-0.791505,0.162114431621535,0.162061015552199,0.000840501995484026
fc_CN_A.01.mae,22,H22,H,-4.070817,-1.648874,0.516274,0.148196522358071,0.161006481853545,-0.00180171007956228
fc_CN_A.01.mae,23,H23,H,-1.65959,-2.190533,0.600776,0.171061447590376,0.152677900665653,-0.00329224480992335
fc_NO2_N.01.mae,1,C1,C,5.348195,0.203649,0.726837,0.00148271372289865,-0.212153111012427,
fc_NO2_N.01.mae,2,O2,O,3.924851,0.42751,0.90901,-0.471214260425081,-0.362251182686026,
fc_NO2_N.01.mae,3,C3,C,3.089763,-0.194016,0.052849,1.00781812967382,0.602438073988555,
fc_NO2_N.01.mae,4,O4,O,3.485775,-0.923992,-0.851645,-0.694904787611012,-0.624809646111737,
fc_NO2_N.01.mae,5,C5,C,1.678464,0.124922,0.35613,-0.472855994205242,-0.21691943719706,
fc_NO2_N.01.mae,6,C6,C,0.687471,-0.402876,-0.390848,-0.111879501846682,-0.0858484448971122,
fc_NO2_N.01.mae,7,C7,C,-0.754882,-0.192592,-0.231613,0.252109148650243,0.0689371561977828,
fc_NO2_N.01.mae,8,C8,C,-1.312853,0.635133,0.768589,-0.125309480846789,-0.140289817457534,
fc_NO2_N.01.mae,9,C9,C,-2.689086,0.794553,0.870474,-0.30289084362007,-0.18296223545668,
fc_NO2_N.01.mae,10,C10,C,-3.515508,0.120638,-0.036709,0.241596880945239,0.0532923058817344,
fc_NO2_N.01.mae,11,N11,N,-4.967793,0.288434,0.069505,0.658566330574715,0.503672055304718,
fc_NO2_N.01.mae,12,O12,O,-5.410143,1.024525,0.958515,-0.457409332468384,-0.373102287875093,
fc_NO2_N.01.mae,13,O13,O,-5.687521,-0.313867,-0.734931,-0.465589058466155,-0.374894354934712,
fc_NO2_N.01.mae,14,C14,C,-3.001803,-0.705438,-1.038646,-0.248859647265019,-0.168566376925747,
fc_NO2_N.01.mae,15,C15,C,-1.620937,-0.85513,-1.128004,-0.19251201449133,-0.148602047078867,
fc_NO2_N.01.mae,16,H16,H,5.579022,-0.859104,0.838079,0.0826028268950885,0.17651388106299,
fc_NO2_N.01.mae,17,H17,H,5.659914,0.551282,-0.261648,0.0828896380131236,0.176552664264551,
fc_NO2_N.01.mae,18,H18,H,5.833842,0.786306,1.510169,0.117582818586675,0.178314338962692,
fc_NO2_N.01.mae,19,H19,H,1.503135,0.792812,1.194013,0.181161780283466,0.165860737480598,
fc_NO2_N.01.mae,20,H20,H,0.975654,-1.062198,-1.208672,0.133998038328622,0.175087216452795,
fc_NO2_N.01.mae,21,H21,H,-0.676827,1.159601,1.47475,0.188891093985704,0.181212519947755,
fc_NO2_N.01.mae,22,H22,H,-3.120617,1.428991,1.636454,0.208065967706431,0.208443678926941,
fc_NO2_N.01.mae,23,H23,H,-3.665546,-1.215401,-1.727825,0.203379717948645,0.211106575538009,
fc_NO2_N.01.mae,24,H24,H,-1.206394,-1.495127,-1.902876,0.183279835931094,0.188967737623877,
fc_NO2_A.01.mae,1,C1,C,5.348195,0.203649,0.726837,0.0179896494714302,-0.209934739902932,-0.000670601209837536
fc_NO2_A.01.mae,2,O2,O,3.924851,0.42751,0.90901,-0.49108220704588,-0.377962370907334,0.00671012832539926
fc_NO2_A.01.mae,3,C3,C,3.089763,-0.194016,0.052849,1.01514684413332,0.599342365069217,0.0111865386486531
fc_NO2_A.01.mae,4,O4,O,3.485775,-0.923992,-0.851645,-0.724162459846809,-0.656544300366018,0.0196900708587822
fc_NO2_A.01.mae,5,C5,C,1.678464,0.124922,0.35613,-0.551938013291292,-0.26058835480104,0.11091036869838
fc_NO2_A.01.mae,6,C6,C,0.687471,-0.402876,-0.390848,-0.138160699473765,-0.0992176269223096,-0.0267690768196271
fc_NO2_A.01.mae,7,C7,C,-0.754882,-0.192592,-0.231613,0.207554030681868,0.0248399650624954,0.125229324947631
fc_NO2_A.01.mae,8,C8,C,-1.312853,0.635133,0.768589,-0.118507579214408,-0.149987454638835,-0.0466022551636707
fc_NO2_A.01.mae,9,C9,C,-2.689086,0.794553,0.870474,-0.38389522311269,-0.242686928229274,0.105023198075249
fc_NO2_A.01.mae,10,C10,C,-3.515508,0.120638,-0.036709,0.274459506066929,0.105887968717314,-0.0500383444420216
fc_NO2_A.01.mae,11,N11,N,-4.967793,0.288434,0.069505,0.6528362876651,0.467662296600017,0.302539041743743
fc_NO2_A.01.mae,12,O12,O,-5.410143,1.024525,0.958515,-0.758980961636524,-0.662862919790577,0.189494149903931
fc_NO2_A.01.mae,13,O13,O,-5.687521,-0.313867,-0.734931,-0.767280698808365,-0.665984437130778,0.186921510098433
fc_NO2_A.01.mae,14,C14,C,-3.001803,-0.705438,-1.038646,-0.328046972169789,-0.233339180571075,0.129119445106235
fc_NO2_A.01.mae,15,C15,C,-1.620937,-0.85513,-1.128004,-0.204410573834437,-0.158046594752895,-0.0515151774381944
fc_NO2_A.01.mae,16,H16,H,5.579022,-0.859104,0.838079,0.0743822070130108,0.17211253639184,0.00058415860308684
fc_NO2_A.01.mae,17,H17,H,5.659914,0.551282,-0.261648,0.0746418885650985,0.172177802744443,0.00058751166578371
fc_NO2_A.01.mae,18,H18,H,5.833842,0.786306,1.510169,0.109942638451258,0.174466625620134,2.17590041553727e-06
fc_NO2_A.01.mae,19,H19,H,1.503135,0.792812,1.194013,0.17850125934256,0.147063832733065,-0.00555451733925475
fc_NO2_A.01.mae,20,H20,H,0.975654,-1.062198,-1.208672,0.134923377562931,0.158625963632294,0.000576229074415026
fc_NO2_A.01.mae,21,H21,H,-0.676827,1.159601,1.47475,0.169461254526174,0.160002788634575,0.00184641801012195
fc_NO2_A.01.mae,22,H22,H,-3.120617,1.428991,1.636454,0.198615336799402,0.183742032250501,-0.00504580420684503
fc_NO2_A.01.mae,23,H23,H,-3.665546,-1.215401,-1.727825,0.192938181128067,0.185147864245109,-0.00633625863236019
fc_NO2_A.01.mae,24,H24,H,-1.206394,-1.495127,-1.902876,0.165072927026815,0.166082866311987,0.00211176559154005
fc_OH_N.01.mae,1,C1,C,-5.005008,0.973376,1.019766,0.0310885823893492,-0.189136445427498,
fc_OH_N.01.mae,2,O2,O,-3.626319,1.261382,0.664098,-0.491283849904489,-0.367408465496096,
fc_OH_N.01.mae,3,C3,C,-2.782594,0.206344,0.585679,1.0042278971295,0.587167448292406,
fc_OH_N.01.mae,4,O4,O,-3.158667,-0.946464,0.801222,-0.707941980204201,-0.645456410824899,
fc_OH_N.01.mae,5,C5,C,-1.415187,0.617941,0.223605,-0.541816582897155,-0.255135626164599,
fc_OH_N.01.mae,6,C6,C,-0.447711,-0.323212,0.109975,-0.069714915700278,-0.0954809653327869,
fc_OH_N.01.mae,7,C7,C,0.966494,-0.18448,-0.225583,0.218083710644168,0.0433634519127459,
fc_OH_N.01.mae,8,C8,C,1.614954,1.039215,-0.514192,-0.201018615818951,-0.140661487792315,
fc_OH_N.01.mae,9,C9,C,2.972593,1.076526,-0.821786,-0.321571765309009,-0.235743756096063,
fc_OH_N.01.mae,10,C10,C,3.720352,-0.115968,-0.847276,0.537243047695342,0.308869265150763,
fc_OH_N.01.mae,11,O11,O,5.05322,-0.0317,-1.152893,-0.722777838930056,-0.602124987695908,
fc_OH_N.01.mae,12,C12,C,3.101236,-1.33934,-0.565936,-0.349328393262461,-0.229016246579745,
fc_OH_N.01.mae,13,C13,C,1.742968,-1.363788,-0.260931,-0.229182218421997,-0.151243076080176,
fc_OH_N.01.mae,14,H14,H,-5.051067,0.504247,2.006198,0.0729367819347041,0.174015983571226,
fc_OH_N.01.mae,15,H15,H,-5.458654,0.313505,0.275556,0.0729452079431307,0.173924243585734,
fc_OH_N.01.mae,16,H16,H,-5.509416,1.939881,1.031396,0.108194033630284,0.175465470841561,
fc_OH_N.01.mae,17,H17,H,-1.245295,1.679219,0.06458,0.19002543087613,0.156482040663762,
fc_OH_N.01.mae,18,H18,H,-0.762506,-1.349206,0.298685,0.107105115183528,0.159346743707848,
fc_OH_N.01.mae,19,H19,H,1.056468,1.972199,-0.502256,0.197647700545817,0.171752776672786,
fc_OH_N.01.mae,20,H20,H,3.463451,2.020708,-1.044458,0.197316471403382,0.178252630423329,
fc_OH_N.01.mae,21,H21,H,5.486007,-0.907108,-1.142435,0.507606073259098,0.429208955766456,
fc_OH_N.01.mae,22,H22,H,3.682779,-2.257892,-0.588329,0.197406721344076,0.176843961176322,
fc_OH_N.01.mae,23,H23,H,1.270355,-2.31898,-0.044298,0.19280938647009,0.176714495725131,
fc_OH_A.01.mae,1,C1,C,-5.005008,0.973376,1.019766,0.0696949400258559,-0.187105554912654,-0.00325556228158601
fc_OH_A.01.mae,2,O2,O,-3.626319,1.261382,0.664098,-0.560467811144192,-0.428822608969703,0.0242978287192225
fc_OH_A.01.mae,3,C3,C,-2.782594,0.206344,0.585679,0.989329643176166,0.571005648996769,0.190127807299734
fc_OH_A.01.mae,4,O4,O,-3.158667,-0.946464,0.801222,-0.853001300571022,-0.805053681912136,0.0672938486864791
fc_OH_A.01.mae,5,C5,C,-1.415187,0.617941,0.223605,-0.759379145499546,-0.375255063205591,0.101596866215199
fc_OH_A.01.mae,6,C6,C,-0.447711,-0.323212,0.109975,-0.236734407198249,-0.227655570870094,0.366788166688512
fc_OH_A.01.mae,7,C7,C,0.966494,-0.18448,-0.225583,0.276528495732934,0.0305645698038987,-0.0540575903610952
fc_OH_A.01.mae,8,C8,C,1.614954,1.039215,-0.514192,-0.247745695215374,-0.204736478777021,0.186298806686535
fc_OH_A.01.mae,9,C9,C,2.972593,1.076526,-0.821786,-0.38906620012753,-0.255884359397183,-0.0862259573513458
fc_OH_A.01.mae,10,C10,C,3.720352,-0.115968,-0.847276,0.508235103149915,0.275981586487055,0.177140716272954
fc_OH_A.01.mae,11,O11,O,5.05322,-0.0317,-1.152893,-0.77249297605731,-0.647001632718694,0.015278692509634
fc_OH_A.01.mae,12,C12,C,3.101236,-1.33934,-0.565936,-0.350677313947142,-0.25705373068897,-0.0685674030020901
fc_OH_A.01.mae,13,C13,C,1.742968,-1.363788,-0.260931,-0.353839248234164,-0.185501760812988,0.115674497901633
fc_OH_A.01.mae,14,H14,H,-5.051067,0.504247,2.006198,0.0520286207733726,0.15849445066286,0.00299060977362387
fc_OH_A.01.mae,15,H15,H,-5.458654,0.313505,0.275556,0.0521249271484329,0.158559473365818,0.00299648433905218
fc_OH_A.01.mae,16,H16,H,-5.509416,1.939881,1.031396,0.0864005663194718,0.161479290631036,-0.000114182684444436
fc_OH_A.01.mae,17,H17,H,-1.245295,1.679219,0.06458,0.180091717953764,0.102332597840332,-0.00739630936570929
fc_OH_A.01.mae,18,H18,H,-0.762506,-1.349206,0.298685,0.0798828271064287,0.102448845395682,-0.0206873923723036
fc_OH_A.01.mae,19,H19,H,1.056468,1.972199,-0.502256,0.173191151260729,0.141639006495039,-0.00976398294015387
fc_OH_A.01.mae,20,H20,H,3.463451,2.020708,-1.044458,0.193768127338163,0.153588782769904,0.00373506154701812
fc_OH_A.01.mae,21,H21,H,5.486007,-0.907108,-1.142435,0.495372847482217,0.419056496279775,-0.000642170340384645
fc_OH_A.01.mae,22,H22,H,3.682779,-2.257892,-0.588329,0.180101328898622,0.15210935313954,0.00301002704819915
fc_OH_A.01.mae,23,H23,H,1.270355,-2.31898,-0.044298,0.186653801628458,0.146810340397286,-0.00651886298869693
fc_H_N.01.mae,1,C1,C,4.77246,-0.918576,-0.151169,0.0119653136150777,-0.190877934044633,
fc_H_N.01.mae,2,O2,O,3.343237,-1.00954,-0.38449,-0.487099742149442,-0.360305917711635,
fc_H_N.01.mae,3,C3,C,2.559467,-0.087346,0.216905,1.01331059652112,0.588961021685857,
fc_H_N.01.mae,4,O4,O,3.017167,0.800302,0.935258,-0.707899016356828,-0.642277072657683,
fc_H_N.01.mae,5,C5,C,1.138282,-0.299974,-0.106832,-0.485535721329018,-0.242847615027275,
fc_H_N.01.mae,6,C6,C,0.18917,0.521709,0.393252,-0.177375117012282,-0.0828867605354355,
fc_H_N.01.mae,7,C7,C,-1.258487,0.459928,0.176948,0.346223486712579,0.0494931676589813,
fc_H_N.01.mae,8,C8,C,-2.063459,1.444034,0.789012,-0.298397357422906,-0.183572980132034,
fc_H_N.01.mae,9,C9,C,-3.450219,1.443188,0.622027,-0.080890521891662,-0.147454299754133,
fc_H_N.01.mae,10,C10,C,-4.058403,0.456181,-0.160365,-0.132896222297254,-0.158509413906536,
fc_H_N.01.mae,11,C11,C,-3.271365,-0.529433,-0.774497,-0.111679277154635,-0.142071224142948,
fc_H_N.01.mae,12,C12,C,-1.886741,-0.530216,-0.61031,-0.251926404597604,-0.179678448188048,
fc_H_N.01.mae,13,H13,H,5.152929,0.041212,-0.51031,0.0788058233196658,0.175051647844275,
fc_H_N.01.mae,14,H14,H,5.2095,-1.740855,-0.718823,0.114219981459671,0.176622406229292,
fc_H_N.01.mae,15,H15,H,4.988204,-1.029734,0.914721,0.0787138739348771,0.1751358186026,
fc_H_N.01.mae,16,H16,H,0.911883,-1.137793,-0.759405,0.178356741624138,0.15580984734831,
fc_H_N.01.mae,17,H17,H,0.529257,1.334281,1.035477,0.146670678538572,0.166856722157603,
fc_H_N.01.mae,18,H18,H,-1.594191,2.213312,1.398715,0.173991391198283,0.174256041536368,
fc_H_N.01.mae,19,H19,H,-4.053929,2.20948,1.101033,0.133253402165146,0.166226095676464,
fc_H_N.01.mae,20,H20,H,-5.137474,0.452035,-0.291802,0.137565996273368,0.169574694734843,
fc_H_N.01.mae,21,H21,H,-3.742422,-1.297736,-1.381977,0.136783328479913,0.164530367255775,
fc_H_N.01.mae,22,H22,H,-1.297602,-1.30433,-1.09417,0.183838766369225,0.167963835369904,
fc_H_A.01.mae,1,C1,C,4.77246,-0.918576,-0.151169,0.0532208360733597,-0.188591930170164,-0.00329616298356899
fc_H_A.01.mae,2,O2,O,3.343237,-1.00954,-0.38449,-0.558967511106509,-0.41979677749246,0.0246893457017417
fc_H_A.01.mae,3,C3,C,2.559467,-0.087346,0.216905,1.00734549151215,0.573578174209227,0.179238349607419
fc_H_A.01.mae,4,O4,O,3.017167,0.800302,0.935258,-0.855196950570577,-0.801876544482485,0.0671494608035967
fc_H_A.01.mae,5,C5,C,1.138282,-0.299974,-0.106832,-0.691588449467083,-0.362451769765327,0.122762712337156
fc_H_A.01.mae,6,C6,C,0.18917,0.521709,0.393252,-0.374842409295,-0.212123586775029,0.33730126489746
fc_H_A.01.mae,7,C7,C,-1.258487,0.459928,0.176948,0.418755333544916,0.0351017239882433,-0.0232549316389641
fc_H_A.01.mae,8,C8,C,-2.063459,1.444034,0.789012,-0.418235807708465,-0.219196333217462,0.104472258539981
fc_H_A.01.mae,9,C9,C,-3.450219,1.443188,0.622027,-0.0636410236919306,-0.167517850135753,-0.0479236846910279
fc_H_A.01.mae,10,C10,C,-4.058403,0.456181,-0.160365,-0.238025202464506,-0.228213098171646,0.189447534208944
fc_H_A.01.mae,11,C11,C,-3.271365,-0.529433,-0.774497,-0.142687006601107,-0.15322537477906,-0.0741322306394086
fc_H_A.01.mae,12,C12,C,-1.886741,-0.530216,-0.61031,-0.306521056989999,-0.244546718921652,0.165331409573033
fc_H_A.01.mae,13,H13,H,5.152929,0.041212,-0.51031,0.056475648995946,0.159487109246228,0.00298118654933415
fc_H_A.01.mae,14,H14,H,5.2095,-1.740855,-0.718823,0.0929562515590074,0.163319933580458,-0.000100460254114653
fc_H_A.01.mae,15,H15,H,4.988204,-1.029734,0.914721,0.0562846181002402,0.159327610939511,0.00300821380231802
fc_H_A.01.mae,16,H16,H,0.911883,-1.137793,-0.759405,0.168416846028897,0.102153648627825,-0.00837041917033085
fc_H_A.01.mae,17,H17,H,0.529257,1.334281,1.035477,0.130862410294219,0.109518065906172,-0.0191630434964348
fc_H_A.01.mae,18,H18,H,-1.594191,2.213312,1.398715,0.160595547418925,0.14246522177811,-0.00597322418268844
fc_H_A.01.mae,19,H19,H,-4.053929,2.20948,1.101033,0.109521865855333,0.139847239226328,0.00190753921222864
fc_H_A.01.mae,20,H20,H,-5.137474,0.452035,-0.291802,0.113556608438358,0.135749636224339,-0.0107249253246747
fc_H_A.01.mae,21,H21,H,-3.742422,-1.297736,-1.381977,0.125366211784791,0.139059933631403,0.00322971414230568
fc_H_A.01.mae,22,H22,H,-1.297602,-1.30433,-1.09417,0.156347748289029,0.137931686553175,-0.00857990699429084
