job,mae_sha256,input_file,input_sha256,output_file,output_sha256,atoms,molecular_charge,multiplicity,functional,basis,dispersion,geometry_optimised,solvation_keyword,solvent,solvation_model,continuum_dielectric,solvent_probe_radius_A,normal_completion,geometry_optimisation_complete,solvation_converged,final_gradient_max_au,final_gradient_rms_au,esp_fit_rms_error_au,final_S2,gas_phase_energy_au,solution_phase_energy_au,final_energy_au,solvation_energy_kcal,HOMO_au,LUMO_au,HOMO_eV,LUMO_eV,elapsed_seconds,dataset,substituent,role
wh_OMe_water.01.mae,6e476bddf592a37e140671f027084a73367ca9f196f9505c3eef7e8e38cdde79,wh_OMe_water.in,69a59e4e0e5690ff4ca2518b8f11eec2725c0e192c28156e9eede2ab4b8c1d2e,wh_OMe_water.out,e68ea4a2cd74b12483b0d54cc9f717ffcfde16ca942c355623d4731c1a6f5541,26,0,1,B3LYP-D3,6-31+g**,D3 (Grimme) via dftname,True,2,water,PBF Poisson-Boltzmann continuum,80.37,1.4,True,True,True,0.00044354,0.00011702,0.00104,,-652.116215038366,-652.127390630511,-652.127390630511,-7.01278990358279,-0.231221560442324,-0.0814473180544688,-6.291859189596138,-2.2162944302799823,1776.0,primary,OMe,neutral
wh_OMe_water_anion.01.mae,d73efc28d124a1107ccdfb85f9079d1d48672833cc224a3ffd75cb47d2c7a871,wh_OMe_water_anion.in,a157164c164d41829f01855593d89cf879c58b1451cb4a034c457d1a6d9f3786,wh_OMe_water_anion.out,cb3de5a1d0a3d93761ac8ea76721e2a89de6a17cfab6874bc69878d8f7564b2e,26,-1,2,b3lyp-d3,6-31+g**,D3 (Grimme) via dftname,False,2,water,PBF Poisson-Boltzmann continuum,80.37,1.4,True,False,True,,,0.00132,0.763,-652.126417239096,-652.22796679045,-652.22796679045,-63.7233051488669,,,,,623.0,primary,OMe,anion
coumarate_water.01.mae,e3c599be3b6966e73cc1d927a50df44c313240190e0068eeff966e3a1d31bb69,coumarate_water.in,59b285bc51add12f660213da75366afed25f61918b2fab422bd1e99c817408d2,coumarate_water.out,ba44a49783067cc0458ad6c690a515d16a47a79eafdeeaa02ceaa92403c3468f,23,0,1,B3LYP-D3,6-31+g**,D3 (Grimme) via dftname,True,2,water,PBF Poisson-Boltzmann continuum,80.37,1.4,True,True,True,0.00041621,0.00012072,0.0011,,-612.811127720278,-612.829831509283,-612.829831509283,-11.7368047257526,-0.234590862633338,-0.0815594462574041,-6.383542572895274,-2.2193455941191234,1362.0,primary,OH,neutral
coumarate_water_anion.01.mae,db96aa7dd830852fec4adc17ab377398bc8846b5ca3df0896ae1d5b1fdd52030,coumarate_water_anion.in,5fb56bacc998b18ccf70c073da8c1a21ee84287f776d733d70679336b8dfa215,coumarate_water_anion.out,f6966f357e562141f2529b698779d405ffe1bd6b9626d23b5aff0b3e680a6a77,23,-1,2,b3lyp-d3,6-31+g**,D3 (Grimme) via dftname,False,2,water,PBF Poisson-Boltzmann continuum,80.37,1.4,True,False,True,,,0.0015,0.763,-612.821797059651,-612.930121266858,-612.930121266858,-67.974465852513,,,,,363.0,primary,OH,anion
cinnamate_water.01.mae,de5a04ffc43c1323ba089d2e506fbd3ea242b25c2affdfc778ff955b9def7474,cinnamate_water.in,6a4c7b87a3afd8e83121094243ec6d392b22588eef9582a2e9a90d66f8347b87,cinnamate_water.out,ccd6aeae7bcdd970cc9aa795ddef83dea941915364cafc6b1bd3c77df85e0204,22,0,1,B3LYP-D3,6-31+g**,D3 (Grimme) via dftname,True,2,water,PBF Poisson-Boltzmann continuum,80.37,1.4,True,True,True,0.00041703,0.00010993,0.00116,,-537.582948167909,-537.591250095926,-537.591250095926,-5.20953844991107,-0.249323834783945,-0.0863826023802427,-6.784447168636825,-2.3505903583023864,898.0,primary,H,neutral
cinnamate_water_anion.01.mae,3ba27ef23520d8beb4119d5c2a4c15479fb61b20b371c6b5e1f72ba0c1d2d6db,cinnamate_water_anion.in,2bb56c148e4327d1e44e1b7bc84d8fe9827fe0300150c0de70b5f1c39a2ebb12,cinnamate_water_anion.out,5bb429af2f3d5c3a3e2a9aad83f8fa6d7c2dc813b01138dd473b3f42fb223770,22,-1,2,b3lyp-d3,6-31+g**,D3 (Grimme) via dftname,False,2,water,PBF Poisson-Boltzmann continuum,80.37,1.4,True,False,True,,,0.0016,0.76,-537.600469783946,-537.696331968999,-537.696331968999,-60.1544289358422,,,,,445.0,primary,H,anion
wh_Cl_water.01.mae,50fa29d5db52273594dc0f3046b34d4654b0e6587859f9294fb0d18d09d6126a,wh_Cl_water.in,0c659ddcac21da50cbb780f22ff24e321b716f7346661707230f8e316aa42894,wh_Cl_water.out,fcbf0f837527dc0f104f586dc57b9863a71ebb1cf21d2cd54c3e75882da84d61,22,0,1,B3LYP-D3,6-31+g**,D3 (Grimme) via dftname,True,2,water,PBF Poisson-Boltzmann continuum,80.37,1.4,True,True,True,0.00025569,6.5759e-05,0.00144,,-997.177428966862,-997.186054962544,-997.186054962544,-5.41289397870284,-0.249107896515614,-0.0901383209631846,-6.778571189011981,-2.452788667294053,1620.0,primary,Cl,neutral
wh_Cl_water_anion.01.mae,d1dff9c25f6c43d5008311f37887860d314eb0dab27219f4e917bfa53e961407,wh_Cl_water_anion.in,28ee5e269d310da2343a335fe7742e45d575b1c4a8c1d4a8c9ddde4b0862edfd,wh_Cl_water_anion.out,b41bcfbbd0e2333c1bc62af9a1b50cede347c11edf09145522eff22e194cdc68,22,-1,2,b3lyp-d3,6-31+g**,D3 (Grimme) via dftname,False,2,water,PBF Poisson-Boltzmann continuum,80.37,1.4,True,False,True,,,0.00166,0.76,-997.203657271916,-997.294620094357,-997.294620094357,-57.0800324994687,,,,,441.0,primary,Cl,anion
wh_CN_water.01.mae,226b5f9f13b8e325c1458eb2012f8760489c17e543ee17aee1e4fa172303146e,wh_CN_water.in,e2f080f452f909afb365037b42904e6c48d13884855ff55c4321cd3bdb790794,wh_CN_water.out,3848f1b1fa0e7b3c66dfe45f329ccd080240d8c29e771b38f3f24b24d4a6f4fa,23,0,1,B3LYP-D3,6-31+g**,D3 (Grimme) via dftname,True,2,water,PBF Poisson-Boltzmann continuum,80.37,1.4,True,True,True,0.00037481,0.00011078,0.0011,,-629.827124783508,-629.841015242286,-629.841015242286,-8.71639442566601,-0.260888184194882,-0.103721626287459,-7.099129147141396,-2.822409234970069,1695.0,primary,CN,neutral
wh_CN_water_anion.01.mae,5c2742def3679278c7ad8ecb38e5345dfa37306694d95ad4d23d619b7a87dd55,wh_CN_water_anion.in,064da223dbdb938ba8220de6e51a639ab215d9e8541c36da2bcfbf62b2fe8403,wh_CN_water_anion.out,20143b5eff2afd687d40831833e299541817d707c9f24a0e10b7ca33ae2c9b86,23,-1,2,b3lyp-d3,6-31+g**,D3 (Grimme) via dftname,False,2,water,PBF Poisson-Boltzmann continuum,80.37,1.4,True,False,True,,,0.0015,0.756,-629.873536078388,-629.961604123566,-629.961604123566,-55.2635323538893,,,,,513.0,primary,CN,anion
wh_NO2_water.01.mae,e288969dc3ac8d650dd4c9c1a01041e11d978a533415d804ce9fe25b1221b5d8,wh_NO2_water.in,2973c9332eb254afdaf81cdc24610f0eceebcc3710217f0805164e6f280f21e1,wh_NO2_water.out,5f5bfe80084f5a18a781c6b9b424726bf5d68c03b006a9245f4b8b3c2d60745a,24,0,1,B3LYP-D3,6-31+g**,D3 (Grimme) via dftname,True,2,water,PBF Poisson-Boltzmann continuum,80.37,1.4,True,True,True,0.0010321,0.00027501,0.00121,,-742.093862710463,-742.106718557934,-742.106718557934,-8.06716603305407,-0.266716848290896,-0.125138254258641,-7.257735177156155,-3.405185370780533,1834.0,primary,NO2,neutral
wh_NO2_water_anion.01.mae,99e27026386554afeb5fb56cdaa72f9529f3b23420e07af555d08351f032762e,wh_NO2_water_anion.in,764e61853cd19309b8d8bf2d54bb75f9b615a2e67eb9e2e3673019a7b0b5e0e9,wh_NO2_water_anion.out,b0e1ee8fe0eed30f4334933013ecb31793bf084df5ad27817c1b5f95b613480c,24,-1,2,b3lyp-d3,6-31+g**,D3 (Grimme) via dftname,False,2,water,PBF Poisson-Boltzmann continuum,80.37,1.4,True,False,True,,,0.00141,0.763,-742.15822649944,-742.25257299153,-742.25257299153,-59.203317247994,,,,,886.0,primary,NO2,anion
fc_OMe_N.01.mae,c81a5bae01b22af7bced49ced52911e9c3bbd725525500f2dd27f02d3fa940ff,fc_OMe_N.in,c9072d85cfbc8e117b61024281c3cee3fd8b7b074c5a5ee954ea01d1cea7d003,fc_OMe_N.out,2858ec9e1b98f600d616883db9a6da187a96c4445306c6203559efb429e93fef,26,0,1,B3LYP-D3,6-31+g**,D3 (Grimme) via dftname,False,2,water,PBF Poisson-Boltzmann continuum,80.37,1.4,True,False,True,,,0.00104,,-652.115482547651,-652.127337925624,-652.127337925624,-7.43936194849092,-0.231279345514613,-0.0814068659294453,-6.293431601517446,-2.215193671881497,322.0,fixed_geometry_check,OMe,neutral
fc_OMe_A.01.mae,eb8131b2c7de98633015127248ec318dda7ff82d0d1f5dc5fb35bdc220d9aa0d,fc_OMe_A.in,4e027216e6d2e055b3f3f4863e224f626c4bf6db9e9d0812f02271966291470e,fc_OMe_A.out,4ea3f49a696665796352f8ddea0ac79e65873b5b2bb72b04c6e8539d078a905b,26,-1,2,B3LYP-D3,6-31+g**,D3 (Grimme) via dftname,False,2,water,PBF Poisson-Boltzmann continuum,80.37,1.4,True,False,True,,,0.00132,0.763,-652.126417266065,-652.227966807075,-652.227966807075,-63.723298657965,,,,,547.0,fixed_geometry_check,OMe,anion
fc_Cl_N.01.mae,bfd42ef9eb9bc60a69aa8ce3ef19f8b2822660bbf8c0ea01f68cd0636b61827d,fc_Cl_N.in,5166b61929bf50c39bcffeee88623e25dfdc42b51bc0a524af1be8e1ecd5338a,fc_Cl_N.out,4271b6f9717ac908413fe02623d9fa758c5a3879693458ab0aeb189347c2334e,22,0,1,B3LYP-D3,6-31+g**,D3 (Grimme) via dftname,False,2,water,PBF Poisson-Boltzmann continuum,80.37,1.4,True,False,True,,,0.00144,,-997.176816149682,-997.186004517878,-997.186004517878,-5.76578805688579,-0.249216903584035,-0.0901850212864472,-6.781537422454328,-2.4540594478281643,297.0,fixed_geometry_check,Cl,neutral
fc_Cl_A.01.mae,44f0680898710f9cfcae4898992513281bad3aba48677ef2748cc98a840779e6,fc_Cl_A.in,34276db2bc5faf6c132018ecddb44042482c09c595254e70b709b162dcda795c,fc_Cl_A.out,345ad1aba99d65e7ac097b4c40bfdafcdea107c891fe66786071cf45e437794f,22,-1,2,B3LYP-D3,6-31+g**,D3 (Grimme) via dftname,False,2,water,PBF Poisson-Boltzmann continuum,80.37,1.4,True,False,True,,,0.00166,0.76,-997.203657268609,-997.294619963201,-997.294619963201,-57.0799522736309,,,,,392.0,fixed_geometry_check,Cl,anion
fc_CN_N.01.mae,c6acf2d0bafab194c9eb4cacfe3a796ff382f285659b0f6215b6841382114393,fc_CN_N.in,97eb576788a41a62b8bed12edf58d464b73e57c616260139875d183b99629815,fc_CN_N.out,da9ea35b281be38fc0b989d2ab39ba4b6209efc12c4d6294236d0c4b6d2bdcd6,23,0,1,B3LYP-D3,6-31+g**,D3 (Grimme) via dftname,False,2,water,PBF Poisson-Boltzmann continuum,80.37,1.4,True,False,True,,,0.0011,,-629.826595875825,-629.841085499261,-629.841085499261,-9.09237592312206,-0.260742609868943,-0.103588705763019,-7.09516786793077,-2.818792283239513,277.0,fixed_geometry_check,CN,neutral
fc_CN_A.01.mae,d39988ef389bf8f5efb0027f3b9c77ab222d9e07d78da97ea421ee44ad7a3fa9,fc_CN_A.in,d6b99acd074ebed1383a8f601f2362715fb058586c5c951dd22325c880e19cae,fc_CN_A.out,969f7b9b88744674acf5d6fb14560c801983c061dffde8861c6836e0bca80c58,23,-1,2,B3LYP-D3,6-31+g**,D3 (Grimme) via dftname,False,2,water,PBF Poisson-Boltzmann continuum,80.37,1.4,True,False,True,,,0.0015,0.756,-629.873536106029,-629.961606459111,-629.961606459111,-55.2649805854145,,,,,458.0,fixed_geometry_check,CN,anion
fc_NO2_N.01.mae,ac0d68b22f5f64b646e4c86c9c264b5b1995a320f6f02eda5a37d6fa322674f3,fc_NO2_N.in,99458ee3df3e211f62f9dd612659a82024799bd8565c62b18c62b784dc39b763,fc_NO2_N.out,6c0a6e5023b3ab21179d0a6e10004f9b09b6068b4795703e9076590fd084356e,24,0,1,B3LYP-D3,6-31+g**,D3 (Grimme) via dftname,False,2,water,PBF Poisson-Boltzmann continuum,80.37,1.4,True,False,True,,,0.00121,,-742.093247687643,-742.106794813311,-742.106794813311,-8.50094964835887,-0.266582508517001,-0.125147134258507,-7.2540796056804995,-3.4054270078867503,301.0,fixed_geometry_check,NO2,neutral
fc_NO2_A.01.mae,eefe2a9ca3e8190769832c0b0042d7ec9f9f78aeca23795628906e997ebb0812,fc_NO2_A.in,f86966b39b6a669240ec37d068829bdce12f514d5cca61153ff235d97d60e044,fc_NO2_A.out,191002b04153f69e9dcf41225a0abf6f4543c2413b4186983441577ddafa6d2a,24,-1,2,B3LYP-D3,6-31+g**,D3 (Grimme) via dftname,False,2,water,PBF Poisson-Boltzmann continuum,80.37,1.4,True,False,True,,,0.00141,0.763,-742.158226583304,-742.252573489475,-742.252573489475,-59.2035770871012,,,,,759.0,fixed_geometry_check,NO2,anion
fc_OH_N.01.mae,3e9a1a91300d31c52492e7a2fc4250af74d1ad9a4626b4ad4232fe3d820273b5,fc_OH_N.in,34e3e811d53800e2e2325d8c97bfd249cbe32cdc1c16082bc91e85697b2122c4,fc_OH_N.out,f9731e392d7f352ce407d748595a3c3e5284ac1d3ba7a8befee825d81d5caf6c,23,0,1,B3LYP-D3,6-31+g**,D3 (Grimme) via dftname,False,2,water,PBF Poisson-Boltzmann continuum,80.37,1.4,True,False,True,,,0.0011,,-612.80975934215,-612.829917999349,-612.829917999349,-12.6497482946987,-0.234568615449,-0.0816069101901322,-6.382937196169367,-2.2206371535253413,428.0,fixed_geometry_check,OH,neutral
fc_OH_A.01.mae,6eb4a9f25c8e9ff9685b9e5454391e1fc00d40b525c1b89451af25702169c1e8,fc_OH_A.in,1f9a95f46573908e5294f8e0c3eb29ce93620cfb4ff327b872b946f04252fb03,fc_OH_A.out,6d6a1dd9d14257d1504161a1abee27f595e5dec4d516533c35600960ed8a752a,23,-1,2,B3LYP-D3,6-31+g**,D3 (Grimme) via dftname,False,2,water,PBF Poisson-Boltzmann continuum,80.37,1.4,True,False,True,,,0.0015,0.763,-612.821797650882,-612.930121452187,-612.930121452187,-67.9742111453603,,,,,434.0,fixed_geometry_check,OH,anion
fc_H_N.01.mae,b4c86d7e27560ad31beff4b04cbdaf1f5469e966b342f556686f434f4a6caed9,fc_H_N.in,97412f8a9ed0404e44a2c50d0ca1af8ba567c07c7a8c33246d921b8d7be32179,fc_H_N.out,4b205a06ae03206def46aaa83180d217387d324535a6fc4ed9db64a49727f237,22,0,1,B3LYP-D3,6-31+g**,D3 (Grimme) via dftname,False,2,water,PBF Poisson-Boltzmann continuum,80.37,1.4,True,False,True,,,0.00116,,-537.582471893824,-537.591265751678,-537.591265751678,-5.51822908130032,-0.249348942262514,-0.0864451693867717,-6.785130377933829,-2.3522928932833023,285.0,fixed_geometry_check,H,neutral
fc_H_A.01.mae,b3383a444568cb145a9b6b9f91ad1d377570df475fd72ec9f141053709cb49dc,fc_H_A.in,ffbbaf8fdd638f24e2fb256cc6dd96c07affcd4f4ab745248eb4f89cde8c903c,fc_H_A.out,631bc18025b6d7c362f7ea9358c35bd6e95a6783933c8dda2df29a5dd3e7ecc1,22,-1,2,B3LYP-D3,6-31+g**,D3 (Grimme) via dftname,False,2,water,PBF Poisson-Boltzmann continuum,80.37,1.4,True,False,True,,,0.0016,0.76,-537.600469824357,-537.696331838423,-537.696331838423,-60.1543216398489,,,,,514.0,fixed_geometry_check,H,anion
