compound,FP2,FP3,FP2_percentile,FP3_percentile,FP2_z,FP3_z,FP2_rank,FP3_rank,heavy_atoms,MW,cLogP,TPSA,HBD,HBA,rotatable_bonds,formal_charge,raw_mean,raw_worse,mean_percentile,worse_percentile,mean_z,rank_sum,percentile_difference_FP3_minus_FP2,score_per_heavy_atom,size_scaled_rank,raw_mean_rank,raw_worse_rank,mean_percentile_rank,worse_percentile_rank,mean_z_rank,rank_sum_rank,n_dominating_parents
SANC00370,-8.54642795991969,-8.94965720019399,98.85714285714286,99.45054945054946,-2.788417025113788,-3.060124685503338,2.0,1.0,44,624.5920000000004,-1.0159000000000016,245.29,9,15,10,0,-8.74804258005684,-8.54642795991969,99.15384615384616,98.85714285714286,-2.924270855308563,3.0,0.5934065934065984,-0.19881914954674637,64.0,2.0,1.0,1.0,1.0,1.0,1.0,0
SANC01049,-9.77025391794391,-7.76415573397766,99.42857142857143,97.8021978021978,-3.5563277823401904,-2.203953142396778,1.0,4.0,50,702.6620000000001,-1.103579999999997,263.11,8,16,10,0,-8.767204825960786,-7.76415573397766,98.61538461538461,97.8021978021978,-2.8801404623684843,5.0,-1.6263736263736348,-0.1753440965192157,90.0,1.0,3.0,2.0,2.0,2.0,2.0,0
SANC00964,-8.05786691981042,-8.45792496190345,97.71428571428571,98.9010989010989,-2.481860953311458,-2.704994674069317,4.0,2.0,49,686.6630000000001,-0.8091799999999958,242.87999999999997,7,15,10,0,-8.257895940856935,-8.05786691981042,98.3076923076923,97.71428571428571,-2.593427813690387,6.0,1.1868131868131968,-0.16852848858891703,96.0,3.0,2.0,3.0,3.0,3.0,3.0,1
SANC01067,-8.12310617372954,-6.98141688420907,98.28571428571429,94.5054945054945,-2.522796451165087,-1.638657570899326,3.0,10.0,46,652.6460000000005,-0.409899999999999,223.29,7,15,12,0,-7.5522615289693045,-6.98141688420907,96.3956043956044,94.5054945054945,-2.0807270110322067,13.0,-3.780219780219795,-0.16417959845585445,103.0,4.0,4.0,4.0,5.0,4.0,4.5,2
SANC00853,-6.78322005746305,-7.44769796935185,96.0,96.7032967032967,-1.6820617409776597,-1.9754067083442954,7.0,6.0,26,360.3180000000001,1.7612999999999996,144.52,5,7,6,0,-7.115459013407451,-6.78322005746305,96.35164835164835,96.0,-1.8287342246609777,13.0,0.7032967032967008,-0.2736715005156712,18.0,5.0,6.0,5.0,4.0,5.0,4.5,3
SANC00711,-6.30761609938356,-7.53721702849939,94.28571428571428,97.25274725274726,-1.3836358143219454,-2.040057552895685,10.0,5.0,39,540.5210000000002,1.423319999999999,183.96,5,11,7,0,-6.922416563941475,-6.30761609938356,95.76923076923077,94.28571428571428,-1.711846683608815,15.0,2.967032967032978,-0.17749786061388398,88.0,6.0,9.0,6.0,6.0,6.0,6.0,3
SANC00548,-6.88189950619245,-6.93301472355866,96.57142857142857,93.95604395604396,-1.7439798672435989,-1.603701433134254,6.0,11.0,45,634.851,3.1137000000000006,156.91,6,9,8,0,-6.907457114875555,-6.88189950619245,95.26373626373626,93.95604395604396,-1.6738406501889265,17.0,-2.615384615384613,-0.15349904699723457,116.0,7.0,5.0,7.0,7.0,7.0,7.0,4
SANC01001,-5.94831241501969,-7.35588054867008,92.0,96.15384615384616,-1.158184505232589,-1.909095982470566,14.0,7.0,35,494.49300000000017,-1.1998999999999995,175.37,6,11,6,0,-6.652096481844885,-5.94831241501969,94.07692307692308,92.0,-1.5336402438515775,21.0,4.15384615384616,-0.19005989948128243,71.0,8.0,11.0,8.0,8.0,8.0,8.0,5
SANC00412,-6.54551451165323,-6.70440586918769,94.85714285714286,91.75824175824175,-1.5329092863472424,-1.438599658743956,9.0,15.0,39,540.5210000000002,1.4233199999999997,183.96,5,11,7,0,-6.62496019042046,-6.54551451165323,93.3076923076923,91.75824175824175,-1.4857544725455991,24.0,-3.098901098901109,-0.1698707741133451,94.0,9.0,7.0,9.0,9.0,9.0,9.0,6
SANC00867,-6.69337833291074,-6.50951400698239,95.42857142857143,90.10989010989012,-1.6256889975502604,-1.297848363905174,8.0,18.0,43,594.5250000000004,1.7253999999999994,216.58,7,13,7,0,-6.6014461699465645,-6.50951400698239,92.76923076923077,90.10989010989012,-1.4617686807277173,26.0,-5.318681318681314,-0.1535220039522457,115.0,10.0,8.0,10.0,10.0,10.0,10.0,6
SANC00893,-5.71866350424682,-7.02763492935218,89.14285714285714,95.6043956043956,-1.014087325554755,-1.6720363360524724,19.0,8.0,40,554.5480000000002,1.7263199999999994,172.96,4,11,8,0,-6.3731492167995,-5.71866350424682,92.37362637362637,89.14285714285714,-1.3430618308036135,27.0,6.461538461538467,-0.1593287304199875,108.0,11.0,13.0,11.0,11.0,11.0,11.0,6
SANC00519,-6.11792524437502,-6.36250072658163,93.71428571428572,89.01098901098901,-1.2646110076053934,-1.191675077135989,11.0,20.0,21,286.283,2.7081000000000013,86.99000000000001,3,5,4,0,-6.240212985478325,-6.11792524437502,91.36263736263737,89.01098901098901,-1.2281430423706912,31.0,-4.703296703296715,-0.2971529993084917,11.0,13.0,10.0,12.0,12.0,14.0,12.0,9
SANC00658,-5.49565029447924,-6.8606331930417,85.71428571428572,93.4065934065934,-0.8741538312034904,-1.5514273462257764,25.0,12.0,20,280.31999999999994,0.7529000000000001,83.83,2,5,2,0,-6.17814174376047,-5.49565029447924,89.56043956043956,85.71428571428572,-1.2127905887146335,37.0,7.692307692307679,-0.3089070871880235,8.0,15.0,18.0,13.0,15.0,15.0,13.0,9
SANC00251,-6.90774384539357,-5.72312986706461,97.14285714285714,81.31868131868131,-1.7601963447221352,-0.7299201565308011,5.0,34.0,23,319.3170000000001,-1.5163000000000004,130.3,4,7,2,0,-6.3154368562290895,-5.72312986706461,89.23076923076923,81.31868131868131,-1.2450582506264682,39.0,-15.824175824175825,-0.2745842111403952,17.0,12.0,12.0,14.0,17.0,13.0,14.0,4
SANC00369,-5.53626442596527,-6.34036165281735,86.28571428571429,88.46153846153845,-0.8996378702198563,-1.175686193538729,24.0,21.0,33,450.5310000000002,5.293100000000006,104.06,3,6,3,0,-5.938313039391311,-5.53626442596527,87.37362637362637,86.28571428571429,-1.0376620318792926,45.0,2.175824175824161,-0.17994887998155487,86.0,16.0,17.0,15.0,14.0,16.0,15.0,12
SANC00292,-5.69951013459158,-6.14581185413666,86.85714285714286,86.81318681318682,-1.0020692126041704,-1.0351819376653573,23.0,24.0,44,624.7680000000004,2.338100000000001,153.37,4,11,4,0,-5.92266099436412,-5.69951013459158,86.83516483516485,86.81318681318682,-1.018625575134764,47.0,-0.0439560439560438,-0.13460593169009363,137.0,17.0,15.0,16.0,13.0,17.0,16.0,12
SANC01112,-5.70494234927698,-6.05622498795181,88.0,84.61538461538461,-1.0054777496311316,-0.9704821227352529,21.0,28.0,24,322.36400000000003,2.951200000000001,85.35000000000001,4,3,5,0,-5.8805836686143955,-5.70494234927698,86.3076923076923,84.61538461538461,-0.9879799361831922,49.0,-3.384615384615387,-0.2450243195255998,41.0,18.0,14.0,17.0,16.0,18.0,17.0,12
SANC00582,-4.68963907989982,-7.78127170666753,70.85714285714286,98.35164835164835,-0.3684081587388396,-2.216314332295958,51.0,3.0,49,686.7990000000002,3.240600000000002,164.87,2,12,9,0,-6.235455393283675,-4.68963907989982,84.6043956043956,70.85714285714286,-1.2923612455173987,54.0,27.49450549450549,-0.12725419169966684,141.0,14.0,39.0,18.0,32.0,12.0,18.0,2
SANC00248,-4.87880131849992,-6.66422778245897,77.14285714285715,91.20879120879121,-0.4871012759501756,-1.4095829637048625,40.0,16.0,30,408.58200000000016,6.725700000000007,51.21,0,3,12,0,-5.771514550479445,-4.87880131849992,84.17582417582418,77.14285714285715,-0.948342119827519,56.0,14.065934065934059,-0.19238381834931484,67.0,19.0,32.0,19.0,24.0,20.0,19.0,11
SANC00523,-5.70236087923912,-5.69644411611361,87.42857142857143,80.21978021978022,-1.0038579616224426,-0.7106476535253046,22.0,36.0,23,314.293,2.4707,96.22,3,6,2,0,-5.699402497676365,-5.69644411611361,83.82417582417582,80.21978021978022,-0.8572528075738736,58.0,-7.208791208791212,-0.24780010859462456,34.0,21.0,16.0,20.0,18.0,22.0,20.0,14
SANC00891,-5.76830003092253,-5.46808847868749,89.71428571428571,75.82417582417582,-1.045232622429459,-0.5457287529218312,18.0,44.0,38,540.5180000000005,-0.6342000000000009,201.67,6,13,9,0,-5.61819425480501,-5.46808847868749,82.76923076923077,75.82417582417582,-0.7954806876756451,62.0,-13.890109890109883,-0.1478472172317108,125.0,23.0,19.0,21.0,26.0,24.0,21.0,12
SANC00716,-4.71395008662492,-6.80751967787706,71.42857142857143,92.85714285714286,-0.3836625202440877,-1.513068658755351,50.0,13.0,25,342.4790000000001,5.079100000000005,51.21,0,3,9,0,-5.76073488225099,-4.71395008662492,82.14285714285714,71.42857142857143,-0.9483655894997194,63.0,21.42857142857143,-0.23042939529003958,50.0,20.0,37.0,22.0,31.0,19.0,22.0,10
SANC00994,-5.22568257063925,-5.62419272593164,84.0,79.12087912087912,-0.7047579151572708,-0.6584675542284867,28.0,38.0,19,264.321,1.4923999999999995,66.76,2,4,0,0,-5.424937648285445,-5.22568257063925,81.56043956043956,79.12087912087912,-0.6816127346928788,66.0,-4.879120879120876,-0.28552303412028657,14.0,27.0,20.0,23.0,20.0,28.0,23.0,18
SANC00661,-4.98156357520427,-5.84617649766776,79.42857142857143,82.96703296703296,-0.551581230671458,-0.8187846806159516,36.0,31.0,22,304.34200000000004,2.273000000000001,69.67,0,5,3,0,-5.413870036436015,-4.98156357520427,81.19780219780219,79.42857142857143,-0.6851829556437048,67.0,3.538461538461533,-0.24608500165618252,39.0,28.0,28.0,24.0,19.0,27.0,24.5,16
SANC00662,-4.62969224467637,-6.74378982592125,69.71428571428571,92.3076923076923,-0.3307934805013524,-1.4670428315034412,53.0,14.0,19,262.30499999999995,1.7022,63.6,1,4,2,0,-5.686741035298811,-4.62969224467637,81.01098901098901,69.71428571428571,-0.8989181560023968,67.0,22.5934065934066,-0.29930215975256896,10.0,22.0,42.0,25.0,33.0,21.0,24.5,12
SANC00521,-5.15152726628992,-5.56080205965125,82.85714285714285,77.47252747252747,-0.6582278873033255,-0.6126866875535139,30.0,41.0,19,256.257,2.699500000000001,77.76,3,4,3,0,-5.356164662970585,-5.15152726628992,80.16483516483515,77.47252747252747,-0.6354572874284197,71.0,-5.384615384615373,-0.2819034033142413,15.0,30.0,22.0,26.0,23.0,31.0,26.5,19
SANC00314,-5.10076447098912,-5.60475208633713,81.71428571428572,78.57142857142857,-0.6263758937067043,-0.6444274852155539,32.0,39.0,27,380.4370000000001,0.9039,113.29,3,7,1,0,-5.352758278663124,-5.10076447098912,80.14285714285714,78.57142857142857,-0.6354016894611292,71.0,-3.142857142857153,-0.19825030661715276,65.0,31.0,25.0,27.0,21.0,32.0,26.5,19
SANC01026,-4.89699028871557,-5.71252279163473,77.71428571428571,80.76923076923077,-0.49851425979799174,-0.7222597053230668,39.0,35.0,14,190.242,2.3672000000000004,34.14,0,2,2,0,-5.30475654017515,-4.89699028871557,79.24175824175825,77.71428571428571,-0.6103869825605293,74.0,3.0549450549450654,-0.37891118144108216,2.0,35.0,31.0,28.0,22.0,33.0,28.0,18
SANC00529,-6.09498932029085,-5.12609482641292,93.14285714285714,64.83516483516483,-1.2502194654782781,-0.29874024945326055,12.0,64.0,24,330.29200000000003,2.1763000000000003,116.45000000000002,4,7,2,0,-5.610542073351885,-5.12609482641292,78.98901098901098,64.83516483516483,-0.7744798574657693,76.0,-28.307692307692307,-0.2337725863896619,47.0,24.0,24.0,29.0,41.0,25.0,29.5,11
SANC00244,-4.8473068373243,-5.83940982881969,74.85714285714286,82.41758241758241,-0.46733951919918487,-0.8138977787651814,44.0,32.0,23,314.29300000000006,2.470700000000001,96.22,3,6,2,0,-5.343358333071995,-4.8473068373243,78.63736263736263,74.85714285714286,-0.6406186489821831,76.0,7.560439560439548,-0.23231992752486935,49.0,33.0,33.0,30.0,27.0,30.0,29.5,18
SANC00999,-5.17305710476235,-5.32949427782347,83.42857142857143,73.07692307692308,-0.6717371567022337,-0.4456357423259966,29.0,49.0,25,351.399,0.1636000000000002,96.3,2,7,0,0,-5.251275691292911,-5.17305710476235,78.25274725274726,73.07692307692308,-0.5586864495141152,78.0,-10.35164835164835,-0.21005102765171643,57.0,39.0,21.0,31.0,28.0,39.0,31.5,20
SANC00560,-5.04124761575959,-5.48506042822644,80.0,76.37362637362637,-0.589031013850726,-0.5579859290117657,35.0,43.0,16,226.228,-0.0532999999999999,75.99000000000001,2,5,2,0,-5.2631540219930155,-5.04124761575959,78.18681318681318,76.37362637362637,-0.5735084714312458,78.0,-3.626373626373635,-0.32894712637456347,5.0,38.0,26.0,32.0,25.0,38.0,31.5,21
SANC00657,-4.60335616542946,-6.15506708889585,67.42857142857143,87.36263736263736,-0.3142684522289344,-1.0418660868219831,57.0,23.0,20,278.304,0.6729999999999998,83.83,2,5,2,0,-5.379211627162655,-4.60335616542946,77.3956043956044,67.42857142857143,-0.6780672695254588,80.0,19.934065934065927,-0.2689605813581327,26.0,29.0,46.0,33.0,37.0,29.0,33.5,18
SANC00561,-4.49615283486312,-6.61350800985346,64.0,90.65934065934066,-0.2470018689270944,-1.372953041924783,63.0,17.0,19,268.265,0.5174999999999998,82.06,1,6,3,0,-5.55483042235829,-4.49615283486312,77.32967032967034,64.0,-0.8099774554259387,80.0,26.659340659340657,-0.29235949591359417,12.0,25.0,53.0,34.0,43.0,23.0,33.5,15
SANC00146,-4.49727432423716,-6.36962047546396,64.57142857142857,89.56043956043956,-0.24770556682530726,-1.1968169740975936,62.0,19.0,22,298.4700000000001,5.176400000000005,17.07,0,1,1,0,-5.43344739985056,-4.49727432423716,77.06593406593407,64.57142857142857,-0.7222612704614504,81.0,24.989010989010993,-0.24697488181138907,36.0,26.0,52.0,35.0,42.0,26.0,35.0,16
SANC00699,-5.13102591658484,-5.25924575983364,82.28571428571428,68.13186813186813,-0.6453639609639895,-0.39490212135439123,31.0,58.0,25,350.4550000000001,2.4137000000000004,86.99,3,5,1,0,-5.19513583820924,-5.13102591658484,75.20879120879121,68.13186813186813,-0.5201330411591903,89.0,-14.153846153846146,-0.2078054335283696,61.0,42.0,23.0,36.0,35.0,44.0,36.5,22
SANC00962,-4.60942529937518,-5.79176871209259,68.0,81.86813186813187,-0.318076635258072,-0.7794912684520865,56.0,33.0,22,306.358,1.753,72.83000000000001,1,5,1,0,-5.200597005733885,-4.60942529937518,74.93406593406593,68.0,-0.5487839518550792,89.0,13.868131868131869,-0.23639077298790384,44.0,41.0,45.0,37.0,36.0,40.0,36.5,22
SANC00258,-4.82097760848341,-5.5363109705518,72.57142857142857,76.92307692307692,-0.45081878933246733,-0.5949991737509709,48.0,42.0,21,284.267,2.462100000000001,86.99000000000001,3,5,1,0,-5.178644289517605,-4.82097760848341,74.74725274725274,72.57142857142857,-0.5229089815417192,90.0,4.35164835164835,-0.24660210902464785,37.0,43.0,36.0,38.0,29.0,43.0,38.0,25
SANC00104,-4.62728982876718,-5.68931814892848,68.57142857142857,79.67032967032968,-0.3292860431015304,-0.7055012656929122,55.0,37.0,20,270.284,3.0025000000000013,66.75999999999999,2,4,4,0,-5.15830398884783,-4.62728982876718,74.12087912087912,68.57142857142857,-0.5173936543972213,92.0,11.09890109890111,-0.2579151994423915,29.0,44.0,44.0,39.0,34.0,45.0,39.0,25
SANC00367,-5.70779512632587,-4.94899458635144,88.57142857142857,58.791208791208796,-1.0072677739147706,-0.1708380999081245,20.0,75.0,32,434.53200000000015,5.587500000000006,83.83000000000001,2,5,3,0,-5.3283948563386545,-4.94899458635144,73.68131868131869,58.791208791208796,-0.5890529369114476,95.0,-29.780219780219774,-0.16651233926058295,99.0,34.0,30.0,40.0,48.0,36.0,40.0,15
SANC00435,-4.82847960657559,-5.32275316018402,73.71428571428571,72.52747252747253,-0.4555260477444212,-0.44076729360947886,46.0,50.0,28,374.3480000000001,3.252040000000002,108.73999999999998,2,6,1,0,-5.075616383379805,-4.82847960657559,73.12087912087912,72.52747252747253,-0.44814667067695,96.0,-1.1868131868131826,-0.1812720136921359,84.0,46.0,34.0,41.0,30.0,48.0,41.5,28
SANC00253,-5.23202535717471,-5.02039337872938,84.57142857142857,61.53846153846154,-0.7087378062352755,-0.22240245135618125,27.0,70.0,23,314.293,2.4707,96.22,3,6,2,0,-5.126209367952045,-5.02039337872938,73.05494505494505,61.53846153846154,-0.46557012879572834,97.0,-23.03296703296703,-0.22287866817182805,51.0,45.0,27.0,42.0,45.0,47.0,43.0,20
SANC00797,-4.33645462047861,-6.19291930351951,57.714285714285715,87.91208791208791,-0.14679646314072112,-1.0692030323491564,74.0,22.0,25,351.39900000000006,0.1652,96.3,2,7,1,0,-5.264686961999059,-4.33645462047861,72.81318681318682,57.714285714285715,-0.6079997477449387,96.0,30.197802197802197,-0.21058747847996237,55.0,37.0,61.0,43.0,50.0,34.0,41.5,20
SANC00736,-5.99949365003189,-4.69580301070901,92.57142857142857,52.19780219780219,-1.1902990560609208,0.01201736522362708,13.0,87.0,28,382.54400000000015,7.078400000000007,39.44,0,3,11,0,-5.3476483303704505,-4.69580301070901,72.38461538461539,52.19780219780219,-0.5891408454186469,100.0,-40.37362637362638,-0.19098744037037324,69.0,32.0,38.0,44.0,57.0,35.0,44.0,12
SANC00965,-5.87754805152229,-4.67376480313398,90.85714285714286,51.64835164835164,-1.1137821818453144,0.027933403056154937,16.0,88.0,38,524.5220000000002,1.7177199999999992,163.73000000000002,4,10,7,0,-5.275656427328135,-4.67376480313398,71.25274725274726,51.64835164835164,-0.5429243893945798,104.0,-39.20879120879122,-0.13883306387705618,134.0,36.0,41.0,45.0,58.0,41.0,46.0,14
SANC00871,-4.29298567371279,-6.14165240001086,55.42857142857143,86.26373626373626,-0.11952112091749797,-1.0321779715304744,78.0,25.0,18,248.322,2.2114000000000003,46.53,1,3,0,0,-5.217319036861825,-4.29298567371279,70.84615384615384,55.42857142857143,-0.5758495462239862,103.0,30.835164835164832,-0.28985105760343477,13.0,40.0,64.0,46.0,53.0,37.0,45.0,23
SANC00612,-4.59221956234546,-5.44115502566187,66.28571428571428,74.17582417582418,-0.3072805980728002,-0.526277358979881,59.0,47.0,21,284.267,2.462100000000001,86.99000000000001,3,5,1,0,-5.016687294003665,-4.59221956234546,70.23076923076923,66.28571428571428,-0.4167789785263406,106.0,7.890109890109898,-0.23888987114303167,42.0,49.0,47.0,47.0,38.0,49.0,47.0,34
SANC00243,-5.06563382627781,-4.95417134812675,80.57142857142857,59.34065934065934,-0.604332563276235,-0.17457676767342734,34.0,74.0,24,328.32000000000005,2.7737000000000007,85.22,2,6,3,0,-5.00990258720228,-4.95417134812675,69.95604395604396,59.34065934065934,-0.38945466547483115,108.0,-21.230769230769226,-0.20874594113342834,60.0,50.0,29.0,48.0,47.0,51.0,48.0,26
SANC00350,-4.5536710525328,-5.20178957168923,65.71428571428571,66.4835164835165,-0.28309266908984315,-0.3534071467242678,60.0,61.0,22,298.29400000000004,2.765100000000001,75.99000000000001,2,5,2,0,-4.877730312111015,-4.5536710525328,66.09890109890111,65.71428571428571,-0.3182499079070555,121.0,0.7692307692307878,-0.22171501418686432,52.0,54.0,49.0,49.0,39.0,53.0,49.5,38
SANC00581,-4.54302572217965,-5.22442607455718,65.14285714285715,67.03296703296704,-0.27641307250275193,-0.36975527462059593,61.0,60.0,49,686.7990000000002,3.240600000000001,164.87,2,12,9,0,-4.883725898368415,-4.54302572217965,66.08791208791209,65.14285714285715,-0.32308417356167396,121.0,1.8901098901098834,-0.09966787547690643,160.0,53.0,50.0,50.0,40.0,52.0,49.5,38
SANC00373,-5.23751040744154,-4.55955658479796,85.14285714285714,46.15384615384615,-0.7121794958613286,0.11041480802673131,26.0,98.0,33,450.5310000000002,5.294700000000005,104.06,3,6,4,0,-4.89853349611975,-4.55955658479796,65.64835164835165,46.15384615384615,-0.3008823439172986,124.0,-38.989010989010985,-0.14844040897332578,121.0,52.0,48.0,51.0,71.0,54.0,52.0,23
SANC00737,-4.6738071431481,-5.0136819222078,70.28571428571428,60.98901098901099,-0.358474136290908,-0.21755542395864197,52.0,71.0,29,398.5430000000002,6.050800000000007,59.67,1,4,12,0,-4.84374453267795,-4.6738071431481,65.63736263736263,60.98901098901099,-0.288014780124775,123.0,-9.296703296703285,-0.16702567354061895,97.0,56.0,40.0,52.0,46.0,55.0,51.0,35
SANC00118,-4.82353046469146,-4.88112800316777,73.14285714285714,57.14285714285714,-0.45242062309891123,-0.12182471704392382,47.0,78.0,25,351.3990000000001,0.1652,96.3,2,7,1,0,-4.852329233929615,-4.82353046469146,65.14285714285714,57.14285714285714,-0.2871226700714175,125.0,-16.0,-0.19409316935718463,66.0,55.0,35.0,53.0,51.5,56.0,53.0,34
SANC00147,-4.43746807724416,-5.17528579415898,62.28571428571428,65.38461538461539,-0.21017910310377658,-0.33426606528921016,66.0,63.0,26,356.50600000000014,4.718000000000004,43.370000000000005,0,3,2,0,-4.80637693570157,-4.43746807724416,63.83516483516483,62.28571428571428,-0.27222258419649337,129.0,3.098901098901109,-0.18486065137313729,77.0,57.0,54.0,54.0,44.0,59.0,54.0,42
SANC00372,-4.32831146267126,-5.27592545577776,57.14285714285714,69.23076923076923,-0.1416868979798779,-0.40694823131037805,75.0,56.0,32,434.5320000000002,5.589100000000005,83.83000000000001,2,5,4,0,-4.80211845922451,-4.32831146267126,63.18681318681318,57.14285714285714,-0.27431756464512796,131.0,12.087912087912088,-0.15006620185076594,120.0,58.0,62.0,55.0,51.5,57.0,55.5,40
SANC00697,-4.0233637392207,-6.07388919628536,40.57142857142857,85.16483516483517,0.04965782362370891,-0.9832392495188743,104.0,27.0,24,334.4560000000001,3.4429000000000016,66.75999999999999,2,4,1,0,-5.04862646775303,-4.0233637392207,62.86813186813187,40.57142857142857,-0.4667907129475827,131.0,44.5934065934066,-0.21035943615637623,56.0,48.0,91.0,56.0,79.0,46.0,55.5,24
SANC00349,-4.17745430601307,-5.40190765615885,49.142857142857146,73.62637362637363,-0.04702896672514639,-0.4979328297929876,89.0,48.0,18,248.27799999999996,1.4935999999999998,63.6,1,4,0,0,-4.78968098108596,-4.17745430601307,61.38461538461539,49.142857142857146,-0.27248089825906696,137.0,24.48351648351649,-0.2660933878381089,27.0,59.0,75.0,57.0,63.0,58.0,57.0,39
SANC00431,-4.9123417784717,-4.50124533120163,78.28571428571429,43.40659340659341,-0.5081468174716456,0.15252731264588457,38.0,103.0,19,264.321,1.4923999999999995,66.76,2,4,0,0,-4.706793554836665,-4.50124533120163,60.846153846153854,43.40659340659341,-0.1778097524128805,141.0,-34.87912087912088,-0.24772597657035078,35.0,64.0,51.0,58.0,73.0,67.0,59.5,33
SANC00108,-4.23303881666143,-5.26583841870182,52.57142857142857,68.68131868131869,-0.0819064289837106,-0.3996633528477269,83.0,57.0,17,239.31499999999997,0.9509,49.77,1,4,3,0,-4.749438617681625,-4.23303881666143,60.62637362637363,52.57142857142857,-0.24078489091571875,140.0,16.109890109890117,-0.27937874221656617,16.0,60.0,68.0,59.0,56.0,61.0,58.0,42
SANC00698,-4.35001682190357,-5.09442335304171,58.285714285714285,62.637362637362635,-0.15530630091431438,-0.2758670476889204,73.0,68.0,25,350.4550000000001,2.413700000000001,86.99,3,5,1,0,-4.72222008747264,-4.35001682190357,60.46153846153846,58.285714285714285,-0.21558667430161738,141.0,4.35164835164835,-0.1888888034989056,73.0,63.0,60.0,60.0,49.0,62.0,59.5,44
SANC00437,-3.76623018599828,-6.10538770577744,33.71428571428572,85.71428571428572,0.21100071741403323,-1.0059875364218533,116.0,26.0,14,188.182,1.6358199999999998,54.37,1,3,0,0,-4.93580894588786,-3.76623018599828,59.71428571428572,33.71428571428572,-0.39749340950391004,142.0,52.0,-0.3525577818491329,4.0,51.0,106.0,61.0,96.0,50.0,61.0,24
SANC00111,-4.62884647951257,-4.63518759721243,69.14285714285715,50.0,-0.3302627905261064,0.05579393875672068,54.0,91.0,17,239.31499999999997,0.9509,49.77,1,4,3,0,-4.6320170383625,-4.62884647951257,59.57142857142858,50.0,-0.13723442588469287,145.0,-19.142857142857153,-0.2724715904919118,21.0,70.0,43.0,62.0,62.0,73.0,62.0,42
SANC00438,-5.0699813032707,-4.27460547390007,81.14285714285714,36.81318681318682,-0.6070604628829933,0.31620707339273324,33.0,115.0,28,374.3480000000001,3.112440000000002,108.73999999999998,2,6,1,0,-4.672293388585385,-4.27460547390007,58.97802197802198,36.81318681318682,-0.14542669474513004,148.0,-44.32967032967032,-0.1668676210209066,98.0,65.0,65.0,63.0,88.0,69.0,64.0,30
SANC00109,-4.85294951961902,-4.43249460109658,75.42857142857142,42.307692307692314,-0.47088011776658417,0.20217922819484596,43.0,105.0,17,239.31499999999997,0.9509,49.77,1,4,3,0,-4.6427220603578,-4.43249460109658,58.86813186813187,42.307692307692314,-0.1343504447858691,148.0,-33.1208791208791,-0.27310129766810587,19.0,69.0,55.0,64.0,75.0,74.0,64.0,36
SANC00241,-4.85956130088773,-4.38030834138144,76.0,41.208791208791204,-0.47502879424086575,0.23986824991480543,42.0,107.0,22,298.29400000000004,2.765100000000001,75.99000000000001,2,5,2,0,-4.619934821134585,-4.38030834138144,58.604395604395606,41.208791208791204,-0.11758027216303016,149.0,-34.791208791208796,-0.2099970373242993,58.0,71.0,57.0,65.0,77.0,79.0,66.0,36
SANC00283,-4.02918625331898,-5.45946455289962,41.714285714285715,74.72527472527473,0.04600438648188651,-0.5395005363739402,102.0,46.0,40,558.6680000000002,3.226500000000001,136.43,2,9,7,0,-4.7443254031093005,-4.02918625331898,58.21978021978022,41.714285714285715,-0.24674807494602685,148.0,33.010989010989015,-0.11860813507773252,152.0,62.0,89.0,66.0,76.0,60.0,64.0,38
SANC00432,-4.08629629561519,-5.23017658429056,46.857142857142854,67.58241758241759,0.010169703014544595,-0.3739083043151022,93.0,59.0,19,264.321,1.1821999999999997,66.76,2,4,0,0,-4.658236439952875,-4.08629629561519,57.21978021978022,46.857142857142854,-0.1818693006502788,152.0,20.725274725274737,-0.24517033894488813,40.0,67.0,81.0,67.0,69.0,65.0,67.0,45
SANC00200,-4.15740923124133,-5.1842147948248,47.42857142857143,65.93406593406593,-0.034451337981695807,-0.34071460752750315,92.0,62.0,29,404.4150000000001,1.3432,116.20000000000002,1,8,6,0,-4.670812013033065,-4.15740923124133,56.68131868131868,47.42857142857143,-0.18758297275459948,154.0,18.505494505494497,-0.16106248320803673,107.0,66.0,78.0,68.0,68.0,64.0,68.0,47
SANC00233,-4.36587063484094,-4.71612755776232,59.42857142857143,53.84615384615385,-0.16525404995316947,-0.00266106353370921,71.0,84.0,31,430.6290000000003,5.029300000000005,74.6,2,4,8,0,-4.54099909630163,-4.36587063484094,56.63736263736264,53.84615384615385,-0.08395755674343934,155.0,-5.582417582417584,-0.14648384181618163,128.0,82.0,58.0,69.0,54.0,81.0,69.0,49
SANC00852,-4.35632724037363,-4.71344120367425,58.857142857142854,53.2967032967033,-0.15926588209004147,-0.0007209732086808237,72.0,85.0,14,194.186,1.2839999999999998,66.76,2,4,2,0,-4.5348842220239405,-4.35632724037363,56.07692307692308,53.2967032967033,-0.07999342764936115,157.0,-5.560439560439555,-0.3239203015731386,6.0,83.0,59.0,70.0,55.0,83.0,71.0,50
SANC00247,-3.1104131994006,-7.0266006430429,16.000000000000004,95.05494505494505,0.622504424683981,-1.6712893723998195,147.0,9.0,31,424.5810000000002,6.611400000000006,71.44,1,3,12,0,-5.06850692122175,-3.1104131994006,55.527472527472526,16.000000000000004,-0.5243924738579192,156.0,79.05494505494505,-0.16350022326521774,106.0,47.0,142.0,71.0,133.0,42.0,70.0,8
SANC00250,-3.70615899876081,-5.60278833485183,31.428571428571427,78.02197802197803,0.24869342247275517,-0.6430092599434983,120.0,40.0,31,426.5970000000002,7.159120000000009,77.76,3,3,12,0,-4.65447366680632,-3.70615899876081,54.72527472527473,31.428571428571427,-0.19715791873537158,160.0,46.5934065934066,-0.15014431183246194,119.0,68.0,111.0,72.0,100.0,63.0,72.0,36
SANC00542,-4.20875976946219,-4.94580720073356,50.857142857142854,58.241758241758234,-0.06667212103554156,-0.16853616360462417,86.0,76.0,25,350.4550000000001,2.413700000000001,86.99,3,5,1,0,-4.577283485097874,-4.20875976946219,54.54945054945054,50.857142857142854,-0.11760414232008287,162.0,7.38461538461538,-0.18309133940391498,81.0,78.0,71.0,73.0,60.0,78.0,73.5,53
SANC00308,-4.17618027943899,-4.99732893021712,48.57142857142858,60.439560439560445,-0.04622955672341053,-0.20574526025487563,90.0,72.0,24,330.42400000000004,2.2914000000000008,63.60000000000001,1,4,0,0,-4.586754604828055,-4.17618027943899,54.50549450549451,48.57142857142858,-0.12598740848914308,162.0,11.868131868131869,-0.19111477520116896,68.0,77.0,76.0,74.0,65.0,76.0,73.5,52
SANC00784,-4.15948054781015,-4.99030713891382,48.0,59.89010989010989,-0.035751021375718624,-0.20067410845385233,91.0,73.0,25,349.38300000000004,0.0852999999999998,96.3,2,7,1,0,-4.574893843361985,-4.15948054781015,53.94505494505495,48.0,-0.11821256491478548,164.0,11.89010989010989,-0.1829957537344794,82.0,80.0,77.0,75.0,66.0,77.0,75.0,53
SANC00702,-3.8994892787074,-5.28424738753495,37.142857142857146,69.78021978021978,0.12738499565342457,-0.4129583471619598,110.0,55.0,23,318.4570000000001,4.328000000000004,46.53,1,3,1,0,-4.591868333121175,-3.8994892787074,53.46153846153847,37.142857142857146,-0.14278667575426762,165.0,32.637362637362635,-0.19964644926613803,63.0,76.0,98.0,76.0,87.0,72.0,77.0,44
SANC00371,-4.2259832971912,-4.83689199725933,51.42857142857142,55.494505494505496,-0.07747932130268319,-0.08987738461220728,85.0,81.0,29,396.52700000000016,5.535900000000006,63.60000000000001,1,4,4,0,-4.531437647225265,-4.2259832971912,53.46153846153846,51.42857142857142,-0.08367835295744523,166.0,4.065934065934073,-0.15625647059397466,114.0,84.0,70.0,77.0,59.0,82.0,79.5,54
SANC00691,-3.89150218052529,-5.29765148634217,36.57142857142858,70.32967032967032,0.13239663850415115,-0.42263881427800526,111.0,54.0,21,284.399,4.490200000000003,37.3,1,2,0,0,-4.59457683343373,-3.89150218052529,53.450549450549445,36.57142857142858,-0.14512108788692707,165.0,33.758241758241745,-0.21878937302065382,53.0,74.0,99.0,78.0,89.0,70.0,77.0,44
SANC00110,-3.88251973548868,-5.30130992708205,36.0,70.87912087912088,0.13803282894821026,-0.42528094753796974,112.0,53.0,17,239.31499999999997,0.9509,49.77,1,4,3,0,-4.591914831285365,-3.88251973548868,53.43956043956044,36.0,-0.14362405929487976,165.0,34.879120879120876,-0.27011263713443323,25.0,75.0,100.0,79.0,91.0,71.0,77.0,44
SANC00538,-3.8430063808204,-5.30775613109459,34.857142857142854,71.42857142857143,0.16282616651792522,-0.42993640904002134,114.0,52.0,24,334.4560000000001,3.4429000000000016,66.75999999999999,2,4,1,0,-4.575381255957495,-3.8430063808204,53.14285714285714,34.857142857142854,-0.13355512126104807,166.0,36.57142857142858,-0.19064088566489565,70.0,79.0,101.0,80.0,93.0,75.0,79.5,44
SANC00436,-4.59957755900753,-4.30337030569498,66.85714285714286,39.01098901098901,-0.31189750029765706,0.2954330540204495,58.0,111.0,28,374.3480000000001,3.025640000000001,108.73999999999998,2,6,1,0,-4.451473932351255,-4.30337030569498,52.934065934065934,39.01098901098901,-0.008232223138603778,169.0,-27.846153846153854,-0.15898121186968767,109.0,86.0,63.0,81.0,82.0,88.0,81.0,50
SANC00578,-5.94710463440259,-3.54318374233029,91.42857142857143,14.28571428571429,-1.1574266624019485,0.844441318921281,15.0,156.0,25,352.471,2.4341000000000013,87.13,2,5,2,0,-4.7451441883664405,-3.54318374233029,52.85714285714286,14.28571428571429,-0.1564926717403337,171.0,-77.14285714285714,-0.1898057675346576,72.0,61.0,122.0,82.0,137.0,68.0,82.0,14
SANC00382,-4.02605231557998,-5.06440757392266,41.142857142857146,62.08791208791209,0.0479708299017837,-0.2541895916433172,103.0,69.0,21,283.32700000000006,1.9242,58.56,2,4,1,0,-4.54522994475132,-4.02605231557998,51.61538461538461,41.142857142857146,-0.10310938087076676,172.0,20.94505494505494,-0.21643952117863427,54.0,81.0,90.0,83.0,78.0,80.0,83.5,53
SANC00660,-4.19651919323278,-4.71107037589578,50.28571428571429,52.74725274725275,-0.058991559841702915,0.0009912433809886679,87.0,86.0,22,306.35800000000006,2.0664,72.83000000000001,1,5,3,0,-4.4537947845642805,-4.19651919323278,51.51648351648352,50.28571428571429,-0.029000158230357124,173.0,2.46153846153846,-0.20244521748019456,62.0,85.0,73.0,84.0,61.0,85.0,85.0,58
SANC00341,-4.38406458512465,-4.46254328404674,60.0,42.85714285714286,-0.17667015863079444,0.18047800893624077,70.0,104.0,28,392.4040000000002,0.4582999999999995,119.36,2,8,6,0,-4.423303934585695,-4.38406458512465,51.42857142857143,42.85714285714286,0.0019039251527231682,174.0,-17.14285714285714,-0.15797514052091768,112.0,89.0,56.0,85.0,74.0,89.0,86.0,54
SANC00459,-3.19512581189794,-5.99564002747449,18.85714285714286,83.51648351648352,0.5693500312974569,-0.9267275424339142,142.0,30.0,41,574.7550000000003,4.653200000000004,111.52,2,8,6,0,-4.595382919686215,-3.19512581189794,51.18681318681319,18.85714285714286,-0.17868875556822866,172.0,64.65934065934066,-0.11208251023624914,153.0,73.0,138.0,86.0,127.0,66.0,83.5,27
SANC00152,-4.25355545076226,-4.62479966160149,53.714285714285715,47.802197802197796,-0.09477994578142654,0.06329612674649643,81.0,95.0,30,416.5140000000001,4.565600000000004,78.9,0,6,5,0,-4.439177556181875,-4.25355545076226,50.75824175824175,47.802197802197796,-0.015741909517465055,176.0,-5.9120879120879195,-0.1479725852060625,123.0,87.0,67.0,87.0,67.0,86.0,87.0,58
SANC00297,-4.22687225437908,-4.6337792828845,52.0,48.901098901098905,-0.07803711286022519,0.05681102619666357,84.0,93.0,18,248.322,2.0539999999999994,54.37,1,3,2,0,-4.43032576863179,-4.22687225437908,50.45054945054945,48.901098901098905,-0.01061304333178081,177.0,-3.098901098901095,-0.24612920936843277,38.0,88.0,69.0,88.0,64.0,87.0,88.0,59
SANC01090,-5.8717371501617,-3.33690889370653,90.28571428571428,9.340659340659341,-1.1101360313165394,0.9934134294442128,17.0,165.0,25,354.31100000000004,-0.6459000000000001,164.75,6,8,4,0,-4.604323021934115,-3.33690889370653,49.81318681318681,9.340659340659341,-0.05836130093616326,182.0,-80.94505494505493,-0.1841729208773646,79.0,72.0,132.0,89.0,146.0,84.0,89.0,16
SANC00771,-4.07484531193056,-4.64671345801916,46.285714285714285,50.54945054945055,0.017354820714162108,0.04746993890202253,94.0,90.0,24,335.40000000000003,1.1928,76.07,1,6,0,0,-4.36077938497486,-4.07484531193056,48.417582417582416,46.285714285714285,0.03241237980809232,184.0,4.263736263736263,-0.18169914104061916,83.0,90.0,83.0,90.0,70.0,90.0,90.0,66
SANC00606,-4.8362403230075,-3.78693838719396,74.28571428571429,21.978021978021978,-0.46039564345186007,0.6684012241769046,45.0,142.0,17,234.299,1.2604999999999995,75.35,3,3,6,0,-4.31158935510073,-3.78693838719396,48.13186813186813,21.978021978021978,0.10400279036252227,187.0,-52.307692307692314,-0.2536229032412194,31.0,92.0,105.0,91.0,119.0,98.0,91.0,40
SANC00583,-4.78376440700393,-3.81670369930395,72.0,22.527472527472526,-0.42746872265055025,0.6469046559089681,49.0,141.0,36,498.6200000000002,3.816400000000003,99.88,1,7,5,0,-4.30023405315394,-3.81670369930395,47.26373626373626,22.527472527472526,0.10971796662920891,190.0,-49.472527472527474,-0.11945094592094277,150.0,94.0,104.0,92.0,117.0,99.0,93.0,43
SANC00354,-4.26527519079146,-4.33483588180824,54.28571428571429,40.10989010989011,-0.1021336992962228,0.2727085516698883,80.0,109.0,17,230.26299999999995,2.2988,43.370000000000005,0,3,0,0,-4.300055536299849,-4.26527519079146,47.197802197802204,40.10989010989011,0.08528742618683274,189.0,-14.175824175824182,-0.25294444331175586,32.0,95.0,66.0,93.0,80.0,95.0,92.0,63
SANC00239,-4.86507825463505,-3.57069330473389,76.57142857142857,16.483516483516482,-0.4784905022573613,0.8245738576279195,41.0,152.0,14,187.202,0.3987999999999999,71.24,2,3,0,0,-4.217885779684471,-3.57069330473389,46.527472527472526,16.483516483516482,0.1730416776852791,193.0,-60.08791208791209,-0.3012775556917479,9.0,104.0,118.0,94.0,132.0,108.0,94.5,37
SANC00621,-4.40380406180095,-4.18128210342487,60.57142857142856,31.868131868131865,-0.18905603456549244,0.38360539923594783,69.0,124.0,24,335.40000000000003,1.1928,76.07,1,6,0,0,-4.2925430826129105,-4.18128210342487,46.21978021978021,31.868131868131865,0.0972746823352277,193.0,-28.703296703296697,-0.17885596177553795,87.0,96.0,74.0,95.0,99.0,96.0,94.5,58
SANC00783,-4.96250775412062,-3.48033136441259,78.85714285714286,12.637362637362637,-0.5396243262587249,0.8898334326581478,37.0,159.0,31,441.4770000000002,-0.2540999999999982,139.67000000000002,2,10,2,0,-4.221419559266605,-3.48033136441259,45.74725274725275,12.637362637362637,0.17510455319971147,196.0,-66.21978021978022,-0.13617482449247112,136.0,102.0,126.0,96.0,141.0,109.0,97.0,35
SANC00158,-4.07310995988903,-4.55666200285041,45.714285714285715,45.604395604395606,0.018443697356734075,0.11250528093065106,95.0,99.0,26,358.4780000000001,4.6764000000000046,52.6,0,4,4,0,-4.31488598136972,-4.07310995988903,45.65934065934066,45.604395604395606,0.06547448914369257,194.0,-0.1098901098901095,-0.16595715312960463,100.0,91.0,84.0,97.0,72.0,91.0,96.0,71
SANC00706,-4.47455514659089,-4.00300735764228,62.857142857142854,27.472527472527474,-0.23345002599818354,0.5123557791749608,65.0,132.0,38,526.7220000000003,4.088700000000004,103.67000000000002,3,4,10,0,-4.238781252116585,-4.00300735764228,45.16483516483517,27.472527472527474,0.13945287658838862,197.0,-35.38461538461538,-0.1115468750556996,154.0,100.0,92.0,98.0,108.0,102.0,98.5,57
SANC00622,-4.40575125696819,-4.07864910821209,61.142857142857146,29.120879120879117,-0.1902778358400437,0.45772715478756765,68.0,129.0,24,333.384,1.1128999999999998,76.07,1,6,0,0,-4.242200182590141,-4.07864910821209,45.13186813186813,29.120879120879117,0.13372465947376197,197.0,-32.02197802197803,-0.17675834094125586,89.0,99.0,82.0,99.0,107.0,100.0,98.5,58
SANC00298,-3.91395249802168,-4.65464376470242,37.71428571428571,51.098901098901095,0.11830979862664225,0.041742655466443804,109.0,89.0,26,364.39400000000006,1.2484999999999995,94.59,1,7,2,0,-4.28429813136205,-3.91395249802168,44.4065934065934,37.71428571428571,0.08002622704654302,198.0,13.384615384615387,-0.16478069736007883,102.0,97.0,97.0,100.0,85.0,94.0,100.5,69
SANC00522,-4.48195832918653,-3.94114233943318,63.42857142857143,25.274725274725274,-0.2380952809183204,0.5570348197445619,64.0,136.0,18,240.258,2.9939000000000013,57.53,2,3,3,0,-4.211550334309855,-3.94114233943318,44.35164835164835,25.274725274725274,0.15946976941312074,200.0,-38.15384615384616,-0.23397501857276973,46.0,105.0,96.0,101.0,113.0,105.0,103.0,57
SANC00808,-3.82977834028986,-4.73700956897834,34.285714285714285,54.3956043956044,0.17112632926069613,-0.017742094030490936,115.0,83.0,36,496.6000000000003,4.528900000000004,103.04,1,7,5,0,-4.2833939546341,-3.82977834028986,44.34065934065934,34.285714285714285,0.0766921176151026,198.0,20.109890109890117,-0.11898316540650278,151.0,98.0,103.0,102.0,94.0,93.0,100.5,68
SANC00300,-3.99267133106226,-4.62618711956855,40.0,48.35164835164834,0.06891630579228436,0.062294101812318446,105.0,94.0,26,362.3780000000001,1.1686,94.59,1,7,2,0,-4.309429225315405,-3.99267133106226,44.175824175824175,40.0,0.0656052038023014,199.0,8.351648351648343,-0.16574727789674634,101.0,93.0,93.0,103.0,81.0,92.0,102.0,72
SANC00353,-4.23795346828057,-4.20065793571416,53.14285714285714,34.065934065934066,-0.08499021211611846,0.3696121341891814,82.0,120.0,17,232.27899999999997,2.1735999999999995,43.370000000000005,0,3,0,0,-4.219305701997365,-4.20065793571416,43.604395604395606,34.065934065934066,0.14231096103653146,202.0,-19.076923076923073,-0.24819445305866855,33.0,103.0,72.0,104.0,95.0,103.0,105.0,67
SANC00379,-4.30460851306681,-4.10565974136249,56.57142857142857,29.670329670329664,-0.12681407242824683,0.4382200212042822,76.0,128.0,24,327.3800000000001,1.9382,59.00000000000001,1,5,2,0,-4.2051341272146505,-4.10565974136249,43.12087912087912,29.670329670329664,0.1557029743880177,204.0,-26.901098901098905,-0.17521392196727711,91.0,106.0,80.0,105.0,105.0,104.0,106.0,65
SANC00299,0.668170678496227,-5.9976330065553,1.7142857142857126,84.06593406593407,2.99344221031788,-0.9281668759342276,172.0,29.0,26,360.3620000000002,0.8497999999999994,99.13,1,7,4,0,-2.6647311640295364,0.668170678496227,42.89010989010989,1.7142857142857126,1.032637667191826,201.0,82.35164835164836,-0.10248966015498216,159.0,163.0,171.0,106.0,170.0,160.0,104.0,28
SANC01055,-3.63121096335928,-4.75015716679567,29.714285714285715,54.94505494505495,0.295720863131667,-0.027237315615779488,123.0,82.0,11,150.22099999999998,2.4879000000000007,17.07,0,1,1,0,-4.190684065077475,-3.63121096335928,42.329670329670336,29.714285714285715,0.13424177375794377,205.0,25.230769230769234,-0.3809712786434068,1.0,107.0,113.0,107.0,104.0,101.0,107.0,70
SANC00724,-3.5263350114217,-4.94205811668138,25.71428571428571,57.692307692307686,0.36152709247268017,-0.16582856756222084,130.0,77.0,25,342.4790000000001,5.079100000000005,51.21,0,3,9,0,-4.23419656405154,-3.5263350114217,41.7032967032967,25.71428571428571,0.09784926245522967,207.0,31.978021978021975,-0.16936786256206163,95.0,101.0,124.0,108.0,112.0,97.0,108.0,68
SANC00541,-4.04647702018242,-4.28590330919843,43.42857142857143,37.91208791208791,0.035154995857287416,0.30804775401876994,99.0,113.0,24,330.4680000000001,4.902200000000005,35.53,0,3,2,0,-4.166190164690425,-4.04647702018242,40.67032967032967,37.91208791208791,0.17160137493802868,212.0,-5.516483516483518,-0.17359125686210106,92.0,108.0,86.0,109.0,84.0,107.0,109.0,78
SANC00281,-4.18909351843822,-4.1203704522372,49.71428571428571,30.219780219780223,-0.054332191802465006,0.4275959162253207,88.0,127.0,33,460.5670000000002,2.737000000000001,110.13,2,7,4,0,-4.15473198533771,-4.1203704522372,39.967032967032964,30.219780219780223,0.18663186221142786,215.0,-19.494505494505486,-0.12590096925265787,142.0,110.0,79.0,110.0,103.0,112.0,111.0,74
SANC00787,-4.03361028544553,-4.27641984226721,42.285714285714285,37.362637362637365,0.04322845103288092,0.3148967329090419,101.0,114.0,28,399.44000000000017,-0.8248999999999982,133.60000000000002,3,9,1,0,-4.15501506385637,-4.03361028544553,39.824175824175825,37.362637362637365,0.17906259197096142,215.0,-4.92307692307692,-0.14839339513772748,122.0,109.0,88.0,111.0,86.0,111.0,111.0,79
SANC00984,-3.94998094907438,-4.35825698927271,38.857142857142854,40.65934065934066,0.09570312408425954,0.2557937807560067,107.0,108.0,13,180.159,1.1956,77.76,3,3,2,0,-4.154118969173545,-3.94998094907438,39.75824175824175,38.857142857142854,0.1757484524201331,215.0,1.802197802197803,-0.31954761301334966,7.0,111.0,95.0,112.0,83.0,110.0,111.0,80
SANC00793,-4.04040174911785,-4.24420017303927,42.85714285714286,36.26373626373627,0.038967029727758104,0.33816584282360923,100.0,116.0,28,417.88600000000025,0.4215999999999996,113.37,2,8,1,0,-4.1423009610785595,-4.04040174911785,39.56043956043956,36.26373626373627,0.18856643627568367,216.0,-6.593406593406591,-0.14793932003851998,124.0,113.0,87.0,113.0,90.0,113.0,113.0,80
SANC00128,-4.30229617803144,-3.83016521571241,56.00000000000001,23.076923076923073,-0.125363157830195,0.6371827216858326,77.0,140.0,15,201.229,0.3398000000000002,58.69,1,4,0,0,-4.0662306968719255,-3.83016521571241,39.53846153846154,23.076923076923073,0.25590978192781877,217.0,-32.923076923076934,-0.2710820464581284,24.0,116.0,102.0,114.0,116.0,118.0,114.0,69
SANC00190,-3.75283884237263,-4.54437919344128,32.57142857142858,45.05494505494505,0.21940334750732987,0.12137595058832948,118.0,100.0,16,220.356,3.9841000000000033,17.07,0,1,1,0,-4.148609017906955,-3.75283884237263,38.81318681318682,32.57142857142858,0.17038964904782966,218.0,12.483516483516475,-0.25928806361918466,28.0,112.0,108.0,115.0,98.0,106.0,115.5,83
SANC00796,-4.04681547578837,-4.19980955052067,43.99999999999999,33.51648351648352,0.03494262603546035,0.37022483968213815,98.0,121.0,26,367.4420000000001,1.0894,93.14,1,7,0,0,-4.12331251315452,-4.04681547578837,38.75824175824175,33.51648351648352,0.20258373285879924,219.0,-10.483516483516475,-0.1585889428136354,110.0,114.0,85.0,116.0,97.0,114.0,117.0,80
SANC00788,-4.42358907832191,-3.55430520916209,61.71428571428572,15.384615384615385,-0.2014704852631023,0.8364093732085686,67.0,154.0,31,459.9230000000002,0.9923999999999996,119.44000000000004,1,9,2,0,-3.988947143742,-3.55430520916209,38.549450549450555,15.384615384615385,0.31746944397273313,221.0,-46.329670329670336,-0.12867571431425806,140.0,119.0,119.0,117.0,134.0,124.0,118.0,63
SANC00624,-0.933946374731825,-5.31293112075517,4.571428571428571,71.97802197802197,1.9881661647795992,-0.43367379698050246,167.0,51.0,25,353.4150000000001,0.2434999999999994,96.3,2,7,0,0,-3.1234387477434975,-0.933946374731825,38.27472527472527,4.571428571428571,0.7772461838995484,218.0,67.4065934065934,-0.1249375499097399,144.0,154.0,165.0,118.0,160.0,147.0,115.5,48
SANC00720,-3.95305379618254,-4.22517303911139,39.42857142857142,35.16483516483516,0.09377501303693574,0.35190727721248527,106.0,118.0,24,323.3960000000001,2.6069000000000004,73.99000000000001,3,2,3,0,-4.089113417646965,-3.95305379618254,37.29670329670329,35.16483516483516,0.2228411451247105,224.0,-4.263736263736263,-0.17037972573529023,93.0,115.0,94.0,119.0,92.0,115.0,119.0,86
SANC00539,-3.66086239884118,-4.40904274313842,30.28571428571428,41.75824175824175,0.27711555726733034,0.21911620717711397,122.0,106.0,22,298.426,5.1974000000000045,26.3,0,2,1,0,-4.0349525709898,-3.66086239884118,36.021978021978015,30.28571428571428,0.24811588222222214,228.0,11.47252747252747,-0.18340693504499092,80.0,117.0,112.0,120.0,102.0,117.0,120.0,88
SANC00201,-3.54330110449894,-4.51118506859801,26.857142857142858,44.505494505494504,0.35088142402881856,0.14534881430805105,128.0,101.0,29,404.4150000000002,1.055,116.20000000000002,1,8,8,0,-4.027243086548475,-3.54330110449894,35.68131868131868,26.857142857142858,0.24811511916843482,229.0,17.648351648351646,-0.13887045126029227,133.0,118.0,121.0,121.0,110.0,116.0,121.5,86
SANC00377,-3.07670260853266,-4.84955369244751,14.857142857142858,56.043956043956044,0.6436567177777978,-0.09902168634150697,149.0,80.0,22,297.3540000000001,2.266400000000001,49.77,1,4,1,0,-3.963128150490085,-3.07670260853266,35.45054945054945,14.857142857142858,0.2723175157181454,229.0,41.18681318681318,-0.18014218865864023,85.0,120.0,144.0,122.0,135.0,119.0,121.5,72
SANC01056,-2.9435599480831,-4.85927987875315,13.142857142857146,56.59340659340659,0.72719938210404,-0.10604595765212724,152.0,79.0,11,150.22099999999998,2.4879000000000007,17.07,0,1,1,0,-3.901419913418125,-2.9435599480831,34.86813186813187,13.142857142857146,0.3105767122259564,231.0,43.450549450549445,-0.3546745375834659,3.0,125.0,148.0,123.0,140.0,121.0,123.0,72
SANC00140,-3.32659799861211,-4.56457587630623,20.571428571428573,46.7032967032967,0.4868555345988575,0.10678986560497908,139.0,97.0,25,416.3000000000002,2.4831000000000003,74.32,2,5,0,0,-3.94558693745917,-3.32659799861211,33.637362637362635,20.571428571428573,0.2968227001019183,236.0,26.131868131868128,-0.15782347749836678,113.0,122.0,134.0,124.0,122.0,120.0,124.0,84
SANC01126,-4.2914586666124,-3.46951494413629,54.85714285714286,12.08791208791209,-0.11856297391051376,0.8976450731349881,79.0,160.0,21,288.343,2.5582000000000003,52.6,0,4,1,0,-3.8804868053743453,-3.46951494413629,33.472527472527474,12.08791208791209,0.3895410496122372,239.0,-42.769230769230774,-0.18478508597020693,78.0,127.0,127.0,125.0,142.0,127.0,127.0,77
SANC00616,-0.334879084344466,-5.09769202357429,2.857142857142858,63.18681318681318,2.364061293964154,-0.27822768812129245,170.0,67.0,62,869.0580000000006,4.415100000000004,207.73999999999995,5,14,13,0,-2.716285553959378,-0.334879084344466,33.02197802197802,2.857142857142858,1.0429168029214306,237.0,60.32967032967032,-0.04381105732192545,171.0,161.0,168.0,126.0,166.0,161.0,125.0,62
SANC01036,-3.59060007812571,-4.29661947456806,27.428571428571423,38.46153846153846,0.3212028652307989,0.30030851783715284,127.0,112.0,21,287.359,2.1747,38.77,0,4,3,0,-3.943609776346885,-3.59060007812571,32.94505494505494,27.428571428571423,0.31075569153397586,239.0,11.032967032967036,-0.18779094173080405,74.0,123.0,116.0,127.0,109.0,122.0,127.0,94
SANC00623,-3.63023425434596,-4.23326276703082,29.14285714285715,35.71428571428571,0.29633371608930437,0.3460648594395271,124.0,117.0,24,333.384,1.1128999999999998,76.07,1,6,0,0,-3.93174851068839,-3.63023425434596,32.42857142857143,29.14285714285715,0.32119928776441575,241.0,6.571428571428559,-0.16382285461201626,104.0,124.0,114.0,128.0,106.0,125.0,129.0,98
SANC00430,1.36311260744156,-5.11903365906778,0.5714285714285672,64.28571428571428,3.4294955391313438,-0.29364066019563007,174.0,65.0,30,420.4580000000002,1.5250999999999997,119.36,2,8,5,0,-1.8779605258131098,1.36311260744156,32.42857142857142,0.5714285714285672,1.5679274394678568,239.0,63.71428571428571,-0.06259868419377032,169.0,170.0,174.0,129.0,172.0,170.0,127.0,63
SANC00434,-3.76238087586105,-4.14162556813272,33.14285714285714,31.318681318681318,0.21341603361393768,0.41224542877863946,117.0,125.0,28,374.3480000000001,3.112440000000001,108.73999999999998,2,6,1,0,-3.9520032219968853,-3.76238087586105,32.230769230769226,31.318681318681318,0.31283073119628857,242.0,-1.8241758241758212,-0.14114297221417446,132.0,121.0,107.0,130.0,101.0,123.0,130.0,98
SANC00530,-4.05815582742889,-3.73008617593362,44.57142857142857,19.780219780219777,0.027826926324739713,0.7094600054866724,97.0,146.0,32,438.5200000000002,4.061700000000003,100.9,2,6,8,0,-3.8941210016812553,-3.73008617593362,32.175824175824175,19.780219780219777,0.36864346590570607,243.0,-24.791208791208792,-0.12169128130253923,146.0,126.0,110.0,131.0,125.0,126.0,131.0,89
SANC00518,-4.07128588578215,-3.54450025499392,45.14285714285714,14.835164835164838,0.01958824419320787,0.843490530827921,96.0,155.0,44,602.9000000000001,10.003299999999994,55.760000000000005,1,4,5,0,-3.807893070388035,-3.54450025499392,29.98901098901099,14.835164835164838,0.4315393875105644,251.0,-30.3076923076923,-0.0865430243270008,165.0,128.0,120.0,132.0,136.0,133.0,132.0,91
SANC00953,-3.75145269876624,-3.85291485478065,31.999999999999996,24.725274725274726,0.22027310727948404,0.620752886598123,119.0,137.0,14,194.186,1.4986,66.76,2,3,3,0,-3.802183776773445,-3.75145269876624,28.36263736263736,24.725274725274726,0.4205129969388035,256.0,-7.27472527472527,-0.2715845554838175,22.0,129.0,109.0,133.0,114.0,130.0,133.5,105
SANC00131,-3.41281188155527,-4.18188361084266,24.0,32.417582417582416,0.4327591431142438,0.3831709893691064,133.0,123.0,24,335.38800000000003,1.8857,74.32,2,5,0,0,-3.797347746198965,-3.41281188155527,28.208791208791208,24.0,0.40796506624167506,256.0,8.417582417582416,-0.15822282275829022,111.0,131.0,128.0,134.0,115.0,128.0,133.5,105
SANC00151,-3.93432722865378,-3.58876787263495,38.28571428571429,17.03296703296703,0.10552532161388199,0.8115203683393529,108.0,151.0,31,432.51300000000015,3.536400000000002,99.13000000000002,1,7,5,0,-3.761547550644365,-3.58876787263495,27.65934065934066,17.03296703296703,0.45852284497661744,259.0,-21.252747252747263,-0.12134024356917307,147.0,134.0,117.0,135.0,131.0,134.0,138.0,100
SANC00537,-3.34085585504713,-4.191734115792,22.285714285714285,32.96703296703297,0.47790919606137666,0.376056934883984,136.0,122.0,25,348.4830000000001,4.097000000000004,55.76,1,4,2,0,-3.766294985419565,-3.34085585504713,27.626373626373628,22.285714285714285,0.42698306547268033,258.0,10.681318681318686,-0.15065179941678258,118.0,132.0,131.0,136.0,118.0,131.0,136.0,105
SANC00536,-2.44997675340432,-4.60219681429548,7.9999999999999964,47.25274725274725,1.036906691623706,0.07961994852830552,161.0,96.0,24,332.4840000000001,4.982100000000005,35.53,0,3,2,0,-3.5260867838499,-2.44997675340432,27.62637362637362,7.9999999999999964,0.5582633200760058,257.0,39.252747252747255,-0.1469202826604125,127.0,141.0,158.0,137.0,150.0,137.0,135.0,88
SANC00928,-3.53771957972192,-4.06498138205355,26.285714285714292,28.57142857142857,0.3543836482543279,0.46759801410692675,129.0,130.0,14,192.30199999999996,3.5141000000000027,17.07,0,1,2,0,-3.801350480887735,-3.53771957972192,27.42857142857143,26.285714285714292,0.4109908311806273,259.0,2.2857142857142776,-0.27152503434912395,23.0,130.0,123.0,138.0,111.0,129.0,138.0,109
SANC00378,-3.31076711162047,-4.21622840695826,19.999999999999996,34.61538461538461,0.49678889835667644,0.35836710854235115,140.0,119.0,23,311.3810000000001,2.569400000000001,38.77,0,4,2,0,-3.763497759289365,-3.31076711162047,27.307692307692307,19.999999999999996,0.4275780034495138,259.0,14.615384615384617,-0.16363033736040716,105.0,133.0,135.0,139.0,124.0,132.0,138.0,104
SANC00280,-3.61608608624214,-3.72746057430345,28.57142857142857,19.23076923076923,0.30521122878687046,0.7113562202644244,125.0,147.0,24,384.233,2.555300000000001,74.32,2,4,0,0,-3.671773330272795,-3.61608608624214,23.901098901098898,19.23076923076923,0.5082837245256474,272.0,-9.34065934065934,-0.1529905554280331,117.0,135.0,115.0,140.0,126.0,135.0,140.0,114
SANC00187,-3.52186053393707,-3.74025902274161,25.142857142857146,20.329670329670336,0.36433468073381003,0.7021131550629599,131.0,145.0,25,366.9290000000001,4.323700000000005,54.370000000000005,1,3,6,0,-3.63105977833934,-3.52186053393707,22.73626373626374,20.329670329670336,0.533223917898385,276.0,-4.81318681318681,-0.1452423911335736,129.0,136.0,125.0,141.0,123.0,136.0,141.0,117
SANC01130,-3.12629886615024,-3.99887001020922,17.714285714285715,26.923076923076927,0.6125366884198666,0.5153437798118871,144.0,133.0,17,230.307,3.0166000000000013,26.3,0,2,0,0,-3.56258443817973,-3.12629886615024,22.31868131868132,17.714285714285715,0.5639402341158768,277.0,9.208791208791212,-0.20956379048116058,59.0,138.0,140.0,142.0,130.0,138.0,142.0,117
SANC00433,-3.35843129296162,-3.78079975272644,22.857142857142854,21.42857142857143,0.4668811836638536,0.6728345583349788,135.0,143.0,25,344.45100000000014,3.582900000000002,52.60000000000001,0,4,1,0,-3.56961552284403,-3.35843129296162,22.142857142857142,21.42857142857143,0.5698578709994162,278.0,-1.4285714285714235,-0.1427846209137612,130.0,137.0,130.0,143.0,120.0,139.0,143.0,118
SANC01075,-3.39505468701457,-3.70696018440777,23.42857142857143,18.681318681318682,0.44390120184944154,0.7261616430761644,134.0,148.0,27,374.3890000000001,1.5265,99.13,1,7,3,0,-3.55100743571117,-3.39505468701457,21.05494505494506,18.681318681318682,0.5850314224628029,282.0,-4.747252747252748,-0.13151879391522853,139.0,140.0,129.0,144.0,128.0,141.0,144.5,121
SANC01076,-3.33071651302621,-3.77794273026005,21.142857142857142,20.879120879120883,0.48427130152090786,0.6748979057060673,138.0,144.0,27,374.3890000000001,1.5249,99.13,1,7,2,0,-3.55432962164313,-3.33071651302621,21.010989010989015,20.879120879120883,0.5795846036134876,282.0,-0.26373626373625925,-0.13164183783863445,138.0,139.0,133.0,145.0,121.0,140.0,144.5,120
SANC00789,-3.17251061221579,-3.67857293809664,18.285714285714285,18.131868131868135,0.5835403293532221,0.7466629694526863,143.0,149.0,24,335.40000000000003,1.0486999999999995,76.07,1,6,0,0,-3.4255417751562147,-3.17251061221579,18.20879120879121,18.131868131868135,0.6651016494029542,292.0,-0.15384615384614975,-0.1427309072981756,131.0,142.0,139.0,146.0,129.0,142.0,146.0,128
SANC00810,-3.86131635991898,0.883761552577228,35.42857142857143,0.5494505494505475,0.1513372535542799,4.041590114094223,113.0,181.0,41,570.6350000000003,3.1407000000000016,142.5,1,10,6,0,-1.488777403670876,0.883761552577228,17.98901098901099,0.5494505494505475,2.0964636838242514,294.0,-34.87912087912088,-0.036311643991972585,173.0,173.0,172.0,147.0,173.0,173.0,148.5,112
SANC01010,-2.80085633061302,-3.8368063752814,12.0,23.62637362637363,0.8167412342210771,0.6323864628888306,154.0,139.0,14,192.302,3.6582000000000026,17.07,0,1,2,0,-3.31883135294721,-2.80085633061302,17.813186813186817,12.0,0.7245638485549539,293.0,11.626373626373631,-0.23705938235337215,43.0,144.0,152.0,148.0,143.0,144.0,147.0,123
SANC00117,-3.67216523721926,-2.91145435972656,30.85714285714286,4.395604395604391,0.2700233959017293,1.300677549531638,121.0,174.0,24,337.416,1.4404,76.07,1,6,6,0,-3.2918097984729098,-2.91145435972656,17.626373626373628,4.395604395604391,0.7853504727166837,295.0,-26.46153846153847,-0.1371587416030379,135.0,146.0,149.0,149.0,161.0,149.0,150.5,119
SANC00255,-2.60161773973436,-3.98691345925524,9.142857142857142,25.82417582417582,0.9417569328890125,0.5239788249571059,159.0,135.0,14,253.556,3.6551000000000022,17.07,0,1,5,0,-3.2942655994948,-2.60161773973436,17.483516483516482,9.142857142857142,0.7328678789230592,294.0,16.68131868131868,-0.23530468567819998,45.0,145.0,156.0,150.0,147.0,145.0,148.5,121
SANC00659,-0.725288428104465,-4.13763474736773,3.4285714285714253,30.76923076923077,2.1190922010720494,0.41512760756120015,169.0,126.0,25,348.3950000000001,2.637200000000001,78.9,0,6,4,0,-2.431461587736097,-0.725288428104465,17.0989010989011,3.4285714285714253,1.2671099043166247,295.0,27.340659340659343,-0.0972584635094439,162.0,166.0,167.0,151.0,164.0,165.0,150.5,117
SANC00625,-3.46049757232745,-3.30616364227104,24.571428571428566,7.692307692307687,0.40283793195702466,1.0156177118638172,132.0,168.0,27,375.4210000000001,1.6836999999999995,82.13999999999999,0,7,1,0,-3.383330607299245,-3.30616364227104,16.131868131868128,7.692307692307687,0.7092278219104209,300.0,-16.87912087912088,-0.12530854101108316,143.0,143.0,136.0,152.0,151.0,143.0,153.0,128
SANC00116,-0.750503909491131,-4.01400225992471,4.0000000000000036,28.021978021978022,2.1032703113020994,0.5044152386343422,168.0,131.0,24,337.416,1.4404,76.07,1,6,6,0,-2.38225308470792,-0.750503909491131,16.010989010989015,4.0000000000000036,1.3038427749682209,299.0,24.02197802197802,-0.09926054519616334,161.0,167.0,166.0,153.0,162.0,166.0,152.0,121
SANC00365,-3.59599699131084,-2.86701072421907,28.000000000000004,3.8461538461538436,0.31781647874054253,1.3327748324773596,126.0,175.0,27,376.4490000000002,2.6516,100.9,2,6,3,0,-3.231503857764955,-2.86701072421907,15.923076923076923,3.8461538461538436,0.825295655608951,301.0,-24.15384615384616,-0.1196853280653687,149.0,151.0,150.0,154.0,163.0,153.0,154.0,124
SANC00807,-1.51135306529996,-3.84168479913073,5.714285714285716,24.17582417582418,1.6258623534618524,0.6288632553736688,165.0,138.0,39,538.6370000000003,5.099700000000005,109.11,0,8,6,0,-2.676518932215345,-1.51135306529996,14.945054945054947,5.714285714285716,1.1273628044177606,303.0,18.461538461538463,-0.06862869056962423,168.0,162.0,163.0,155.0,156.0,162.0,155.0,125
SANC00809,0.530166461271256,-3.99456800989022,2.285714285714291,26.37362637362637,2.906849078136934,0.5184506930941781,171.0,134.0,41,570.6350000000003,3.1407000000000016,142.5,1,10,6,0,-1.732200774309482,0.530166461271256,14.32967032967033,2.285714285714291,1.712649885615556,305.0,24.087912087912077,-0.042248799373402,172.0,171.0,170.0,156.0,168.0,171.0,156.0,126
SANC00469,-3.22668617451169,-3.32336226428588,19.428571428571427,8.791208791208794,0.5495469360990259,1.0031968324559253,141.0,166.0,12,164.16,1.49,57.53,2,2,2,0,-3.275024219398785,-3.22668617451169,14.10989010989011,8.791208791208794,0.7763718842774756,307.0,-10.637362637362633,-0.27291868494989874,20.0,147.0,137.0,157.0,148.0,146.0,157.5,135
SANC00930,-3.01061690763047,-3.49653495646313,14.28571428571429,13.736263736263732,0.6851233334259631,0.8781311658916143,150.0,157.0,14,192.30199999999996,3.5141000000000027,17.07,0,1,2,0,-3.2535759320468003,-3.01061690763047,14.010989010989011,13.736263736263732,0.7816272496587887,307.0,-0.5494505494505582,-0.23239828086048572,48.0,148.0,146.0,158.0,138.0,148.0,157.5,137
SANC00456,-2.79335195546034,-3.56767146745837,11.428571428571432,15.934065934065933,0.8214499841607409,0.8267562345856269,155.0,153.0,31,430.58500000000026,4.118100000000004,83.83000000000001,2,5,3,0,-3.180511711459355,-2.79335195546034,13.681318681318682,11.428571428571432,0.8241031093731839,308.0,4.5054945054945,-0.10259715198255984,158.0,152.0,153.0,159.0,144.0,152.0,159.0,136
SANC00701,-3.00368804791853,-3.48824914782071,13.714285714285712,13.186813186813184,0.6894709662517134,0.8841151935570613,151.0,158.0,22,300.44200000000006,5.133200000000005,26.3,0,2,1,0,-3.24596859786962,-3.00368804791853,13.450549450549449,13.186813186813184,0.7867930799043874,309.0,-0.5274725274725274,-0.14754402717589182,126.0,150.0,147.0,160.0,139.0,150.0,160.0,138
SANC00285,-3.11802378366213,-3.38198091285358,16.57142857142857,9.890109890109889,0.6177290320026214,0.9608623265702361,146.0,164.0,41,572.6950000000002,3.6166000000000023,136.43,2,9,8,0,-3.250002348257855,-3.11802378366213,13.23076923076923,9.890109890109889,0.7892956792864287,310.0,-6.681318681318681,-0.07926834995750866,166.0,149.0,141.0,161.0,145.0,151.0,161.0,137
SANC00799,-2.40299192682484,-3.60529308542474,7.428571428571429,17.582417582417587,1.0663881334253233,0.79958582642811,162.0,150.0,27,375.4210000000001,1.6836999999999995,82.13999999999999,0,7,1,0,-3.00414250612479,-2.40299192682484,12.505494505494507,7.428571428571429,0.9329869799267168,312.0,10.153846153846159,-0.11126453726388111,155.0,156.0,159.0,162.0,152.0,156.0,162.0,136
SANC00282,-3.33152994168549,-0.019061674771458,21.71428571428572,1.098901098901095,0.48376090164451874,3.389569363602365,137.0,180.0,34,474.5940000000003,3.1271000000000013,110.13000000000002,2,7,5,0,-1.6752958082284741,-0.019061674771458,11.406593406593407,1.098901098901095,1.9366651326234419,317.0,-20.615384615384624,-0.049273406124366884,170.0,172.0,169.0,163.0,171.0,172.0,163.5,135
SANC01040,-3.12383336917785,-3.03731664763804,17.14285714285714,5.494505494505497,0.6140837071234609,1.2097795520757413,145.0,172.0,12,162.188,1.8728,26.3,0,2,2,0,-3.080575008407945,-3.03731664763804,11.318681318681318,5.494505494505497,0.9119316295996012,317.0,-11.648351648351642,-0.25671458403399544,30.0,155.0,145.0,164.0,157.0,155.0,163.5,140
SANC00774,-3.09626122524448,-3.19839240620057,15.428571428571425,6.593406593406592,0.6313843255548689,1.0934503152965642,148.0,170.0,26,365.42600000000016,1.0094999999999998,93.14,1,7,0,0,-3.147326815722525,-3.09626122524448,11.01098901098901,6.593406593406592,0.8624173204257166,318.0,-8.835164835164832,-0.12105103137394327,148.0,153.0,143.0,165.0,154.0,154.0,165.0,142
SANC01082,-2.53144602348146,-3.4054644295852,8.571428571428575,10.989010989010994,0.985787389515897,0.943902483558105,160.0,162.0,16,223.36,3.4513000000000016,29.1,1,1,8,0,-2.9684552265333304,-2.53144602348146,9.780219780219785,8.571428571428575,0.964844936537001,322.0,2.4175824175824197,-0.18552845165833315,76.0,158.0,157.0,166.0,149.0,158.0,166.0,145
SANC00781,-2.85695632457616,-2.96216302266063,12.571428571428566,4.94505494505495,0.7815403230439841,1.264055651178616,153.0,173.0,27,381.4250000000001,0.2207000000000001,105.67000000000002,1,8,0,0,-2.909559673618395,-2.85695632457616,8.758241758241757,4.94505494505495,1.0227979871113,326.0,-7.626373626373616,-0.1077614693932739,157.0,159.0,151.0,167.0,159.0,159.0,167.0,148
SANC00113,-2.66588854748948,-3.29052005003127,9.714285714285719,7.14285714285714,0.9014291033253502,1.0269155456407766,158.0,169.0,16,221.3,1.8986,29.54,0,3,2,0,-2.978204298760375,-2.66588854748948,8.428571428571429,7.14285714285714,0.9641723244830633,327.0,-2.571428571428579,-0.18613776867252343,75.0,157.0,155.0,168.0,153.0,157.0,168.5,148
SANC00995,-1.72256177772112,-3.38773270986143,6.285714285714283,10.439560439560436,1.4933357950695216,0.9567083672035186,164.0,163.0,23,316.441,5.075700000000005,50.44,1,2,4,0,-2.555147243791275,-1.72256177772112,8.36263736263736,6.285714285714283,1.2250220811365202,327.0,4.153846153846153,-0.11109335842570761,156.0,164.0,162.0,169.0,155.0,164.0,168.5,148
SANC00782,-2.77452144476313,-2.73618056912037,10.857142857142854,3.296703296703296,0.8332655136759013,1.4272606336069253,156.0,176.0,30,423.4620000000002,0.7915000000000003,111.74,0,9,1,0,-2.75535100694175,-2.73618056912037,7.076923076923075,3.296703296703296,1.1302630736414132,332.0,-7.5604395604395584,-0.091845033564725,164.0,160.0,154.0,170.0,165.0,163.0,170.0,153
SANC00603,-0.949854948719212,-3.31185017184815,5.142857142857138,8.241758241758246,1.978184054973096,1.0115108887668418,166.0,167.0,28,383.6200000000003,5.864800000000007,20.31,0,2,1,0,-2.130852560283681,-0.949854948719212,6.692307692307692,5.142857142857138,1.494847471869969,333.0,3.0989010989011083,-0.07610187715298862,167.0,168.0,164.0,171.0,158.0,168.0,171.0,153
SANC00119,-2.77384432965661,-2.17766006131137,10.285714285714286,2.7472527472527486,0.8336903812567594,1.8306252676074968,157.0,177.0,26,542.0250000000003,3.692800000000002,74.32,2,4,0,0,-2.47575219548399,-2.17766006131137,6.516483516483517,2.7472527472527486,1.3321578244321282,334.0,-7.538461538461538,-0.09522123828784576,163.0,165.0,160.0,172.0,167.0,167.0,172.0,154
SANC00166,-2.10552145469507,-2.13187023696481,6.857142857142861,2.197802197802201,1.253041124406535,1.863694770840164,163.0,178.0,17,240.387,4.505900000000004,37.3,1,1,8,0,-2.11869584582994,-2.10552145469507,4.527472527472531,2.197802197802201,1.5583679476233496,341.0,-4.6593406593406606,-0.12462916740176118,145.0,169.0,161.0,173.0,169.0,169.0,173.0,160
SANC00811,1.08588822620121,0.962459147370643,1.1428571428571455,0.0,3.2555463079321756,4.098425675325623,173.0,182.0,37,512.5990000000004,3.251500000000002,116.2,1,8,5,0,1.0241736867859266,1.08588822620121,0.5714285714285727,0.0,3.676985991628899,355.0,-1.1428571428571455,0.027680369913133152,174.0,174.0,173.0,174.0,174.0,174.0,174.0,172
