id,SMILES,warheads,n_warheads,max_tier,pains_flag,MW,cLogP,HBD,HBA,TPSA,ArRings
SANC00104_minRM1.pdb,COc1cc(O)cc(O)c1C(=O)/C=C/c1ccccc1,ab_unsat_carbonyl:1,1,1,,270.3,3.0,2,4,66.8,2
SANC00108_minRM1.pdb,C/C=C(/C)C(=O)O[C@@H]1CCN2CC[C@H](CO)[C@@H]12,ab_unsat_carbonyl:1,1,1,,239.3,0.95,1,4,49.8,0
SANC00109_minRM1.pdb,C/C=C(/C)C(=O)OC[C@H]1CCN2CC[C@@H](O)[C@H]12,ab_unsat_carbonyl:1,1,1,,239.3,0.95,1,4,49.8,0
SANC00110_minRM1.pdb,C/C=C(/C)C(=O)O[C@@H]1CCN2CC[C@H](CO)[C@H]12,ab_unsat_carbonyl:1,1,1,,239.3,0.95,1,4,49.8,0
SANC00111_minRM1.pdb,C/C=C(/C)C(=O)OC[C@@H]1CCN2CC[C@@H](O)[C@@H]12,ab_unsat_carbonyl:1,1,1,,239.3,0.95,1,4,49.8,0
SANC00113_minRM1.pdb,C=C1CCN2CC[C@@H](OC(=O)/C(C)=C\C)[C@@H]12,ab_unsat_carbonyl:1,1,1,,221.3,1.9,0,3,29.5,0
SANC00116_minRM1.pdb,C/C=C(/C)C(=O)O[C@@H]1CCN2CC[C@H](COC(=O)/C(=C\C)CO)[C@H]12,ab_unsat_carbonyl:2,2,1,,337.4,1.44,1,6,76.1,0
SANC00117_minRM1.pdb,C/C=C(/C)C(=O)O[C@@H]1CCN2CC[C@H](COC(=O)/C(=C/C)CO)[C@H]12,ab_unsat_carbonyl:2,2,1,,337.4,1.44,1,6,76.1,0
SANC00118_minRM1.pdb,C/C=C1/C[C@@H](C)[C@](O)(CO)C(=O)OCC2=CCN3CC[C@@H](OC1=O)[C@@H]23,ab_unsat_carbonyl:1,1,1,,351.4,0.17,2,7,96.3,0
SANC00119_minRM1.pdb,O=C1C(Br)=CC2(C=C1Br)CCNC1=C2C2=NCCc3c(Br)[nH]c(c32)C1=O,ab_unsat_carbonyl:3,3,1,quinone_A(370),542.0,3.69,2,4,74.3,1
SANC00120_minRM1.pdb,O=C1C2=C(C3=NCCc4c(Br)[nH]c1c43)[C@]1(C=C(Br)[C@@H](O)C(Br)=C1)CCN2,ab_unsat_carbonyl:1,1,1,quinone_A(370),544.0,3.48,3,4,77.5,1
SANC00121_minRM1.pdb,O=C1C2=C(C3=NCCc4c[nH]c1c43)[C@]1(C=C(Br)[C@H](O)C(Br)=C1)CCN2,ab_unsat_carbonyl:1,1,1,quinone_A(370),465.1,2.72,3,4,77.5,1
SANC00122_minRM1.pdb,O=C1C2=C(C3=NCCc4c[nH]c1c43)[C@]1(C=CN2)C=C(Br)[C@@H](O)C(Br)=C1,ab_unsat_carbonyl:1,1,1,quinone_A(370),463.1,2.85,3,4,77.5,1
SANC00123_minRM1.pdb,O=C1C2=C(C3=NCCc4c(Br)[nH]c1c43)[C@]1(C=CN2)C=C(Br)[C@@H](O)C(Br)=C1,ab_unsat_carbonyl:1,1,1,quinone_A(370),542.0,3.61,3,4,77.5,1
SANC00128_minRM1.pdb,CN1CCC2=CN=C3C(=O)C(N)=CC1=C23,ab_unsat_carbonyl:1,1,1,quinone_D(2),201.2,0.34,1,4,58.7,0
SANC00129_minRM1.pdb,CN1CCc2c[nH]c3c2C1=CC(=O)C3=O,ab_unsat_carbonyl:1,1,1,imine_one_A(321),202.2,0.61,1,3,53.2,1
SANC00131_minRM1.pdb,O=C1C=C[C@@]23C[C@@H](NC4=C2C2=NCCc5c[nH]c(c52)C4=O)SC3=C1,ab_unsat_carbonyl:3,3,1,quinone_A(370),335.4,1.89,2,5,74.3,1
SANC00132_minRM1.pdb,O=C(O)CN[C@@H]1[C@H]2C(=O)C=C3S[C@H]4C[C@]31C1=C3c5c(c[nH]c5C(=O)C1N4)CCN32,ab_unsat_carbonyl:1,1,1,,410.5,0.09,4,7,114.5,1
SANC00133_minRM1.pdb,N[C@H]1[C@H]2C(=O)C=C3S[C@H]4C[C@]31C1=C3c5c(c[nH]c5C(=O)C1N4)CCN32,ab_unsat_carbonyl:1,1,1,,352.4,0.38,3,6,91.2,1
SANC00134_minRM1.pdb,CO[C@H]1[C@H]2C(=O)C=C3S[C@H]4C[C@]31C1=C3c5c(c[nH]c5C(=O)C1N4)CCN32,ab_unsat_carbonyl:1,1,1,,367.4,1.07,2,6,74.4,1
SANC00135_minRM1.pdb,N[C@@H](C[C@H]1[C@H]2C(=O)C=C3S[C@H]4C[C@]31C1=C3c5c(c[nH]c5C(=O)C1N4)CCN32)C(=O)O,ab_unsat_carbonyl:1,1,1,,424.5,0.47,4,7,128.5,1
SANC00140_minRM1.pdb,O=C1C[C@H]2S[C@H]3C[C@]2(C=C1Br)C1=C(N3)C(=O)c2[nH]cc3c2C1=NCC3,ab_unsat_carbonyl:2,2,1,quinone_A(370),416.3,2.48,2,5,74.3,1
SANC00141_minRM1.pdb,O=C1c2[nH]cc3c2C2=C4C1N[C@@H]1C[C@]45C[C@@H](C(=O)C=C5S1)N2CC3,ab_unsat_carbonyl:1,1,1,,337.4,1.44,2,5,65.2,1
SANC00146_minRM1.pdb,C=C[C@H]1CC[C@H]2[C@@H]3CC[C@H]4CC(=O)C=C[C@]4(C)[C@H]3CC[C@]12C,ab_unsat_carbonyl:1,1,1,,298.5,5.18,0,1,17.1,0
SANC00147_minRM1.pdb,C=C[C@H]1[C@@H](OC(C)=O)C[C@H]2[C@@H]3CC[C@H]4CC(=O)C=C[C@]4(C)[C@H]3CC[C@]12C,ab_unsat_carbonyl:1,1,1,,356.5,4.72,0,3,43.4,0
SANC00151_minRM1.pdb,C=C1C/C=C\[C@@](C)(OC(C)=O)CC[C@@H]2C(C(=O)/C=C/C(C)(C)O)=CO[C@@H](OC(C)=O)[C@@H]12,ab_unsat_carbonyl:2,2,1,,432.5,3.54,1,7,99.1,0
SANC00152_minRM1.pdb,C=C1C/C=C\[C@@](C)(OC(C)=O)CC[C@H]2C(C(=O)CC=C(C)C)=CO[C@@H](OC(C)=O)[C@H]12,ab_unsat_carbonyl:1,1,1,,416.5,4.57,0,6,78.9,0
SANC00158_minRM1.pdb,C=C(C)[C@@H](C/C=C1/C(=O)OC[C@H]2C(=C)CC/C=C(/C)CC[C@H]12)OC(C)=O,ab_unsat_carbonyl:1,1,1,,358.5,4.68,0,4,52.6,0
SANC00159_minRM1.pdb,COC(=O)Cc1cc(O)c(C/C=C(\C)CC/C=C(\C)[C@H](O)C(=O)C=C(C)C)cc1O,ab_unsat_carbonyl:1,1,1,,416.5,3.92,3,6,104.1,1
SANC00160_minRM1.pdb,COC(=O)Cc1cc(O)c(C/C=C(\C)CC/C=C(\C)[C@H](OC(C)=O)C(=O)C=C(C)C)cc1O,ab_unsat_carbonyl:1,1,1,,458.6,4.5,2,7,110.1,1
SANC00161_minRM1.pdb,COC(=O)Cc1cc(O)c(C/C=C(\C)CC/C=C(\C)CC(=O)C=C(C)C)cc1O,ab_unsat_carbonyl:1,1,1,,400.5,4.95,2,5,83.8,1
SANC00162_minRM1.pdb,CCC[C@H](C)C[C@H](C)C[C@H](C)/C=C(\C)C1=C(C)C(=O)[C@@](C)(O)O1,ab_unsat_carbonyl:1,1,1,,322.5,5.0,1,3,46.5,0
SANC00163_minRM1.pdb,CCC[C@H](C)C[C@H](C)C[C@H](C)/C=C(/C)C1=C(C)C(=O)[C@@](C)(O)O1,ab_unsat_carbonyl:1,1,1,,322.5,5.0,1,3,46.5,0
SANC00164_minRM1.pdb,CCC[C@H](C)C[C@H](C)C[C@H](C)[C@@H]1C(C)=C(C)C(=O)[C@@]1(C)O,ab_unsat_carbonyl:1,1,1,,294.5,4.76,1,2,37.3,0
SANC00165_minRM1.pdb,CCC[C@H](C)C[C@H](C)C[C@H](C)[C@H]1OC(=O)C(C)=C1C,ab_unsat_carbonyl:1,1,1,,266.4,4.74,0,2,26.3,0
SANC00166_minRM1.pdb,CCC[C@H](C)C[C@H](C)C[C@H](C)/C=C(\C)C(=O)O,ab_unsat_carbonyl:1,1,1,,240.4,4.51,1,1,37.3,0
SANC00176_minRM1.pdb,CC1=C(O)C(=O)[C@@H](C(C)C)CC1,ab_unsat_carbonyl:1,1,1,,168.2,2.45,1,2,37.3,0
SANC00180_minRM1.pdb,CC1=C(O)/C(=C/[C@@H](C)CCC/C(C)=C/CC/C(C)=C/CCc2ccoc2)OC1=O,ab_unsat_carbonyl:1,1,1,,398.5,6.96,1,4,59.7,1
SANC00183_minRM1.pdb,C/C1=C/C(=O)O[C@@H]2C[C@@H](CC[C@H](C)/C=C\C=C\CC1)O[C@@](O)([C@@H]1CSC(=O)N1)C2,ab_unsat_carbonyl:1,1,1,,421.6,3.86,2,6,84.9,0
SANC00184_minRM1.pdb,C/C1=C/C(=O)O[C@@H]2C[C@@H](CC[C@H](C)/C=C\CC1)O[C@@](O)([C@@H]1CSC(=O)N1)C2,ab_unsat_carbonyl:1,1,1,,395.5,3.3,2,6,84.9,0
SANC00187_minRM1.pdb,C=C(C)[C@@H](C)CC[C@]1(C)[C@@H]2CC=C(C=O)[C@H](C=O)[C@@]2(C)C[C@H](O)[C@@H]1Cl,ab_unsat_carbonyl:1,1,1,,366.9,4.32,1,3,54.4,0
SANC00188_minRM1.pdb,C=C(C)[C@@H](C)CC[C@]1(C)[C@H]2CC(=O)C3=C(C(=O)OC3)[C@]2(C)C[C@H](O)[C@@H]1Cl,ab_unsat_carbonyl:2,2,1,,380.9,3.81,1,4,63.6,0
SANC00189_minRM1.pdb,C=C1CC[C@H]2[C@@](C)(CC[C@H]3C(C)(C)CCC[C@]23C)[C@@H]1C[C@@H](O)C1=CC(=O)OC1,ab_unsat_carbonyl:1,1,1,,386.6,5.44,1,3,46.5,0
SANC00190_minRM1.pdb,C=C1CCC[C@@]2(C)CC[C@@H](C(C)C)[C@H]2C1=O,ab_unsat_carbonyl:1;exo_methylene_carbonyl:1,2,1,,220.4,3.98,0,1,17.1,0
SANC00191_minRM1.pdb,CC1=C2CC[C@H](C)[C@@H]2[C@@H]2[C@H](CC1=O)C2(C)C,ab_unsat_carbonyl:1,1,1,,218.3,3.59,0,1,17.1,0
SANC00195_minRM1.pdb,CC1=CC(=O)[C@@]23[C@@H]([C@@H](C(C)C)CC[C@@H]2C)[C@H]13,ab_unsat_carbonyl:1,1,1,,218.3,3.45,0,1,17.1,0
SANC00200_minRM1.pdb,C=C(CO)C(=O)O[C@H]1C/C(COC(C)=O)=C\CC/C(C=O)=C\[C@H]2OC(=O)C(=C)[C@H]12,ab_unsat_carbonyl:3;exo_methylene_carbonyl:2,5,1,,404.4,1.34,1,8,116.2,0
SANC00201_minRM1.pdb,C=C[C@]1(COC(C)=O)C[C@H](OC(=O)C(=C)CO)[C@H]2C(=C)C(=O)O[C@@H]2[C@H]1C(=C)C=O,ab_unsat_carbonyl:3;exo_methylene_carbonyl:3,6,1,,404.4,1.05,1,8,116.2,0
SANC00202_minRM1.pdb,C=C(C)[C@@H](Br)C[C@@H](Br)/C(C)=C/C=O,ab_unsat_carbonyl:1,1,1,,310.0,3.62,0,1,17.1,0
SANC00203_minRM1.pdb,C\C(=C/C=C(Cl)/C(C)=C/C=O)CCl,ab_unsat_carbonyl:1,1,1,,219.1,3.44,0,1,17.1,0
SANC00204_minRM1.pdb,CC(/C=C/[C@@H](Cl)[C@@](C)(Cl)CBr)=C\C=O,ab_unsat_carbonyl:1,1,1,,300.0,3.69,0,1,17.1,0
SANC00205_minRM1.pdb,C/C(=C\C[C@@H](Br)/C(C)=C/C=O)CCl,ab_unsat_carbonyl:1,1,1,,265.6,3.47,0,1,17.1,0
SANC00218_minRM1.pdb,Cn1cnc(S[C@H]2[C@H]3C(=O)C=C4S[C@H]5C[C@]42C2=C4c6c(c[nH]c6C(=O)C2N5)CCN43)c1C[C@@H](N)C(=O)O,ab_unsat_carbonyl:1,1,1,,536.6,0.9,4,9,146.3,2
SANC00233_minRM1.pdb,CC(C)CCC[C@@H](C)[C@H]1CC[C@@H](C2=CC(=O)C3=C[C@H](O)CC[C@]3(C)C2=O)[C@]1(C)CCO,ab_unsat_carbonyl:3,3,1,,430.6,5.03,2,4,74.6,0
SANC00235_minRM1.pdb,CC1=C(CC[C@H]2[C@]3(C)CCC(=O)C(C)(C)O[C@H]3CC[C@]2(C)O)[C@@]2(C)CCC(=O)C(C)(C)C2=C(O)C1=O,ab_unsat_carbonyl:2,2,1,,500.7,5.57,2,6,100.9,0
SANC00238_minRM1.pdb,O=C1C=C2NCCc3c[nH]c(c32)C1=O,ab_unsat_carbonyl:1,1,1,imine_one_A(321),188.2,0.27,2,3,62.0,1
SANC00239_minRM1.pdb,NC1=CC2=NCCc3c[nH]c(c32)C1=O,ab_unsat_carbonyl:1,1,1,quinone_A(370),187.2,0.4,2,3,71.2,1
SANC00241_minRM1.pdb,COc1ccc(/C=C2\COc3cc(O)cc(O)c3C2=O)cc1,ab_unsat_carbonyl:1,1,1,,298.3,2.77,2,5,76.0,2
SANC00243_minRM1.pdb,COc1ccc(/C=C2\COc3c(OC)c(O)cc(O)c3C2=O)cc1,ab_unsat_carbonyl:1,1,1,,328.3,2.77,2,6,85.2,2
SANC00244_minRM1.pdb,COc1c(O)cc2c(c1O)C(=O)/C(=C/c1ccc(O)cc1)CO2,ab_unsat_carbonyl:1,1,1,,314.3,2.47,3,6,96.2,2
SANC00246_minRM1.pdb,CC(=O)O[C@H]1CC(C)(C)C(=C=C/C(C)=C/C=C/C(C)=C/C=C/C=C(C)/C=C/C=C(\C)C(=O)C[C@@]23O[C@]2(C)C[C@@H](O)CC3(C)C)[C@](C)(O)C1,ab_unsat_carbonyl:1,1,1,,658.9,8.69,2,6,96.4,0
SANC00247_minRM1.pdb,CC(C)=CCC/C(=C/CC/C(C)=C/CC/C(C)=C/CC1=CC(=O)C=C(C)C1=O)C(=O)O,ab_unsat_carbonyl:5;para_quinone:1,6,2,quinone_A(370),424.6,6.61,1,3,71.4,0
SANC00248_minRM1.pdb,CC(C)=CCC/C(C=O)=C/CC/C(C)=C/CC/C(C)=C/CC1=CC(=O)C=C(C)C1=O,ab_unsat_carbonyl:5;para_quinone:1,6,2,quinone_A(370),408.6,6.73,0,3,51.2,0
SANC00249_minRM1.pdb,O=C1C=C2NCCc3cn([C@H]4O[C@H](CO)[C@@H](O)[C@H]4O)c(c32)C1=O,ab_unsat_carbonyl:1,1,1,imine_one_A(321),320.3,-1.65,4,7,121.0,1
SANC00250_minRM1.pdb,CC(C)=CCC/C(=C/CC/C(C)=C/CC/C(C)=C/Cc1cc(O)cc(C)c1O)C(=O)O,ab_unsat_carbonyl:1,1,1,,426.6,7.16,3,3,77.8,1
SANC00251_minRM1.pdb,NC1=CC2=NCCc3cn([C@H]4O[C@H](CO)[C@@H](O)[C@H]4O)c(c32)C1=O,ab_unsat_carbonyl:1,1,1,quinone_A(370),319.3,-1.52,4,7,130.3,1
SANC00253_minRM1.pdb,COc1c(O)cc(O)c2c1OC/C(=C/c1ccc(O)cc1)C2=O,ab_unsat_carbonyl:1,1,1,,314.3,2.47,3,6,96.2,2
SANC00255_minRM1.pdb,C=C[C@](C)(Cl)[C@H](Cl)/C=C/C(C=O)=C\Cl,ab_unsat_carbonyl:1,1,1,,253.6,3.66,0,1,17.1,0
SANC00257_minRM1.pdb,CC1=C(O)C(=O)C=C2C1=CC=C1[C@@]2(C)CC[C@@]2(C)[C@@H]3C[C@@](C)(O)C(=O)C[C@]3(C)CC[C@]12C,ab_unsat_carbonyl:2,2,1,,436.6,5.54,2,4,74.6,0
SANC00258_minRM1.pdb,O=C1/C(=C\c2ccc(O)cc2)COc2cc(O)cc(O)c21,ab_unsat_carbonyl:1,1,1,,284.3,2.46,3,5,87.0,2
SANC00264_minRM1.pdb,CC1=C(O)C(=O)C=C2C1=CC=C1[C@@]2(C)CC[C@@]2(C)[C@@H]3C[C@@H](C)C(=O)C[C@]3(C)CC[C@]12C,ab_unsat_carbonyl:2,2,1,,420.6,6.42,1,3,54.4,0
SANC00265_minRM1.pdb,CC1=C(O)C(=O)C=C2C1=CC=C1[C@@]2(C)CC[C@@]2(C)[C@@H]3C[C@@H](C)C(=O)[C@@H](O)[C@]3(C)CC[C@]12C,ab_unsat_carbonyl:2,2,1,,436.6,5.39,2,4,74.6,0
SANC00279_minRM1.pdb,C[C@]12CC[C@H](O[C@@H]3O[C@H](CO)[C@@H](O)[C@H](O)[C@H]3O)C[C@H]1CC[C@@H]1[C@@H]2CC[C@]2(C)[C@@H](C3=CC(=O)OC3)CC[C@]12O,ab_unsat_carbonyl:1,1,1,,536.7,1.43,5,9,145.9,0
SANC00280_minRM1.pdb,O=C1CC[C@@]2(C=CNC3=C2C2=NCCc4c[nH]c(c42)C3=O)C=C1Br,ab_unsat_carbonyl:2,2,1,quinone_A(370),384.2,2.56,2,4,74.3,1
SANC00281_minRM1.pdb,CC(=O)OCC1=C[C@H]2[C@@H]3C(C)(C)[C@]3(OC(=O)C(C)C)C[C@@H](C)[C@]2(O)[C@@H]2C=C(C)C(=O)[C@@]2(O)C1,ab_unsat_carbonyl:1,1,1,,460.6,2.74,2,7,110.1,0
SANC00282_minRM1.pdb,CC[C@@H](C)C(=O)O[C@@]12C[C@@H](C)[C@@]3(O)[C@@H](C=C(COC(C)=O)C[C@]4(O)C(=O)C(C)=C[C@@H]34)[C@@H]1C2(C)C,ab_unsat_carbonyl:1,1,1,,474.6,3.13,2,7,110.1,0
SANC00283_minRM1.pdb,C/C=C(/C)C(=O)OC[C@]1(C)[C@H]2[C@@H]3C=C(COC(C)=O)C[C@]4(O)C(=O)C(C)=C[C@H]4[C@@]3(O)[C@H](C)C[C@]21OC(=O)C(C)C,ab_unsat_carbonyl:2,2,1,,558.7,3.23,2,9,136.4,0
SANC00285_minRM1.pdb,C/C=C(/C)C(=O)OC[C@]1(C)[C@H]2[C@@H]3C=C(COC(C)=O)C[C@]4(O)C(=O)C(C)=C[C@H]4[C@@]3(O)[C@H](C)C[C@]21OC(=O)[C@@H](C)CC,ab_unsat_carbonyl:2,2,1,,572.7,3.62,2,9,136.4,0
SANC00292_minRM1.pdb,CO[C@H]1[C@H](O[C@@H]2C[C@@H]3C/C=C/C(=O)O[C@@H](CO)C[C@@H](O)[C@H]4C[C@@H](C)[C@@H](C/C=C\C=C\[C@H](C)C[C@H](C2)O3)O4)O[C@@H](C)[C@H](O)[C@H]1O,ab_unsat_carbonyl:1,1,1,,624.8,2.34,4,11,153.4,0
SANC00297_minRM1.pdb,C=C1[C@@H](C)CC[C@@]2(C)[C@H]1CC=C(C=O)[C@]2(O)C=O,ab_unsat_carbonyl:1,1,1,,248.3,2.05,1,3,54.4,0
SANC00298_minRM1.pdb,C=C(C)C(=O)O[C@H]1C[C@@]23O[C@@H]2CC/C(=C/[C@H]2OC(=O)[C@@H](C)[C@H]12)CO[C@@H]3O,ab_unsat_carbonyl:1;exo_methylene_carbonyl:1,2,1,,364.4,1.25,1,7,94.6,0
SANC00299_minRM1.pdb,C=C[C@@]12COC(=O)C(=C)[C@@H]1[C@H]1OC(=O)C(=C)[C@@H]1[C@@H](OC(=O)C(=C)CO)C2,ab_unsat_carbonyl:3;exo_methylene_carbonyl:3,6,1,,360.4,0.85,1,7,99.1,0
SANC00300_minRM1.pdb,C=C(C)C(=O)O[C@H]1C[C@@]23O[C@@H]2CC/C(=C/[C@H]2OC(=O)C(=C)[C@H]12)CO[C@@H]3O,ab_unsat_carbonyl:2;exo_methylene_carbonyl:2,4,1,,362.4,1.17,1,7,94.6,0
SANC00306_minRM1.pdb,COc1ccc(/C=C2\OC(=O)C=C2c2ccc(O)cc2)cc1Br,ab_unsat_carbonyl:1,1,1,,373.2,4.14,1,4,55.8,2
SANC00307_minRM1.pdb,O=C1C=C(c2ccc(O)c(Br)c2)/C(=C/c2ccc(O)cc2)O1,ab_unsat_carbonyl:1,1,1,,359.2,3.84,2,4,66.8,2
SANC00308_minRM1.pdb,C[C@@H]1C[C@H]2C(C)(C)[C@]23O[C@]2(C)C=C4C(=O)[C@@H](C)C[C@@]4(C1=O)[C@H]3[C@H]2O,ab_unsat_carbonyl:1,1,1,,330.4,2.29,1,4,63.6,0
SANC00309_minRM1.pdb,COc1ccc(/C=C2\OC(=O)C=C2c2ccc(O)c(Br)c2)cc1,ab_unsat_carbonyl:1,1,1,,373.2,4.14,1,4,55.8,2
SANC00312_minRM1.pdb,O=C1C=C(c2ccc(O)c(Br)c2)/C(=C/c2ccc(O)c(Br)c2)O1,ab_unsat_carbonyl:1,1,1,,438.1,4.6,2,4,66.8,2
SANC00313_minRM1.pdb,O=C1C=C(c2ccc(O)cc2)/C(=C/c2ccc(O)cc2)O1,ab_unsat_carbonyl:1,1,1,,280.3,3.08,2,4,66.8,2
SANC00314_minRM1.pdb,C[C@@H]1C[C@@H](C(C)(C)O)[C@]2(O)OO[C@]3(C)C=C4C(=O)[C@@H](C)C[C@@]4(C1=O)[C@H]2[C@H]3O,ab_unsat_carbonyl:1,1,1,,380.4,0.9,3,7,113.3,0
SANC00315_minRM1.pdb,COc1ccc(/C=C2\OC(=O)C=C2c2ccc(O)cc2)cc1,ab_unsat_carbonyl:1,1,1,,294.3,3.38,1,4,55.8,2
SANC00341_minRM1.pdb,C=C[C@@]12COC(=O)C(=C)[C@@H]1[C@@H](O)[C@H](C(=C)C(=O)OC)[C@@H](OC(=O)C(=C)CO)C2,ab_unsat_carbonyl:3;exo_methylene_carbonyl:3,6,1,,392.4,0.46,2,8,119.4,0
SANC00345_minRM1.pdb,COC1=CC(=O)[C@@]23CCN(Cc4c2cc2c(c4OC)OCO2)[C@@H]3C1,ab_unsat_carbonyl:1,1,1,,329.4,1.75,0,6,57.2,1
SANC00349_minRM1.pdb,CC1=C2C[C@H]3CC=CC(=O)[C@]3(C)C[C@]2(O)OC1=O,ab_unsat_carbonyl:2,2,1,,248.3,1.49,1,4,63.6,0
SANC00350_minRM1.pdb,COc1ccc(/C=C2/COc3cc(O)cc(O)c3C2=O)cc1,ab_unsat_carbonyl:1,1,1,,298.3,2.77,2,5,76.0,2
SANC00353_minRM1.pdb,CC1=C2C[C@H]3CC=CC(=O)[C@]3(C)C[C@@H]2OC1=O,ab_unsat_carbonyl:2,2,1,,232.3,2.17,0,3,43.4,0
SANC00354_minRM1.pdb,CC1=C2C[C@H]3CC=CC(=O)[C@]3(C)C=C2OC1=O,ab_unsat_carbonyl:2,2,1,,230.3,2.3,0,3,43.4,0
SANC00364_minRM1.pdb,CC(=O)O[C@H]1C2=C(C(=O)C(O)=C(C(C)C)C2=O)[C@@]2(C)CCCC(C)(C)[C@@H]2[C@@H]1O,ab_unsat_carbonyl:4;para_quinone:1,5,2,quinone_A(370),390.5,3.04,2,6,100.9,0
SANC00365_minRM1.pdb,CC(C)C1=C(O)C(=O)C2=C(C1=O)[C@H](OC=O)[C@@H](O)[C@H]1C(C)(C)CCC[C@]21C,ab_unsat_carbonyl:4;para_quinone:1,5,2,quinone_A(370),376.4,2.65,2,6,100.9,0
SANC00367_minRM1.pdb,CC(C)C1=CC2=CC=C3C(C)(C)C[C@H](OC(=O)c4ccc(O)cc4)C[C@]3(C)C2=C(O)C1=O,ab_unsat_carbonyl:2,2,1,,434.5,5.59,2,5,83.8,1
SANC00369_minRM1.pdb,CC(C)C1=CC2=CC=C3C(C)(C)C[C@H](OC(=O)c4ccc(O)c(O)c4)C[C@]3(C)C2=C(O)C1=O,ab_unsat_carbonyl:2,2,1,catechol_A(92),450.5,5.29,3,6,104.1,1
SANC00370_minRM1.pdb,C[C@@H]1O[C@@H](O[C@@H]2[C@@H](O)[C@H](OCCc3ccc(O)c(O)c3)O[C@H](CO)[C@H]2OC(=O)/C=C/c2ccc(O)c(O)c2)[C@H](O)[C@H](O)[C@H]1O,ab_unsat_carbonyl:1,1,1,catechol_A(92),624.6,-1.02,9,15,245.3,2
SANC00371_minRM1.pdb,CC(C)=CC(=O)OC[C@@]1(C)CCC[C@@]2(C)C1=CC=C1C=C(C(C)C)C(=O)C(O)=C12,ab_unsat_carbonyl:3,3,1,,396.5,5.54,1,4,63.6,0
SANC00372_minRM1.pdb,CC(C)C1=CC2=CC=C3[C@@](C)(COC(=O)c4ccc(O)cc4)CCC[C@]3(C)C2=C(O)C1=O,ab_unsat_carbonyl:2,2,1,,434.5,5.59,2,5,83.8,1
SANC00373_minRM1.pdb,CC(C)C1=CC2=CC=C3[C@@](C)(COC(=O)c4ccc(O)c(O)c4)CCC[C@]3(C)C2=C(O)C1=O,ab_unsat_carbonyl:2,2,1,catechol_A(92),450.5,5.29,3,6,104.1,1
SANC00377_minRM1.pdb,COc1cc2c3c(c1O)C1(C=CC(=O)C=C1)C[C@@H]3N(C)CC2,ab_unsat_carbonyl:2,2,1,,297.4,2.27,1,4,49.8,1
SANC00378_minRM1.pdb,COc1cc2c3c(c1OC)C1(C=CC(=O)C=C1)C[C@H]3N(C)CC2,ab_unsat_carbonyl:2,2,1,,311.4,2.57,0,4,38.8,1
SANC00379_minRM1.pdb,COC1=C[C@]23CCN(C)[C@H](Cc4ccc(OC)c(O)c42)C3=CC1=O,ab_unsat_carbonyl:2,2,1,,327.4,1.94,1,5,59.0,1
SANC00382_minRM1.pdb,COc1cc2c3c(c1O)C1(C=CC(=O)C=C1)C[C@@H]3NCC2,ab_unsat_carbonyl:2,2,1,,283.3,1.92,2,4,58.6,1
SANC00412_minRM1.pdb,CC(=O)Cc1cc(=O)c2c(C)cc(O)c([C@@H]3O[C@@H](COC(=O)/C=C/c4ccc(O)cc4)[C@@H](O)[C@H](O)[C@H]3O)c2o1,ab_unsat_carbonyl:1,1,1,,540.5,1.42,5,11,184.0,3
SANC00421_minRM1.pdb,CC1=C(CC[C@@H]2[C@H](C)CC[C@@H]3OC(C)(C)C(=O)CC[C@]32C)[C@@]2(C)CCC(=O)C(C)(C)[C@@H]2CC1=O,ab_unsat_carbonyl:1,1,1,,470.7,6.65,0,4,60.4,0
SANC00430_minRM1.pdb,C=C1C(=O)O[C@@H]2/C=C(/C)[C@@H](OC(C)=O)C/C=C(/C)C[C@@H](OC(=O)/C(=C/CO)CO)[C@@H]12,ab_unsat_carbonyl:2;exo_methylene_carbonyl:1,3,1,,420.5,1.53,2,8,119.4,0
SANC00431_minRM1.pdb,C=C1C(=O)O[C@H]2/C=C(/C)[C@@H](O)CC/C(C)=C/[C@@H](O)[C@H]12,ab_unsat_carbonyl:1;exo_methylene_carbonyl:1,2,1,,264.3,1.49,2,4,66.8,0
SANC00432_minRM1.pdb,C=C1C(=O)O[C@H]2C[C@@]3(C)[C@H](C(=C)CC[C@@H]3O)[C@@H](O)[C@H]12,ab_unsat_carbonyl:1;exo_methylene_carbonyl:1,2,1,,264.3,1.18,2,4,66.8,0
SANC00433_minRM1.pdb,C=C1C(=O)[C@@]23CC[C@@H]4[C@@]5(C)CCC[C@@]4(OC5=O)[C@@]2(C)CC[C@]1(OC)C3,ab_unsat_carbonyl:1;exo_methylene_carbonyl:1,2,1,,344.5,3.58,0,4,52.6,0
SANC00434_minRM1.pdb,Cc1cc(O)c2c(c1)C(=O)C(c1c(C)cc3c(c1O)C(=O)C=CC3=O)=CC2=O,ab_unsat_carbonyl:4,4,1,quinone_A(370),374.3,3.11,2,6,108.7,2
SANC00435_minRM1.pdb,Cc1cc2c(c(O)c1-c1c(C)cc(O)c3c1C(=O)C=CC3=O)C(=O)C=CC2=O,ab_unsat_carbonyl:4,4,1,quinone_A(370),374.3,3.25,2,6,108.7,2
SANC00436_minRM1.pdb,Cc1cc(O)c2c(c1)C(=O)C=C(C1=CC(=O)c3cc(C)cc(O)c3C1=O)C2=O,ab_unsat_carbonyl:4,4,1,quinone_A(370),374.3,3.03,2,6,108.7,2
SANC00437_minRM1.pdb,Cc1cc(O)c2c(c1)C(=O)C=CC2=O,ab_unsat_carbonyl:2,2,1,quinone_A(370),188.2,1.64,1,3,54.4,1
SANC00438_minRM1.pdb,Cc1cc(O)c2c(c1)C(=O)C=C(c1c(C)cc(O)c3c1C(=O)C=CC3=O)C2=O,ab_unsat_carbonyl:4,4,1,quinone_A(370),374.3,3.11,2,6,108.7,2
SANC00454_minRM1.pdb,C/C=C(\C)C(=O)O[C@@H]1C[C@H]2[C@@H](CC=C3C[C@@H](O[C@H]4C[C@H](OC)[C@H](O[C@H]5C[C@H](OC)[C@H](O[C@@H]6O[C@H](C)[C@@H](O)[C@H](OC)[C@H]6O)[C@@H](C)O5)[C@@H](C)O4)CC[C@@]32C)[C@@]2(O)CC[C@H](C(C)=O)[C@@]12C,ab_unsat_carbonyl:1,1,1,,879.1,4.69,3,15,187.1,0
SANC00455_minRM1.pdb,C/C=C(\C)C(=O)O[C@@H]1C[C@H]2[C@@H](CC=C3C[C@@H](O[C@H]4C[C@H](OC)[C@H](O[C@H]5C[C@H](OC)[C@H](O[C@@H]6O[C@H](C)[C@@H](O[C@H]7C[C@H](OC)[C@H](O)[C@@H](C)O7)[C@H](OC)[C@H]6O)[C@@H](C)O5)[C@@H](C)O4)CC[C@@]32C)[C@@]2(O)CC[C@H](C(C)=O)[C@@]12C,ab_unsat_carbonyl:1,1,1,,1023.3,5.23,3,18,214.8,0
SANC00456_minRM1.pdb,C/C=C(\C)C(=O)O[C@@H]1C[C@@H]2[C@@H]3CC[C@H](O)CC3=CC[C@@]2(C)[C@@]2(O)CC[C@H](C(C)=O)[C@@]12C,ab_unsat_carbonyl:1,1,1,,430.6,4.12,2,5,83.8,0
SANC00459_minRM1.pdb,C/C=C(\C)C(=O)O[C@@H]1C[C@H]2[C@@H](CC=C3C[C@@H](O[C@H]4C[C@H](OC)[C@H](O)[C@@H](C)O4)CC[C@@]32C)[C@@]2(O)CC[C@H](C(C)=O)[C@@]12C,ab_unsat_carbonyl:1,1,1,,574.8,4.65,2,8,111.5,0
SANC00469_minRM1.pdb,O=C(O)/C=C/c1ccc(O)cc1,ab_unsat_carbonyl:1,1,1,,164.2,1.49,2,2,57.5,1
SANC00488_minRM1.pdb,C[C@@H]1[C@]2(O[C@H]3C=C4[C@H]5CC[C@H]6Cc7nc8c(nc7C[C@]6(C)[C@@H]5C[C@H](O)[C@@]4(C)[C@]31O)C[C@@H]1CC[C@]3(O)C(=CC(=O)[C@@]45CO[C@@]6(OC(C)(C)C[C@H]6O)[C@@H](C)[C@@H]4C[C@@H]4O[C@@]453)[C@@]1(C)C8)O[C@@](C)(CO)C[C@H]2O,ab_unsat_carbonyl:1,1,1,,941.2,3.75,6,14,213.7,1
SANC00489_minRM1.pdb,C[C@@H]1[C@]2(O[C@@H]3C=C4[C@@H]5CC[C@H]6Cc7nc8c(nc7C[C@]6(C)[C@H]5C[C@H](O)[C@]4(C)[C@]13O)C[C@@H]1CC[C@@]3(O)C(=CC(=O)[C@]45CO[C@@]6(OC(C)(C)[C@@H](C)[C@@H]6O)[C@@H](C)[C@H]4C[C@H]4O[C@@]435)[C@@]1(C)C8)O[C@](C)(CO)C[C@@H]2O,ab_unsat_carbonyl:1,1,1,,955.2,4.0,6,14,213.7,1
SANC00518_minRM1.pdb,C=C(C)[C@H]1CC[C@]2(C)CC[C@]3(C)[C@H](CC[C@@H]4[C@@]5(C)CC[C@H](OC(=O)/C=C/c6ccc(OC)c(O)c6)C(C)(C)[C@@H]5CC[C@]43C)[C@@H]12,ab_unsat_carbonyl:1,1,1,,602.9,10.0,1,4,55.8,1
SANC00519_minRM1.pdb,COc1c(O)ccc(C(=O)/C=C/c2cccc(O)c2)c1O,ab_unsat_carbonyl:1,1,1,,286.3,2.71,3,5,87.0,2
SANC00521_minRM1.pdb,O=C(/C=C/c1cccc(O)c1)c1ccc(O)cc1O,ab_unsat_carbonyl:1,1,1,,256.3,2.7,3,4,77.8,2
SANC00522_minRM1.pdb,O=C(/C=C/c1ccccc1)c1ccc(O)cc1O,ab_unsat_carbonyl:1,1,1,,240.3,2.99,2,3,57.5,2
SANC00523_minRM1.pdb,COc1c(O)cc(O)c2c1OC/C(=C\c1ccc(O)cc1)C2=O,ab_unsat_carbonyl:1,1,1,,314.3,2.47,3,6,96.2,2
SANC00524_minRM1.pdb,CC1=C2c3c(C)cc(O)c4c(O[C@@H]5O[C@H](CO[C@@H]6OC[C@@H](O)[C@H](O)[C@H]6O)[C@@H](O)[C@H](O)[C@H]5O)ccc(c34)O[C@]2(O)c2c(O[C@@H]3O[C@H](CO)[C@@H](O)[C@H](O)[C@H]3O)ccc(O)c2C1=O,ab_unsat_carbonyl:1,1,1,,848.8,-3.41,13,21,344.7,3
SANC00526_minRM1.pdb,CC1=C2c3c(C)cc(O)c4c(O[C@@H]5O[C@H](CO[C@@H]6OC[C@@H](O)[C@H](O)[C@H]6O)[C@@H](O)[C@H](O)[C@H]5O)ccc(c34)O[C@]2(O)c2c(O[C@@H]3O[C@H](CO[C@H]4OC[C@@H](O)[C@H](O)[C@H]4O)[C@@H](O)[C@H](O)[C@H]3O)ccc(O)c2C1=O,ab_unsat_carbonyl:1,1,1,,980.9,-4.95,15,25,403.6,3
SANC00529_minRM1.pdb,COc1c(O)c(O)c(O)c2c1OC/C(=C/c1ccc(O)cc1)C2=O,ab_unsat_carbonyl:1,1,1,catechol_A(92),330.3,2.18,4,7,116.5,2
SANC00530_minRM1.pdb,CO[C@]1(CC=C(C)C)C(=O)[C@@](O)(C(=O)/C=C/c2ccccc2)C(=O)C(CC=C(C)C)=C1O,ab_unsat_carbonyl:2,2,1,,438.5,4.06,2,6,100.9,1
SANC00536_minRM1.pdb,CO[C@@]1(C)/C=C/[C@@H](C(C)C)CCC2=C[C@H](C/C(C)=C/CC1)OC2=O,ab_unsat_carbonyl:1,1,1,,332.5,4.98,0,3,35.5,0
SANC00537_minRM1.pdb,CO[C@@]1(C)/C=C/[C@@](O)(C(C)C)CCC2=C[C@H](C/C(C)=C/CC1)OC2=O,ab_unsat_carbonyl:1,1,1,,348.5,4.1,1,4,55.8,0
SANC00538_minRM1.pdb,C/C1=C\CC[C@@](C)(O)/C=C/[C@@](O)(C(C)C)CCC2=C[C@H](C1)OC2=O,ab_unsat_carbonyl:1,1,1,,334.5,3.44,2,4,66.8,0
SANC00539_minRM1.pdb,C=C(C)/C1=C\C=C(\C)CC/C=C(\C)C[C@H]2C=C(CC1)C(=O)O2,ab_unsat_carbonyl:1,1,1,,298.4,5.2,0,2,26.3,0
SANC00541_minRM1.pdb,CO[C@@H]1C/C=C(\C)C[C@H]2C=C(CC/C(C(C)C)=C/C=C\1C)C(=O)O2,ab_unsat_carbonyl:1,1,1,,330.5,4.9,0,3,35.5,0
SANC00542_minRM1.pdb,C=C1C[C@H]2C=C(CC[C@](O)(C(C)C)/C=C/[C@@](C)(O)CC[C@@H]1O)C(=O)O2,ab_unsat_carbonyl:1,1,1,,350.5,2.41,3,5,87.0,0
SANC00548_minRM1.pdb,C[C@H](CC[C@H](O)C(C)(C)O[C@@H]1O[C@H](CO)[C@@H](O)[C@H](O)[C@H]1O)[C@H]1CC[C@@]2(C)[C@@H]3[C@@H](O)C[C@H]4C(C)(C)C=CC(=O)[C@@]45C[C@@]35CC[C@]12C,ab_unsat_carbonyl:1,1,1,,634.9,3.11,6,9,156.9,0
SANC00551_minRM1.pdb,CC1=CC(=O)[C@H](OC(=O)c2ccoc2)[C@@]2(C)[C@@H](OC(=O)c3ccoc3)C[C@@H]3C[C@]12OC3(C)C,ab_unsat_carbonyl:1,1,1,,454.5,4.12,0,8,105.2,2
SANC00556_minRM1.pdb,CC(C)c1c(O)c(O)cc2c1[C@@]1(C)CCCC(C)(C)C1=C(O)C2=O,ab_unsat_carbonyl:1,1,1,catechol_A(92),330.4,4.7,3,4,77.8,1
SANC00560_minRM1.pdb,COC(=O)C1=CO[C@@H](O)[C@@H]2C(CO)=CC[C@H]12,ab_unsat_carbonyl:1,1,1,,226.2,-0.05,2,5,76.0,0
SANC00561_minRM1.pdb,COC(=O)C1=CO[C@@H](O)[C@@H]2C(COC(C)=O)=CC[C@H]12,ab_unsat_carbonyl:1,1,1,,268.3,0.52,1,6,82.1,0
SANC00578_minRM1.pdb,CC(C)/C1=C\[C@@H]2O[C@]2(C)CCC[C@@H](CO)C(=O)CC[C@@H](C)[C@H](O)C1=O,ab_unsat_carbonyl:1,1,1,,352.5,2.43,2,5,87.1,0
SANC00581_minRM1.pdb,CC(=O)O[C@@H]1[C@H](OC[C@H]2C[C@H]3[C@H](C[C@@H](OC(=O)/C=C/c4cn(C)cn4)[C@@]4(C)C=C[C@]2(O)O4)C(C)=CC[C@H]3C(C)C)OC[C@H](O)[C@@H]1OC(C)=O,ab_unsat_carbonyl:1,1,1,,686.8,3.24,2,12,164.9,1
SANC00582_minRM1.pdb,CC(=O)O[C@@H]1[C@H](OC[C@H]2C[C@H]3[C@H](C[C@@H](OC(=O)/C=C/c4cn(C)cn4)[C@@]4(C)C=C[C@]2(O)O4)C(C)=CC[C@@H]3C(C)C)OC[C@H](OC(C)=O)[C@@H]1O,ab_unsat_carbonyl:1,1,1,,686.8,3.24,2,12,164.9,1
SANC00583_minRM1.pdb,COC(=O)[C@@H]1C[C@@H]2[C@@H](C(C)C)CC=C(C)[C@@H]2C[C@H](OC(=O)/C=C/c2cn(C)cn2)[C@]2(C)C=C[C@@]1(O)O2,ab_unsat_carbonyl:1,1,1,,498.6,3.82,1,7,99.9,1
SANC00588_minRM1.pdb,CC1=C(CCC2=C(C)C(=O)C(O)=C3C(C)(C)C(=O)CC[C@]23C)[C@]2(C)CCC(=O)C(C)(C)O[C@H]2CC1,ab_unsat_carbonyl:2,2,1,,482.7,6.52,1,5,80.7,0
SANC00591_minRM1.pdb,CC1=C(CC[C@@]23CCC(=O)C(C)(C)C2=C(O)C(=O)C(C)=C3C)[C@]2(C)CCC(=O)C(C)(C)O[C@H]2CC1,ab_unsat_carbonyl:2,2,1,,482.7,6.52,1,5,80.7,0
SANC00594_minRM1.pdb,CC1=C(CC[C@H]2[C@@H](C)CC[C@H]3OC(C)(C)C(=O)CC[C@@]32C)[C@]2(C)CCC(=O)C(C)(C)C2=C(O)C1=O,ab_unsat_carbonyl:2,2,1,,484.7,6.45,1,5,80.7,0
SANC00603_minRM1.pdb,C/C=C1/C(=O)C[C@@]2(C)[C@@H]3CC[C@H]4C(C)(C)[C@@H](N(C)C)CC[C@@]45C[C@@]35CC[C@]12C,ab_unsat_carbonyl:1,1,1,,383.6,5.86,0,2,20.3,0
SANC00606_minRM1.pdb,NCCCCNC(=O)/C=C/c1ccc(O)cc1,ab_unsat_carbonyl:1,1,1,,234.3,1.26,3,3,75.3,1
SANC00612_minRM1.pdb,O=C1/C(=C/c2ccc(O)cc2)COc2cc(O)cc(O)c21,ab_unsat_carbonyl:1,1,1,,284.3,2.46,3,5,87.0,2
SANC00616_minRM1.pdb,CC(=O)O[C@H]1[C@H](O[C@H]2C[C@H]3[C@@H]4CC=C5C[C@@H](O)CC[C@]5(C)[C@H]4CC[C@]3(C)[C@@]2(O)[C@H](C)C(=O)CCC(C)C)OC[C@H](O)[C@@H]1O[C@@H]1OC[C@@H](O)[C@H](O)[C@H]1OC(=O)/C=C/c1ccccc1,ab_unsat_carbonyl:1,1,1,,869.1,4.42,5,14,207.7,1
SANC00618_minRM1.pdb,CC(=O)O[C@H]1[C@H](O[C@H]2C[C@H]3[C@@H]4CC=C5C[C@@H](O[C@@H]6O[C@H](CO)[C@@H](O)[C@H](O)[C@H]6O)CC[C@]5(C)[C@H]4CC[C@]3(C)[C@@]2(O)[C@H](C)C(=O)CCC(C)C)OC[C@H](O)[C@@H]1O[C@@H]1OC[C@@H](O)[C@H](O)[C@H]1OC(=O)/C=C/c1ccccc1,ab_unsat_carbonyl:1,1,1,,1031.2,2.24,8,19,286.9,1
SANC00621_minRM1.pdb,C/C=C1/C[C@@H](C)[C@@](C)(O)C(=O)OCC2=CCN3CC[C@@H](OC1=O)[C@@H]23,ab_unsat_carbonyl:1,1,1,,335.4,1.19,1,6,76.1,0
SANC00622_minRM1.pdb,C=C1C/C(=C/C)C(=O)O[C@@H]2CCN3CC=C(COC(=O)[C@]1(C)O)[C@H]23,ab_unsat_carbonyl:1,1,1,,333.4,1.11,1,6,76.1,0
SANC00623_minRM1.pdb,C=C1C/C(=C\C)C(=O)O[C@@H]2CCN3CC=C(COC(=O)[C@@]1(C)O)[C@H]23,ab_unsat_carbonyl:1,1,1,,333.4,1.11,1,6,76.1,0
SANC00624_minRM1.pdb,C/C=C1\C[C@@H](C)[C@@](C)(O)C(=O)OC[C@@H]2[C@@H]3[C@@H](CCN3C[C@H]2O)OC1=O,ab_unsat_carbonyl:1,1,1,,353.4,0.24,2,7,96.3,0
SANC00625_minRM1.pdb,C=C1C/C(=C/C)C(=O)O[C@@H]2CCN3CC=C(COC(=O)[C@]1(C)OC(C)=O)[C@H]23,ab_unsat_carbonyl:1,1,1,,375.4,1.68,0,7,82.1,0
SANC00648_minRM1.pdb,C=C1[C@@H](C)CC[C@@]2(C)[C@H]1CC=C1C(=O)OC[C@@]12O,ab_unsat_carbonyl:1,1,1,,248.3,2.21,1,3,46.5,0
SANC00649_minRM1.pdb,CC1(C)CCC[C@@]2(C)C(C=O)=C(C=O)CC[C@H]12,ab_unsat_carbonyl:2,2,1,,234.3,3.31,0,2,34.1,0
SANC00650_minRM1.pdb,CC1(C)CCC[C@]2(C)[C@@H](C=O)C(C=O)=CC[C@@H]12,ab_unsat_carbonyl:1,1,1,,234.3,3.16,0,2,34.1,0
SANC00651_minRM1.pdb,CC1(C)CCC[C@@]2(C)[C@H]1CC=C(C=O)[C@]2(O)C=O,ab_unsat_carbonyl:1,1,1,,250.3,2.28,1,3,54.4,0
SANC00652_minRM1.pdb,CC1(C)CCC[C@@]2(C)[C@H]1[C@@H](O)C=C(C=O)[C@]2(O)C=O,ab_unsat_carbonyl:1,1,1,,266.3,1.25,2,4,74.6,0
SANC00657_minRM1.pdb,C=C1C(=O)O[C@@H]2/C=C(/CO)CC/C=C(/C=O)C[C@H](O)[C@@H]12,ab_unsat_carbonyl:2;exo_methylene_carbonyl:1,3,1,,278.3,0.67,2,5,83.8,0
SANC00658_minRM1.pdb,C[C@@H]1C(=O)O[C@@H]2/C=C(\CO)CC/C=C(/C=O)C[C@H](O)[C@@H]12,ab_unsat_carbonyl:1,1,1,,280.3,0.75,2,5,83.8,0
SANC00659_minRM1.pdb,C=C1C(=O)O[C@@H]2/C=C(/COC(C)=O)CC/C=C(/COC(C)=O)CC[C@@H]12,ab_unsat_carbonyl:1;exo_methylene_carbonyl:1,2,1,,348.4,2.64,0,6,78.9,0
SANC00660_minRM1.pdb,C=C1C(=O)O[C@@H]2/C=C(/CO)CC/C=C(/COC(C)=O)CC[C@@H]12,ab_unsat_carbonyl:1;exo_methylene_carbonyl:1,2,1,,306.4,2.07,1,5,72.8,0
SANC00661_minRM1.pdb,C=C1C(=O)O[C@@H]2/C=C(/COC(C)=O)CC/C=C(/C=O)CC[C@@H]12,ab_unsat_carbonyl:2;exo_methylene_carbonyl:1,3,1,,304.3,2.27,0,5,69.7,0
SANC00662_minRM1.pdb,C=C1C(=O)O[C@@H]2/C=C(/CO)CC/C=C(/C=O)CC[C@@H]12,ab_unsat_carbonyl:2;exo_methylene_carbonyl:1,3,1,,262.3,1.7,1,4,63.6,0
SANC00691_minRM1.pdb,CC1=C2CC[C@@]34C=C[C@@](C)(CC[C@H]3[C@]2(C)C=C(O)C1=O)C4,ab_unsat_carbonyl:2,2,1,,284.4,4.49,1,2,37.3,0
SANC00697_minRM1.pdb,C/C1=C\CC[C@](C)(O)/C=C/[C@@](O)(C(C)C)CCC2=C[C@H](C1)OC2=O,ab_unsat_carbonyl:1,1,1,,334.5,3.44,2,4,66.8,0
SANC00698_minRM1.pdb,C=C1C[C@H]2C=C(CC[C@](O)(C(C)C)/C=C/[C@@](C)(O)CC[C@H]1O)C(=O)O2,ab_unsat_carbonyl:1,1,1,,350.5,2.41,3,5,87.0,0
SANC00699_minRM1.pdb,CC(C)[C@]1(O)/C=C/[C@](C)(O)C/C=C/[C@](C)(O)C[C@H]2C=C(CC1)C(=O)O2,ab_unsat_carbonyl:1,1,1,,350.5,2.41,3,5,87.0,0
SANC00701_minRM1.pdb,CC1=C/C/C=C(\C)C[C@H]2C=C(CC[C@H](C(C)C)/C=C\1)C(=O)O2,ab_unsat_carbonyl:1,1,1,,300.4,5.13,0,2,26.3,0
SANC00702_minRM1.pdb,C/C1=C\CC[C@](C)(O)/C=C/[C@@H](C(C)C)CCC2=C[C@H](C1)OC2=O,ab_unsat_carbonyl:1,1,1,,318.5,4.33,1,3,46.5,0
SANC00703_minRM1.pdb,CC[C@H](/C=C/[C@@H](C)[C@H]1CC[C@H]2[C@@H]3CCC4=CC(=O)CC[C@]4(C)[C@H]3CC[C@]12C)C(C)C,ab_unsat_carbonyl:1,1,1,,410.7,8.01,0,1,17.1,0
SANC00706_minRM1.pdb,CN[C@H](C(=O)N[C@H](C(=O)N(C)[C@H](/C=C(\C)C(=O)O)C(C)C)C(C)(C)C)C(C)(C)c1cn(C)c2ccccc12,ab_unsat_carbonyl:1,1,1,,526.7,4.09,3,4,103.7,2
SANC00711_minRM1.pdb,CC(=O)Cc1cc(=O)c2c(C)cc(O)c([C@@H]3O[C@H](CO)[C@@H](O)[C@H](O)[C@H]3OC(=O)/C=C/c3ccc(O)cc3)c2o1,ab_unsat_carbonyl:1,1,1,,540.5,1.42,5,11,184.0,3
SANC00714_minRM1.pdb,C[C@@H]1O[C@@H](O[C@H]2C[C@@H](O)[C@]3(CO)[C@H]4[C@H](O)C[C@]5(C)[C@@H](C6=CC(=O)OC6)CC[C@]5(O)[C@@H]4CC[C@]3(O)C2)[C@H](O)[C@H](O)[C@H]1O,ab_unsat_carbonyl:1,1,1,,584.7,-1.51,8,12,206.6,0
SANC00715_minRM1.pdb,CO[C@@H]1[C@H](O)[C@@H](O[C@@H]2C[C@H]3CC[C@@H]4[C@H](CC[C@]5(C)[C@@H](C6=CC(=O)OC6)CC[C@]45O)[C@@]3(C)[C@H](O)C2)O[C@@H](C)[C@@H]1O,ab_unsat_carbonyl:1,1,1,,550.7,2.08,4,9,134.9,0
SANC00716_minRM1.pdb,CC1=CC(=O)C(C/C=C(\C)CC/C=C(\C)CC(=O)CC(C)C)=CC1=O,ab_unsat_carbonyl:4;para_quinone:1,5,2,quinone_A(370),342.5,5.08,0,3,51.2,0
SANC00720_minRM1.pdb,C=CC(C)(C)c1[nH]c2ccccc2c1/C=C1\NC(=O)[C@H](C)NC1=O,ab_unsat_carbonyl:1,1,1,,323.4,2.61,3,2,74.0,2
SANC00724_minRM1.pdb,CC1=CC(=O)C(C/C=C(\C)CCC/C(C)=C\C(=O)CC(C)C)=CC1=O,ab_unsat_carbonyl:5;para_quinone:1,6,2,quinone_A(370),342.5,5.08,0,3,51.2,0
SANC00725_minRM1.pdb,C/C(=C/C(=O)CC(C)C)CCC/C(C)=C/Cc1cc(O)c(C)cc1O,ab_unsat_carbonyl:1,1,1,,344.5,5.63,2,3,57.5,1
SANC00727_minRM1.pdb,CC(=O)Oc1cc(C)c(O)cc1C/C=C(\C)CCC/C(C)=C\C(=O)CC(C)C,ab_unsat_carbonyl:1,1,1,,386.5,5.85,1,4,63.6,1
SANC00733_minRM1.pdb,CC(C)=CC(=O)O[C@@H]1C[C@@H]2C(C)=CC(=O)[C@H](C(C)C)[C@H]2/C=C(/C)[C@@]2(O)C=C[C@@]1(C)O2,ab_unsat_carbonyl:2,2,1,,414.5,4.28,1,5,72.8,0
SANC00734_minRM1.pdb,CC1=CC(=O)[C@@H](C(C)C)[C@@H]2/C=C(/C)[C@]3(O)C=C[C@@](C)(O3)[C@H](OC(=O)Cc3ccccc3)C[C@H]12,ab_unsat_carbonyl:1,1,1,,450.6,4.56,1,5,72.8,1
SANC00736_minRM1.pdb,CC1=C/C(=C/[C@H](C)CCC/C(C)=C/CC/C(C)=C/CCc2ccoc2)OC1=O,ab_unsat_carbonyl:1,1,1,,382.5,7.08,0,3,39.4,1
SANC00737_minRM1.pdb,C/C(=C/CC/C(C)=C/CCc1ccoc1)CCC[C@@H](C)/C=C1\C=C(CO)C(=O)O1,ab_unsat_carbonyl:1,1,1,,398.5,6.05,1,4,59.7,1
SANC00751_minRM1.pdb,CC[C@H](CC[C@@H](C)[C@H]1CC[C@H]2[C@@H]3CCC4=CC(=O)CC[C@]4(C)[C@H]3CC[C@]12C)C(C)C,ab_unsat_carbonyl:1,1,1,,412.7,8.23,0,1,17.1,0
SANC00771_minRM1.pdb,C/C=C1\C[C@@H](C)[C@@](C)(O)C(=O)OCC2=CCN3CC[C@@H](OC1=O)[C@@H]23,ab_unsat_carbonyl:1,1,1,,335.4,1.19,1,6,76.1,0
SANC00774_minRM1.pdb,C/C=C1\C[C@@H](C)[C@@](C)(O)C(=O)OC/C2=C/CN(C)CC[C@@H](OC1=O)C2=O,ab_unsat_carbonyl:2,2,1,,365.4,1.01,1,7,93.1,0
SANC00781_minRM1.pdb,C[C@@H]1C[C@@]2(O[C@H]2C)C(=O)O[C@@H]2CCN(C)C/C=C(/COC(=O)[C@]1(C)O)C2=O,ab_unsat_carbonyl:1,1,1,,381.4,0.22,1,8,105.7,0
SANC00782_minRM1.pdb,CC(=O)O[C@@]1(C)C(=O)OC/C2=C/CN(C)CC[C@@H](OC(=O)[C@@]3(C[C@H]1C)O[C@H]3C)C2=O,ab_unsat_carbonyl:1,1,1,,423.5,0.79,0,9,111.7,0
SANC00783_minRM1.pdb,CC(=O)O[C@]1(C)C(=O)OC/C2=C/CN(C)CC[C@H](OC(=O)[C@](O)([C@@H](C)O)C[C@H]1C)C2=O,ab_unsat_carbonyl:1,1,1,,441.5,-0.25,2,10,139.7,0
SANC00784_minRM1.pdb,C=C1C/C(=C/C)C(=O)O[C@@H]2CCN3CC=C(COC(=O)[C@@]1(O)CO)[C@H]23,ab_unsat_carbonyl:1,1,1,,349.4,0.09,2,7,96.3,0
SANC00787_minRM1.pdb,C[C@@H]1C[C@@](O)([C@H](C)O)C(=O)O[C@@H]2CCN(C)C/C=C(/COC(=O)[C@@]1(C)O)C2=O,ab_unsat_carbonyl:1,1,1,,399.4,-0.82,3,9,133.6,0
SANC00788_minRM1.pdb,CC(=O)O[C@]1(C)C(=O)OC/C2=C/CN(C)CC[C@@H](OC(=O)[C@](O)([C@H](C)Cl)C[C@@H]1C)C2=O,ab_unsat_carbonyl:1,1,1,,459.9,0.99,1,9,119.4,0
SANC00789_minRM1.pdb,C=C1C(=O)O[C@@H]2CCN3CC=C(COC(=O)[C@@](C)(O)[C@@H](C)[C@H]1C)[C@H]23,ab_unsat_carbonyl:1;exo_methylene_carbonyl:1,2,1,,335.4,1.05,1,6,76.1,0
SANC00793_minRM1.pdb,C[C@@H]1C[C@@](O)([C@@H](C)Cl)C(=O)O[C@@H]2CCN(C)C/C=C(/COC(=O)[C@@]1(C)O)C2=O,ab_unsat_carbonyl:1,1,1,,417.9,0.42,2,8,113.4,0
SANC00796_minRM1.pdb,C/C=C1\C[C@@H](C)[C@@](C)(O)C(=O)OC[C@H]2CCN(C)CC[C@@H](OC1=O)C2=O,ab_unsat_carbonyl:1,1,1,,367.4,1.09,1,7,93.1,0
SANC00797_minRM1.pdb,C[C@@H]1C/C(=C\CO)C(=O)O[C@@H]2CCN3CC=C(COC(=O)[C@]1(C)O)[C@H]23,ab_unsat_carbonyl:1,1,1,,351.4,0.17,2,7,96.3,0
SANC00799_minRM1.pdb,C=C1C/C(=C/C)C(=O)O[C@@H]2CCN3CC=C(COC(=O)[C@@]1(C)OC(C)=O)[C@H]23,ab_unsat_carbonyl:1,1,1,,375.4,1.68,0,7,82.1,0
SANC00807_minRM1.pdb,C=C1C2=CC[C@@H](c3ccoc3)[C@]2(C)[C@@H](OC(C)=O)[C@H](OC(C)=O)[C@@H]1[C@@]1(C)C=CC(=O)C(C)(C)[C@@H]1CC(=O)OC,ab_unsat_carbonyl:1,1,1,,538.6,5.1,0,8,109.1,1
SANC00808_minRM1.pdb,C=C1C2=CC[C@@H](c3ccoc3)[C@]2(C)[C@@H](O)[C@H](OC(C)=O)[C@@H]1[C@@]1(C)C=CC(=O)C(C)(C)[C@@H]1CC(=O)OC,ab_unsat_carbonyl:1,1,1,,496.6,4.53,1,7,103.0,1
SANC00809_minRM1.pdb,C=C1C2=CC[C@H](C3=C[C@H](O)OC3=O)[C@]2(C)[C@@H](OC(C)=O)[C@H](OC(C)=O)[C@@H]1[C@@]1(C)C=CC(=O)C(C)(C)[C@@H]1CC(=O)OC,ab_unsat_carbonyl:2,2,1,,570.6,3.14,1,10,142.5,0
SANC00810_minRM1.pdb,C=C1C2=CC[C@H](C3=CC(=O)O[C@@H]3O)[C@]2(C)[C@@H](OC(C)=O)[C@H](OC(C)=O)[C@@H]1[C@@]1(C)C=CC(=O)C(C)(C)[C@@H]1CC(=O)OC,ab_unsat_carbonyl:2,2,1,,570.6,3.14,1,10,142.5,0
SANC00811_minRM1.pdb,C=C1C2=CC[C@H](C3=CCOC3=O)[C@]2(C)[C@@H](O)[C@H](OC(C)=O)[C@@H]1[C@@]1(C)C=CC(=O)C(C)(C)[C@@H]1CC(=O)OC,ab_unsat_carbonyl:2,2,1,,512.6,3.25,1,8,116.2,0
SANC00822_minRM1.pdb,C[C@H]1COC2=C1C(=O)C(=O)c1c2ccc2c1CCCC2(C)C,ab_unsat_carbonyl:1,1,1,imine_one_A(321),296.4,3.44,0,3,43.4,1
SANC00830_minRM1.pdb,COc1cc(O)c2c(c1OC)C(=O)C(CC(C)=O)=C(C)C2=O,ab_unsat_carbonyl:2,2,1,quinone_A(370),304.3,2.08,1,6,89.9,1
SANC00837_minRM1.pdb,C[C@]12CC[C@H](O[C@H]3O[C@H](CO)[C@@H](O)[C@@H](O)[C@H]3O)C[C@H]1CC[C@H]1[C@@H]2CC[C@@]2(C)[C@H](C3=CC(=O)OC3)CC[C@]12O,ab_unsat_carbonyl:1,1,1,,536.7,1.43,5,9,145.9,0
SANC00852_minRM1.pdb,COC(=O)/C=C/c1ccc(O)c(O)c1,ab_unsat_carbonyl:1,1,1,catechol_A(92),194.2,1.28,2,4,66.8,1
SANC00853_minRM1.pdb,O=C(/C=C/c1ccc(O)c(O)c1)O[C@H](Cc1ccc(O)c(O)c1)C(=O)O,ab_unsat_carbonyl:1,1,1,catechol_A(92),360.3,1.76,5,7,144.5,2
SANC00867_minRM1.pdb,O=C(/C=C/c1ccc(O)cc1)OC[C@H]1O[C@@H](Oc2c(-c3ccc(O)cc3)oc3cc(O)cc(O)c3c2=O)[C@H](O)[C@@H](O)[C@@H]1O,ab_unsat_carbonyl:1,1,1,,594.5,1.73,7,13,216.6,4
SANC00871_minRM1.pdb,C=C1C[C@@H](O)C[C@@]2(C)C[C@@H]3OC(=O)C(=C)[C@@H]3C[C@H]12,ab_unsat_carbonyl:1;exo_methylene_carbonyl:1,2,1,,248.3,2.21,1,3,46.5,0
SANC00872_minRM1.pdb,CC1=C2[C@@H](O)[C@@H]3[C@H](C)C(=O)O[C@@H]3C[C@H](C)[C@H]2CC1=O,ab_unsat_carbonyl:1,1,1,,264.3,1.47,1,4,63.6,0
SANC00873_minRM1.pdb,CC1=C2[C@H]3O[C@]34CC[C@@H]3C(C)(C)CCC[C@@]3(C)[C@@H]4[C@H]3O[C@@]23OC1=O,ab_unsat_carbonyl:1,1,1,,330.4,3.35,0,4,51.4,0
SANC00874_minRM1.pdb,C[C@@H]1OC2=C(C(=O)C(=O)c3ccccc32)C1(C)C,ab_unsat_carbonyl:1,1,1,imine_one_A(321),242.3,2.61,0,3,43.4,1
SANC00878_minRM1.pdb,CC1=C2C[C@H]3CC[C@H](C)[C@]2(CC1=O)C3(C)C,ab_unsat_carbonyl:1,1,1,,218.3,3.74,0,1,17.1,0
SANC00891_minRM1.pdb,C/C=C1/[C@H](O[C@@H]2O[C@H](CO)[C@@H](O)[C@H](O)[C@H]2O)OC=C(C(=O)OC)[C@H]1CC(=O)OCCc1ccc(O)c(O)c1,ab_unsat_carbonyl:1,1,1,catechol_A(92),540.5,-0.63,6,13,201.7,1
SANC00893_minRM1.pdb,COc1cc(C)c2c(=O)cc(CC(C)=O)oc2c1[C@@H]1O[C@H](CO)[C@@H](O)[C@H](O)[C@H]1OC(=O)/C=C/c1ccc(O)cc1,ab_unsat_carbonyl:1,1,1,,554.5,1.73,4,11,173.0,3
SANC00903_minRM1.pdb,CC1=CC(=O)[C@@H](C(C)C)CC1,ab_unsat_carbonyl:1,1,1,,152.2,2.57,0,1,17.1,0
SANC00904_minRM1.pdb,C[C@]12CC[C@@H](O[C@H]3O[C@H](CO[C@@H]4O[C@@H](CO)[C@H](O)[C@H](O)[C@H]4O)[C@H](O)[C@@H](O)[C@@H]3O)C[C@H]1CC[C@H]1[C@H]2CC[C@]2(C)[C@H](C3=CC(=O)OC3)CC[C@@]12O,ab_unsat_carbonyl:1,1,1,,698.8,-0.75,8,14,225.1,0
SANC00905_minRM1.pdb,C[C@]12CC[C@H](O[C@@H]3O[C@H](CO)[C@@H](O)[C@H](O)[C@H]3O[C@@H]3O[C@H](CO)[C@@H](O)[C@H](O)[C@H]3O)CC1=CC[C@@H]1[C@@H]2CC[C@]2(C)[C@@H](C3=CC(=O)OC3)CC[C@]12O,ab_unsat_carbonyl:1,1,1,,696.8,-0.83,8,14,225.1,0
SANC00906_minRM1.pdb,C[C@]12CC[C@H](O)C[C@@H]1CC[C@@H]1[C@@H]2CC[C@]2(C)[C@@H](C3=CC(=O)OC3)CC[C@]12O,ab_unsat_carbonyl:1,1,1,,374.5,3.6,2,4,66.8,0
SANC00907_minRM1.pdb,C[C@]12CC[C@H](O)CC1=CC[C@@H]1[C@H]2CC[C@]2(C)[C@H](C3=CC(=O)OC3)CC[C@]12O,ab_unsat_carbonyl:1,1,1,,372.5,3.52,2,4,66.8,0
SANC00928_minRM1.pdb,CC(=O)/C=C/[C@H]1C(C)=CCCC1(C)C,ab_unsat_carbonyl:1,1,1,,192.3,3.51,0,1,17.1,0
SANC00929_minRM1.pdb,CC1=CC(=O)CC(C)(C)[C@@]1(O)/C=C/[C@@H](C)O,ab_unsat_carbonyl:1,1,1,,224.3,1.6,2,3,57.5,0
SANC00930_minRM1.pdb,C/C=C/C(=O)[C@H]1C(C)=CCCC1(C)C,ab_unsat_carbonyl:1,1,1,,192.3,3.51,0,1,17.1,0
SANC00931_minRM1.pdb,CC1=C(O)C(=O)[C@H]2C(C)(C)CCC[C@]2(C)[C@H]1CCc1ccoc1,ab_unsat_carbonyl:1,1,1,,316.4,5.08,1,3,50.4,1
SANC00932_minRM1.pdb,CC1=C(CCc2ccoc2)[C@@]2(C)CCCC(C)(C)[C@@H]2CC1=O,ab_unsat_carbonyl:1,1,1,,300.4,5.33,0,2,30.2,1
SANC00953_minRM1.pdb,COc1cc(/C=C/C(=O)O)ccc1O,ab_unsat_carbonyl:1,1,1,,194.2,1.5,2,3,66.8,1
SANC00962_minRM1.pdb,C=C1C(=O)O[C@@H]2[C@H]3C(C)=CC[C@H]3[C@](C)(O)C[C@H](OC(C)=O)[C@@H]12,ab_unsat_carbonyl:1;exo_methylene_carbonyl:1,2,1,,306.4,1.75,1,5,72.8,0
SANC00964_minRM1.pdb,CC(=O)Cc1cc(=O)c2c(C)cc(O[C@@H]3O[C@H](CO)[C@@H](O)[C@H](O)[C@H]3O)c([C@@H]3O[C@H](CO)[C@@H](O)[C@H](O)[C@H]3OC(=O)/C=C/c3ccccc3)c2o1,ab_unsat_carbonyl:1,1,1,,686.7,-0.81,7,15,242.9,3
SANC00965_minRM1.pdb,CC(=O)Cc1cc(=O)c2c(C)cc(O)c([C@@H]3O[C@H](CO)[C@@H](O)[C@H](O)[C@H]3OC(=O)/C=C/c3ccccc3)c2o1,ab_unsat_carbonyl:1,1,1,,524.5,1.72,4,10,163.7,3
SANC00984_minRM1.pdb,O=C(O)/C=C/c1ccc(O)c(O)c1,ab_unsat_carbonyl:1,1,1,catechol_A(92),180.2,1.2,3,3,77.8,1
SANC00994_minRM1.pdb,C=C1C(=O)O[C@H]2CC(=C)[C@@H](O)CC/C(C)=C\[C@@H](O)[C@@H]12,ab_unsat_carbonyl:1;exo_methylene_carbonyl:1,2,1,,264.3,1.49,2,4,66.8,0
SANC00995_minRM1.pdb,C[C@@H]1CC[C@@]2(C)C(C(=O)O)=CCC[C@@H]2[C@@]1(C)CCc1ccoc1,ab_unsat_carbonyl:1,1,1,,316.4,5.08,1,2,50.4,1
SANC00999_minRM1.pdb,C/C=C1\C[C@@H](C)[C@@](C)(O)C(=O)OCC2=CCN3C[C@@H](OC1=O)[C@@H](O)[C@H]23,ab_unsat_carbonyl:1,1,1,,351.4,0.16,2,7,96.3,0
SANC01000_minRM1.pdb,C/C1=C/C(=O)O[C@@H]2CCN3CC=C(COC(=O)[C@](C)(O)[C@H](C)C1)[C@H]23,ab_unsat_carbonyl:1,1,1,,335.4,1.19,1,6,76.1,0
SANC01001_minRM1.pdb,C[C@]1(OC(=O)/C=C/c2ccccc2)C[C@@H](O)[C@]2(O)C=CO[C@@H](O[C@@H]3O[C@H](CO)[C@@H](O)[C@H](O)[C@H]3O)[C@@H]21,ab_unsat_carbonyl:1,1,1,,494.5,-1.2,6,11,175.4,1
SANC01010_minRM1.pdb,CC(=O)/C=C/C1=C(C)CCCC1(C)C,ab_unsat_carbonyl:1,1,1,,192.3,3.66,0,1,17.1,0
SANC01011_minRM1.pdb,O=C1C=C(O)c2ccccc2C1=O,ab_unsat_carbonyl:1,1,1,imine_one_A(321),174.2,1.35,1,3,54.4,1
SANC01026_minRM1.pdb,CC(C)=CCC1=CC(=O)C=C(C)C1=O,ab_unsat_carbonyl:4;para_quinone:1,5,2,quinone_A(370),190.2,2.37,0,2,34.1,0
SANC01036_minRM1.pdb,COc1ccc([C@@]23C=CC(=O)C[C@@H]2N(C)CC3)cc1OC,ab_unsat_carbonyl:1,1,1,,287.4,2.17,0,4,38.8,1
SANC01040_minRM1.pdb,COC(=O)/C=C/c1ccccc1,ab_unsat_carbonyl:1,1,1,,162.2,1.87,0,2,26.3,1
SANC01049_minRM1.pdb,CC(=O)Cc1cc(=O)c2c(C)cc(O[C@@H]3O[C@H](CO)[C@@H](O)[C@H](O)[C@H]3O)c([C@@H]3O[C@H](CO)[C@@H](O)[C@H](O)[C@H]3OC(=O)/C=C/c3ccc(O)cc3)c2o1,ab_unsat_carbonyl:1,1,1,,702.7,-1.1,8,16,263.1,3
SANC01055_minRM1.pdb,C=C(C)[C@H]1CC=C(C)C(=O)C1,ab_unsat_carbonyl:1,1,1,,150.2,2.49,0,1,17.1,0
SANC01056_minRM1.pdb,C=C(C)[C@@H]1CC=C(C)C(=O)C1,ab_unsat_carbonyl:1,1,1,,150.2,2.49,0,1,17.1,0
SANC01057_minRM1.pdb,CO[C@@]1(CC=C(C)C)C(=O)C(C(=O)CCc2ccccc2)=C(O)C(CC=C(C)C)=C1O,ab_unsat_carbonyl:2,2,1,,424.5,5.49,2,5,83.8,1
SANC01067_minRM1.pdb,COc1ccc(CCO[C@@H]2O[C@H](CO)[C@@H](OC(=O)/C=C/c3ccc(O)c(OC)c3)[C@H](O[C@@H]3O[C@@H](C)[C@H](O)[C@@H](O)[C@H]3O)[C@H]2O)cc1O,ab_unsat_carbonyl:1,1,1,,652.6,-0.41,7,15,223.3,2
SANC01074_minRM1.pdb,CCCCCCCCCCCCCCCCCCCCCCCCCCCCOC(=O)/C=C/c1ccc(O)c(OC)c1,ab_unsat_carbonyl:1,1,1,,586.9,12.12,1,4,55.8,1
SANC01075_minRM1.pdb,C=C1C(=O)O[C@@H]2/C=C(/CO)C3=CC(=O)[C@@](C)(C[C@H](OC(=O)/C(C)=C\C)[C@@H]12)O3,ab_unsat_carbonyl:3;exo_methylene_carbonyl:1,4,1,,374.4,1.53,1,7,99.1,0
SANC01076_minRM1.pdb,C=C1C(=O)O[C@H]2[C@H]1[C@@H](OC(=O)/C(C)=C\C)C[C@@]1(C)OC(=CC1=O)C(=C)[C@H]2O,ab_unsat_carbonyl:3;exo_methylene_carbonyl:1,4,1,,374.4,1.52,1,7,99.1,0
SANC01082_minRM1.pdb,CCCCC/C=C/C=C/C(=O)NCC(C)C,ab_unsat_carbonyl:1,1,1,,223.4,3.45,1,1,29.1,0
SANC01090_minRM1.pdb,O=C(/C=C/c1ccc(O)c(O)c1)O[C@@H]1C[C@](O)(C(=O)O)C[C@@H](O)[C@H]1O,ab_unsat_carbonyl:1,1,1,catechol_A(92),354.3,-0.65,6,8,164.8,1
SANC01104_minRM1.pdb,CC1=CC(=O)C(=C(C)C)CC1,ab_unsat_carbonyl:2,2,1,,150.2,2.63,0,1,17.1,0
SANC01112_minRM1.pdb,O=C(/C=C/c1ccc(O)cc1)NCCc1c[nH]c2ccc(O)cc12,ab_unsat_carbonyl:1,1,1,,322.4,2.95,4,3,85.4,3
SANC01123_minRM1.pdb,CCCCCCCCCCCCCCCCCCCCCCCCCCCCCCCCCCOC(=O)/C=C/c1ccc(O)c(OC)c1,ab_unsat_carbonyl:1,1,1,,671.1,14.46,1,4,55.8,1
SANC01126_minRM1.pdb,C=C1[C@@H]2[C@H]3OC(=O)C(=C)[C@@H]3CCC(=C)[C@@H]2C[C@@H]1OC(C)=O,ab_unsat_carbonyl:1;exo_methylene_carbonyl:1,2,1,,288.3,2.56,0,4,52.6,0
SANC01130_minRM1.pdb,C=C1CC[C@H]2C(=C)CC[C@@H]3C(=C)C(=O)O[C@@H]3[C@@H]12,ab_unsat_carbonyl:1;exo_methylene_carbonyl:1,2,1,,230.3,3.02,0,2,26.3,0
