dataset,substituent,scheme,HOMO_eV,LUMO_eV,hardness_fullgap_eV,chemical_potential_eV,omega_eV,fplus_beta,local_philicity_eV,fplus_alpha_C5,qN_sum,qA_sum,fplus_sum,neutral_job,anion_job
fixed_geometry_check,CN,ESP,-7.09516786793077,-2.818792283239513,4.276375584691257,-4.956980075585141,2.872952922763692,0.15498963828123802,0.44527793429817014,0.18755109197312897,-5.162537064506978e-15,-0.9999999999999978,0.9999999999999932,fc_CN_N.01.mae,fc_CN_A.01.mae
fixed_geometry_check,CN,Mulliken,-7.09516786793077,-2.818792283239513,4.276375584691257,-4.956980075585141,2.872952922763692,0.0895955743587167,0.25740386722056685,0.10870172470827796,-1.1138312494551883e-13,-0.9999999999999817,0.9999999999998705,fc_CN_N.01.mae,fc_CN_A.01.mae
fixed_geometry_check,Cl,ESP,-6.781537422454328,-2.4540594478281643,4.327477974626163,-4.617798435141246,2.46379791100324,0.214316690266822,0.5280330137725245,0.17843701622405406,-1.6930901125533637e-15,-1.0000000000000013,0.9999999999999994,fc_Cl_N.01.mae,fc_Cl_A.01.mae
fixed_geometry_check,Cl,Mulliken,-6.781537422454328,-2.4540594478281643,4.327477974626163,-4.617798435141246,2.46379791100324,0.1121406609757428,0.27629192625055765,0.13218947581110999,-1.4988010832439613e-14,-0.9999999999999667,0.9999999999999514,fc_Cl_N.01.mae,fc_Cl_A.01.mae
fixed_geometry_check,H,ESP,-6.785130377933829,-2.3522928932833023,4.432837484650527,-4.568711635608565,2.35437528238086,0.197467292282718,0.46491211202910804,0.20605272813806497,4.6074255521944e-15,-1.0000000000000056,1.0000000000000098,fc_H_N.01.mae,fc_H_A.01.mae
fixed_geometry_check,H,Mulliken,-6.785130377933829,-2.3522928932833023,4.432837484650527,-4.568711635608565,2.35437528238086,0.12923682623959348,0.30427198927184906,0.119604154738052,-8.845701948700935e-14,-1.0000000000000189,0.9999999999999306,fc_H_N.01.mae,fc_H_A.01.mae
fixed_geometry_check,NO2,ESP,-7.2540796056804995,-3.4054270078867503,3.848652597793749,-5.3297533067836245,3.6904175668459858,0.026281197627083003,0.09698859340073815,0.07908201908605,6.661338147750939e-16,-0.9999999999999953,0.9999999999999962,fc_NO2_N.01.mae,fc_NO2_A.01.mae
fixed_geometry_check,NO2,Mulliken,-7.2540796056804995,-3.4054270078867503,3.848652597793749,-5.3297533067836245,3.6904175668459858,0.013369182025197407,0.0493378642001501,0.04366891760397998,3.2751579226442118e-15,-1.0000000000000766,1.000000000000079,fc_NO2_N.01.mae,fc_NO2_A.01.mae
fixed_geometry_check,OH,ESP,-6.382937196169367,-2.2206371535253413,4.162300042644025,-4.301787174847354,2.2229744021440108,0.16701949149797102,0.3712800542590988,0.21756256260239104,2.1649348980190553e-15,-0.9999999999999993,1.000000000000001,fc_OH_N.01.mae,fc_OH_A.01.mae
fixed_geometry_check,OH,Mulliken,-6.382937196169367,-2.2206371535253413,4.162300042644025,-4.301787174847354,2.2229744021440108,0.1321746055373071,0.2938207647229157,0.12011943704099198,-1.61259894326804e-14,-1.0000000000000389,1.000000000000023,fc_OH_N.01.mae,fc_OH_A.01.mae
fixed_geometry_check,OMe,ESP,-6.293431601517446,-2.215193671881497,4.078237929635948,-4.2543126366994715,2.2189946152058453,0.22154221942516183,0.4916009919451859,0.17920046869098905,-6.938893903907228e-16,-0.9999999999999973,0.9999999999999969,fc_OMe_N.01.mae,fc_OMe_A.01.mae
fixed_geometry_check,OMe,Mulliken,-6.293431601517446,-2.215193671881497,4.078237929635948,-4.2543126366994715,2.2189946152058453,0.12126145261516741,0.2690785103850952,0.13830445857831197,-3.9968028886505635e-14,-1.0000000000000273,0.9999999999999869,fc_OMe_N.01.mae,fc_OMe_A.01.mae
primary,CN,ESP,-7.099129147141396,-2.822409234970069,4.276719912171327,-4.960769191055733,2.87711511068227,0.15450603097709,0.4445316364157285,0.187816892156128,-5.551115123125783e-16,-1.0000000000000024,1.000000000000002,wh_CN_water.01.mae,wh_CN_water_anion.01.mae
primary,Cl,ESP,-6.778571189011981,-2.452788667294053,4.325782521717928,-4.615679928153017,2.4625025752212153,0.21544196306279498,0.5305263888528465,0.17715923851322296,3.608224830031759e-16,-0.999999999999997,0.9999999999999969,wh_Cl_water.01.mae,wh_Cl_water_anion.01.mae
primary,H,ESP,-6.784447168636825,-2.3505903583023864,4.433856810334438,-4.5675187634696055,2.3526050284282087,0.197098912030075,0.46369589153968366,0.20608047820562597,-1.9984014443252818e-15,-1.000000000000005,1.0000000000000029,cinnamate_water.01.mae,cinnamate_water_anion.01.mae
primary,NO2,ESP,-7.257735177156155,-3.405185370780533,3.852549806375622,-5.331460273968344,3.6890462267175206,0.025592223196182998,0.09441089441519149,0.07956025537101602,-8.326672684688674e-16,-1.000000000000005,1.0000000000000042,wh_NO2_water.01.mae,wh_NO2_water_anion.01.mae
primary,OH,ESP,-6.383542572895274,-2.219345594119124,4.16419697877615,-4.3014440835071985,2.2216073468475677,0.16630237808013829,0.3694585849410571,0.21784622852421598,-2.581268532253489e-15,-0.9999999999999993,0.9999999999999972,coumarate_water.01.mae,coumarate_water_anion.01.mae
primary,OMe,ESP,-6.291859189596138,-2.2162944302799823,4.075564759316157,-4.25407680993806,2.220203894869447,0.2229319941042369,0.4949544816012394,0.17771005924251493,-1.3600232051658168e-15,-1.000000000000001,0.9999999999999998,wh_OMe_water.01.mae,wh_OMe_water_anion.01.mae
