dataset,substituent,scheme,region,fplus_sum,atom_labels
fixed_geometry_check,CN,ESP,ester_alkene,0.5371288292558214,C1;O2;C3;O4;C5;C6;H15;H16;H17;H18;H19
fixed_geometry_check,CN,ESP,aryl,0.35155330939537766,C7;C8;C9;C10;C13;C14;H20;H21;H22;H23
fixed_geometry_check,CN,ESP,para_substituent,0.11131786134879407,C11;N12
fixed_geometry_check,CN,Mulliken,ester_alkene,0.5020218493834376,C1;O2;C3;O4;C5;C6;H15;H16;H17;H18;H19
fixed_geometry_check,CN,Mulliken,aryl,0.3923775841047194,C7;C8;C9;C10;C13;C14;H20;H21;H22;H23
fixed_geometry_check,CN,Mulliken,para_substituent,0.10560056651171348,C11;N12
fixed_geometry_check,Cl,ESP,ester_alkene,0.6662309309038013,C1;O2;C3;O4;C5;C6;H14;H15;H16;H17;H18
fixed_geometry_check,Cl,ESP,aryl,0.2523996642113785,C7;C8;C9;C10;C12;C13;H19;H20;H21;H22
fixed_geometry_check,Cl,ESP,para_substituent,0.08136940488482,Cl11
fixed_geometry_check,Cl,Mulliken,ester_alkene,0.6134060402625319,C1;O2;C3;O4;C5;C6;H14;H15;H16;H17;H18
fixed_geometry_check,Cl,Mulliken,aryl,0.32180517130208414,C7;C8;C9;C10;C12;C13;H19;H20;H21;H22
fixed_geometry_check,Cl,Mulliken,para_substituent,0.0647887884353357,Cl11
fixed_geometry_check,H,ESP,ester_alkene,0.6791666300409012,C1;O2;C3;O4;C5;C6;H13;H14;H15;H16;H17
fixed_geometry_check,H,ESP,aryl,0.3208333699591086,C7;C8;C9;C10;C11;C12;H18;H19;H20;H21;H22
fixed_geometry_check,H,ESP,para_substituent,0.0,
fixed_geometry_check,H,Mulliken,ester_alkene,0.6366982300673195,C1;O2;C3;O4;C5;C6;H13;H14;H15;H16;H17
fixed_geometry_check,H,Mulliken,aryl,0.363301769932611,C7;C8;C9;C10;C11;C12;H18;H19;H20;H21;H22
fixed_geometry_check,H,Mulliken,para_substituent,0.0,
fixed_geometry_check,NO2,ESP,ester_alkene,0.1564969165338142,C1;O2;C3;O4;C5;C6;H16;H17;H18;H19;H20
fixed_geometry_check,NO2,ESP,aryl,0.23450977104621698,C7;C8;C9;C10;C14;C15;H21;H22;H23;H24
fixed_geometry_check,NO2,ESP,para_substituent,0.6089933124199649,N11;O12;O13
fixed_geometry_check,NO2,Mulliken,ester_alkene,0.1532433570164593,C1;O2;C3;O4;C5;C6;H16;H17;H18;H19;H20
fixed_geometry_check,NO2,Mulliken,aryl,0.2298961701673688,C7;C8;C9;C10;C14;C15;H21;H22;H23;H24
fixed_geometry_check,NO2,Mulliken,para_substituent,0.616860472816251,N11;O12;O13
fixed_geometry_check,OH,ESP,ester_alkene,0.6757951422900201,C1;O2;C3;O4;C5;C6;H14;H15;H16;H17;H18
fixed_geometry_check,OH,ESP,aryl,0.2622564948058461,C7;C8;C9;C10;C12;C13;H19;H20;H22;H23
fixed_geometry_check,OH,ESP,para_substituent,0.06194836290413508,O11;H21
fixed_geometry_check,OH,Mulliken,ester_alkene,0.643356190394339,C1;O2;C3;O4;C5;C6;H14;H15;H16;H17;H18
fixed_geometry_check,OH,Mulliken,aryl,0.3016147050962172,C7;C8;C9;C10;C12;C13;H19;H20;H22;H23
fixed_geometry_check,OH,Mulliken,para_substituent,0.05502910450946702,O11;H21
fixed_geometry_check,OMe,ESP,ester_alkene,0.7036969666343548,C1;O2;C3;O4;C5;C6;H15;H16;H17;H18;H19
fixed_geometry_check,OMe,ESP,aryl,0.234995999017951,C7;C8;C9;C10;C13;C14;H20;H21;H25;H26
fixed_geometry_check,OMe,ESP,para_substituent,0.06130703434769103,O11;C12;H22;H23;H24
fixed_geometry_check,OMe,Mulliken,ester_alkene,0.6515773368889363,C1;O2;C3;O4;C5;C6;H15;H16;H17;H18;H19
fixed_geometry_check,OMe,Mulliken,aryl,0.2924247696436797,C7;C8;C9;C10;C13;C14;H20;H21;H25;H26
fixed_geometry_check,OMe,Mulliken,para_substituent,0.05599789346737097,O11;C12;H22;H23;H24
primary,CN,ESP,ester_alkene,0.5370470056463741,C1;O2;C3;O4;C5;C6;H15;H16;H17;H18;H19
primary,CN,ESP,aryl,0.35159640913496903,C7;C8;C9;C10;C13;C14;H20;H21;H22;H23
primary,CN,ESP,para_substituent,0.11135658521865899,C11;N12
primary,Cl,ESP,ester_alkene,0.6657535821763438,C1;O2;C3;O4;C5;C6;H14;H15;H16;H17;H18
primary,Cl,ESP,aryl,0.253239788965592,C7;C8;C9;C10;C12;C13;H19;H20;H21;H22
primary,Cl,ESP,para_substituent,0.081006628858061,Cl11
primary,H,ESP,ester_alkene,0.6790154259904979,C1;O2;C3;O4;C5;C6;H13;H14;H15;H16;H17
primary,H,ESP,aryl,0.32098457400950514,C7;C8;C9;C10;C11;C12;H18;H19;H20;H21;H22
primary,H,ESP,para_substituent,0.0,
primary,NO2,ESP,ester_alkene,0.15646517896199014,C1;O2;C3;O4;C5;C6;H16;H17;H18;H19;H20
primary,NO2,ESP,aryl,0.23422704389252202,C7;C8;C9;C10;C14;C15;H21;H22;H23;H24
primary,NO2,ESP,para_substituent,0.609307777145492,N11;O12;O13
primary,OH,ESP,ester_alkene,0.6757173652369411,C1;O2;C3;O4;C5;C6;H14;H15;H16;H17;H18
primary,OH,ESP,aryl,0.26216182437803104,C7;C8;C9;C10;C12;C13;H19;H20;H22;H23
primary,OH,ESP,para_substituent,0.06212081038502504,O11;H21
primary,OMe,ESP,ester_alkene,0.7031752384665526,C1;O2;C3;O4;C5;C6;H15;H16;H17;H18;H19
primary,OMe,ESP,aryl,0.23580316004872004,C7;C8;C9;C10;C13;C14;H20;H21;H25;H26
primary,OMe,ESP,para_substituent,0.061021601484727045,O11;C12;H22;H23;H24
